{
	"credit": "Made with Blockbench",
	"parent": "block/door_top",
	"textures": {
		"top": "block/acacia_door_bottom",
		"particle": "block/acacia_door_bottom"
	},
	"elements": [
		{
			"from": [0, 3, 0],
			"to": [1.5, 15, 3],
			"faces": {
				"north": {"uv": [14.516, 3.016, 15.984, 14.984], "texture": "#top", "cullface": "north"},
				"south": {"uv": [2.984, 1.016, 1.516, 12.984], "texture": "#top"},
				"west": {"uv": [15.984, 1.016, 13.016, 12.984], "texture": "#top", "cullface": "west"}
			}
		},
		{
			"from": [0, 3, 13],
			"to": [1.5, 15, 16],
			"faces": {
				"north": {"uv": [14.984, 3.016, 13.516, 14.984], "texture": "#top"},
				"south": {"uv": [0.016, 1.016, 1.484, 12.984], "texture": "#top", "cullface": "south"},
				"west": {"uv": [2.984, 1.016, 0.016, 12.984], "texture": "#top", "cullface": "west"}
			}
		},
		{
			"from": [0, 0, 0],
			"to": [1.5, 3, 16],
			"faces": {
				"north": {"uv": [14.516, 0.016, 15.984, 2.984], "texture": "#top", "cullface": "north"},
				"south": {"uv": [0.016, 13.016, 1.484, 15.984], "texture": "#top", "cullface": "south"},
				"west": {"uv": [15.984, 13.016, 0.016, 15.984], "texture": "#top", "cullface": "west"},
				"up": {"uv": [0.016, 14.484, 15.984, 13.016], "texture": "#top", "rotation": 90},
				"down": {"uv": [0.016, 15.984, 15.984, 14.516], "texture": "#top", "rotation": 270, "cullface": "down"}
			}
		},
		{
			"from": [0, 15, 0],
			"to": [1.5, 16, 16],
			"faces": {
				"north": {"uv": [14.516, 0.016, 15.984, 0.984], "texture": "#top", "cullface": "north"},
				"south": {"uv": [0.016, 0.016, 1.484, 0.984], "texture": "#top", "cullface": "south"},
				"west": {"uv": [15.984, 0.016, 0.016, 0.984], "texture": "#top", "cullface": "west"},
				"down": {"uv": [0.016, 14.484, 15.984, 13.016], "texture": "#top", "rotation": 90}
			}
		},
		{
			"from": [0, 3, 5],
			"to": [1.5, 15, 7],
			"faces": {
				"north": {"uv": [10.484, 3.016, 9.016, 14.984], "texture": "#top"},
				"south": {"uv": [10.484, 1.016, 9.016, 12.984], "texture": "#top"},
				"west": {"uv": [10.984, 1.016, 9.016, 12.984], "texture": "#top", "cullface": "west"}
			}
		},
		{
			"from": [0, 3, 9],
			"to": [1.5, 15, 11],
			"faces": {
				"north": {"uv": [6.484, 3.016, 5.016, 14.984], "texture": "#top"},
				"south": {"uv": [6.484, 1.016, 5.016, 12.984], "texture": "#top"},
				"west": {"uv": [6.984, 1.016, 5.016, 12.984], "texture": "#top", "cullface": "west"}
			}
		},
		{
			"from": [1.5, 3, 0],
			"to": [3, 15, 3],
			"faces": {
				"north": {"uv": [15.984, 3.016, 14.516, 14.984], "texture": "#top", "cullface": "north"},
				"east": {"uv": [13.016, 1.016, 15.984, 12.984], "texture": "#top"},
				"south": {"uv": [1.516, 1.016, 2.984, 12.984], "texture": "#top"}
			}
		},
		{
			"from": [1.5, 3, 13],
			"to": [3, 15, 16],
			"faces": {
				"north": {"uv": [13.516, 3.016, 14.984, 14.984], "texture": "#top"},
				"east": {"uv": [0.016, 1.016, 2.984, 12.984], "texture": "#top"},
				"south": {"uv": [1.484, 1.016, 0.016, 12.984], "texture": "#top", "cullface": "south"}
			}
		},
		{
			"from": [1.5, 0, 0],
			"to": [3, 3, 16],
			"faces": {
				"north": {"uv": [15.984, 0.016, 14.516, 2.984], "texture": "#top", "cullface": "north"},
				"east": {"uv": [0.016, 13.016, 15.984, 15.984], "texture": "#top"},
				"south": {"uv": [1.484, 13.016, 0.016, 15.984], "texture": "#top", "cullface": "south"},
				"up": {"uv": [15.984, 14.484, 0.016, 13.016], "texture": "#top", "rotation": 270},
				"down": {"uv": [15.984, 15.984, 0.016, 14.516], "texture": "#top", "rotation": 90, "cullface": "down"}
			}
		},
		{
			"from": [1.5, 15, 0],
			"to": [3, 16, 16],
			"faces": {
				"north": {"uv": [15.984, 0.016, 14.516, 0.984], "texture": "#top", "cullface": "north"},
				"east": {"uv": [0.016, 0.016, 15.984, 0.984], "texture": "#top"},
				"south": {"uv": [1.484, 0.016, 0.016, 0.984], "texture": "#top", "cullface": "south"},
				"down": {"uv": [15.984, 14.484, 0.016, 13.016], "texture": "#top", "rotation": 270}
			}
		},
		{
			"from": [1.5, 3, 5],
			"to": [3, 15, 7],
			"faces": {
				"north": {"uv": [9.016, 3.016, 10.484, 14.984], "texture": "#top"},
				"east": {"uv": [9.016, 1.016, 10.984, 12.984], "texture": "#top"},
				"south": {"uv": [9.016, 1.016, 10.484, 12.984], "texture": "#top"}
			}
		},
		{
			"from": [1.5, 3, 9],
			"to": [3, 15, 11],
			"faces": {
				"north": {"uv": [5.016, 3.016, 6.484, 14.984], "texture": "#top"},
				"east": {"uv": [5.016, 1.016, 6.984, 12.984], "texture": "#top"},
				"south": {"uv": [5.016, 1.016, 6.484, 12.984], "texture": "#top"}
			}
		}
	]
}