{
	"credit": "Made with Blockbench",
	"ambientocclusion": false,
	"textures": {
		"1": "block/activator_rail_on",
		"particle": "block/activator_rail_on",
		"east": "block/rail"
	},
	"elements": [
		{
			"from": [4, 8, -1.5],
			"to": [12, 9, 1],
			"rotation": {"angle": -45, "axis": "x", "origin": [8, 9, 8]},
			"faces": {
				"north": {"uv": [11.992, 1.008, 4.008, 1.992], "texture": "#east", "cullface": "false"},
				"south": {"uv": [11.992, 13.008, 4.008, 13.992], "texture": "#east", "cullface": "false"},
				"up": {"uv": [4.008, 14.992, 11.992, 13.008], "texture": "#1", "cullface": "false"},
				"down": {"uv": [4.008, 14.992, 11.992, 13.008], "rotation": 180, "texture": "#east", "cullface": "false"}
			}
		},
		{
			"from": [4, 8, 4],
			"to": [12, 9, 6.5],
			"rotation": {"angle": -45, "axis": "x", "origin": [8, 9, 8]},
			"faces": {
				"north": {"uv": [11.992, 5.008, 4.008, 5.992], "texture": "#east", "cullface": "false"},
				"south": {"uv": [11.992, 9.008, 4.008, 9.992], "texture": "#east", "cullface": "false"},
				"up": {"uv": [4.008, 10.992, 11.992, 9.008], "texture": "#1", "cullface": "false"},
				"down": {"uv": [4.008, 10.992, 11.992, 9.008], "rotation": 180, "texture": "#east", "cullface": "false"}
			}
		},
		{
			"from": [4, 8, 9.5],
			"to": [12, 9, 12],
			"rotation": {"angle": -45, "axis": "x", "origin": [8, 9, 8]},
			"faces": {
				"north": {"uv": [11.992, 9.008, 4.008, 9.992], "texture": "#east", "cullface": "false"},
				"south": {"uv": [11.992, 5.008, 4.008, 5.992], "texture": "#east", "cullface": "false"},
				"up": {"uv": [4.008, 6.992, 11.992, 5.008], "texture": "#1", "cullface": "false"},
				"down": {"uv": [4.008, 6.992, 11.992, 5.008], "rotation": 180, "texture": "#east", "cullface": "false"}
			}
		},
		{
			"from": [4, 8, 15],
			"to": [12, 9, 17.5],
			"rotation": {"angle": -45, "axis": "x", "origin": [8, 9, 8]},
			"faces": {
				"north": {"uv": [11.992, 13.008, 4.008, 13.992], "texture": "#east", "cullface": "false"},
				"south": {"uv": [11.992, 1.008, 4.008, 1.992], "texture": "#east", "cullface": "false"},
				"up": {"uv": [4.008, 2.992, 11.992, 1.008], "texture": "#1", "cullface": "false"},
				"down": {"uv": [4.008, 2.992, 11.992, 1.008], "rotation": 180, "texture": "#east", "cullface": "false"}
			}
		},
		{
			"from": [12, 9, -3.5],
			"to": [14, 9.5, 19.5],
			"rotation": {"angle": -45, "axis": "x", "origin": [8, 9, 8]},
			"faces": {
				"north": {"uv": [13.992, 15.508, 12.008, 15.992], "texture": "#east", "cullface": "false"},
				"east": {"uv": [13.508, 15.992, 13.992, 0.008], "rotation": 90, "texture": "#east", "cullface": "false"},
				"south": {"uv": [13.992, 0.008, 12.008, 0.492], "texture": "#east", "cullface": "false"},
				"west": {"uv": [12.008, 15.992, 12.492, 0.008], "rotation": 270, "texture": "#east", "cullface": "false"},
				"up": {"uv": [12.008, 15.992, 13.992, 0.008], "texture": "#east", "cullface": "false"},
				"down": {"uv": [12.008, 15.992, 13.992, 0.008], "texture": "#east", "cullface": "false"}
			}
		},
		{
			"from": [2, 9, -3.5],
			"to": [4, 9.5, 19.5],
			"rotation": {"angle": -45, "axis": "x", "origin": [8, 9, 8]},
			"faces": {
				"north": {"uv": [3.992, 15.508, 2.008, 15.992], "texture": "#east", "cullface": "false"},
				"east": {"uv": [3.508, 15.992, 3.992, 0.008], "rotation": 90, "texture": "#east", "cullface": "false"},
				"south": {"uv": [3.992, 0.008, 2.008, 0.492], "texture": "#east", "cullface": "false"},
				"west": {"uv": [2.008, 15.992, 2.492, 0.008], "rotation": 270, "texture": "#east", "cullface": "false"},
				"up": {"uv": [2.008, 15.992, 3.992, 0.008], "texture": "#east", "cullface": "false"},
				"down": {"uv": [2.008, 15.992, 3.992, 0.008], "texture": "#east", "cullface": "false"}
			}
		},
		{
			"from": [12, 8, -1.5],
			"to": [15, 9, 1],
			"rotation": {"angle": -45, "axis": "x", "origin": [8, 9, 8]},
			"faces": {
				"north": {"uv": [11.992, 1.008, 9.008, 1.992], "texture": "#east", "cullface": "false"},
				"east": {"uv": [14.992, 14.992, 14.008, 13.008], "rotation": 90, "texture": "#east", "cullface": "false"},
				"south": {"uv": [6.992, 13.008, 4.008, 13.992], "texture": "#east", "cullface": "false"},
				"up": {"uv": [12.008, 14.992, 14.992, 13.008], "texture": "#east", "cullface": "false"},
				"down": {"uv": [4.008, 14.992, 6.992, 13.008], "rotation": 180, "texture": "#east", "cullface": "false"}
			}
		},
		{
			"from": [7, 8.25, 1],
			"to": [9, 8.75, 4],
			"rotation": {"angle": -45, "axis": "x", "origin": [8, 9, 8]},
			"faces": {
				"east": {"uv": [7.008, 11.492, 8.992, 11.008], "rotation": 90, "texture": "#1", "cullface": "false"},
				"west": {"uv": [8.992, 11.008, 7.008, 11.492], "texture": "#1"},
				"up": {"uv": [7.008, 12.992, 8.992, 11.008], "texture": "#1", "cullface": "false"},
				"down": {"uv": [7.008, 12.984, 8.984, 11.008], "rotation": 180, "texture": "#1", "cullface": "false"}
			}
		},
		{
			"from": [7, 8.25, 12],
			"to": [9, 8.75, 15],
			"rotation": {"angle": -45, "axis": "x", "origin": [8, 9, 8]},
			"faces": {
				"east": {"uv": [7.008, 3.492, 8.992, 3.008], "rotation": 90, "texture": "#1", "cullface": "false"},
				"west": {"uv": [8.992, 3.008, 7.008, 3.492], "texture": "#1"},
				"up": {"uv": [7.008, 4.992, 8.992, 3.008], "texture": "#1", "cullface": "false"},
				"down": {"uv": [7.008, 4.984, 8.984, 3.008], "rotation": 180, "texture": "#1", "cullface": "false"}
			}
		},
		{
			"from": [7, 8.25, 6.5],
			"to": [9, 8.75, 9.5],
			"rotation": {"angle": -45, "axis": "x", "origin": [8, 9, 8]},
			"faces": {
				"east": {"uv": [7.008, 7.492, 8.992, 7.008], "rotation": 90, "texture": "#1", "cullface": "false"},
				"west": {"uv": [8.992, 7.008, 7.008, 7.492], "texture": "#1"},
				"up": {"uv": [7.008, 8.992, 8.992, 7.008], "texture": "#1", "cullface": "false"},
				"down": {"uv": [7.008, 8.984, 8.984, 7.008], "rotation": 180, "texture": "#1", "cullface": "false"}
			}
		},
		{
			"from": [1, 8, -1.5],
			"to": [4, 9, 1],
			"rotation": {"angle": -45, "axis": "x", "origin": [8, 9, 8]},
			"faces": {
				"north": {"uv": [6.992, 1.008, 4.008, 1.992], "texture": "#east", "cullface": "false"},
				"south": {"uv": [11.992, 13.008, 9.008, 13.992], "texture": "#east", "cullface": "false"},
				"west": {"uv": [1.992, 14.992, 1.008, 13.008], "rotation": 270, "texture": "#east", "cullface": "false"},
				"up": {"uv": [1.008, 14.992, 3.992, 13.008], "texture": "#east", "cullface": "false"},
				"down": {"uv": [9.008, 14.992, 11.992, 13.008], "rotation": 180, "texture": "#east", "cullface": "false"}
			}
		},
		{
			"from": [1, 8, 4],
			"to": [4, 9, 6.5],
			"rotation": {"angle": -45, "axis": "x", "origin": [8, 9, 8]},
			"faces": {
				"north": {"uv": [6.992, 5.008, 4.008, 5.992], "texture": "#east", "cullface": "false"},
				"south": {"uv": [11.992, 9.008, 9.008, 9.992], "texture": "#east", "cullface": "false"},
				"west": {"uv": [1.992, 10.992, 1.008, 9.008], "rotation": 270, "texture": "#east", "cullface": "false"},
				"up": {"uv": [1.008, 10.992, 3.992, 9.008], "texture": "#east", "cullface": "false"},
				"down": {"uv": [9.008, 10.992, 11.992, 9.008], "rotation": 180, "texture": "#east", "cullface": "false"}
			}
		},
		{
			"from": [12, 8, 4],
			"to": [15, 9, 6.5],
			"rotation": {"angle": -45, "axis": "x", "origin": [8, 9, 8]},
			"faces": {
				"north": {"uv": [11.992, 5.008, 9.008, 5.992], "texture": "#east", "cullface": "false"},
				"east": {"uv": [14.992, 10.992, 14.008, 9.008], "rotation": 90, "texture": "#east", "cullface": "false"},
				"south": {"uv": [6.992, 9.008, 4.008, 9.992], "texture": "#east", "cullface": "false"},
				"up": {"uv": [12.008, 10.992, 14.992, 9.008], "texture": "#east", "cullface": "false"},
				"down": {"uv": [4.008, 10.992, 6.992, 9.008], "rotation": 180, "texture": "#east", "cullface": "false"}
			}
		},
		{
			"from": [1, 8, 9.5],
			"to": [4, 9, 12],
			"rotation": {"angle": -45, "axis": "x", "origin": [8, 9, 8]},
			"faces": {
				"north": {"uv": [6.992, 9.008, 4.008, 9.992], "texture": "#east", "cullface": "false"},
				"south": {"uv": [11.992, 5.008, 9.008, 5.992], "texture": "#east", "cullface": "false"},
				"west": {"uv": [1.992, 6.992, 1.008, 5.008], "rotation": 270, "texture": "#east", "cullface": "false"},
				"up": {"uv": [1.008, 6.992, 3.992, 5.008], "texture": "#east", "cullface": "false"},
				"down": {"uv": [9.008, 6.992, 11.992, 5.008], "rotation": 180, "texture": "#east", "cullface": "false"}
			}
		},
		{
			"from": [12, 8, 9.5],
			"to": [15, 9, 12],
			"rotation": {"angle": -45, "axis": "x", "origin": [8, 9, 8]},
			"faces": {
				"north": {"uv": [11.992, 9.008, 9.008, 9.992], "texture": "#east", "cullface": "false"},
				"east": {"uv": [14.992, 6.992, 14.008, 5.008], "rotation": 90, "texture": "#east", "cullface": "false"},
				"south": {"uv": [6.992, 5.008, 4.008, 5.992], "texture": "#east", "cullface": "false"},
				"up": {"uv": [12.008, 6.992, 14.992, 5.008], "texture": "#east", "cullface": "false"},
				"down": {"uv": [4.008, 6.992, 6.992, 5.008], "rotation": 180, "texture": "#east", "cullface": "false"}
			}
		},
		{
			"from": [1, 8, 15],
			"to": [4, 9, 17.5],
			"rotation": {"angle": -45, "axis": "x", "origin": [8, 9, 8]},
			"faces": {
				"north": {"uv": [6.992, 13.008, 4.008, 13.992], "texture": "#east", "cullface": "false"},
				"south": {"uv": [11.992, 1.008, 9.008, 1.992], "texture": "#east", "cullface": "false"},
				"west": {"uv": [1.992, 2.992, 1.008, 1.008], "rotation": 270, "texture": "#east", "cullface": "false"},
				"up": {"uv": [1.008, 2.992, 3.992, 1.008], "texture": "#east", "cullface": "false"},
				"down": {"uv": [9.008, 2.992, 11.992, 1.008], "rotation": 180, "texture": "#east", "cullface": "false"}
			}
		},
		{
			"from": [12, 8, 15],
			"to": [15, 9, 17.5],
			"rotation": {"angle": -45, "axis": "x", "origin": [8, 9, 8]},
			"faces": {
				"north": {"uv": [11.992, 13.008, 9.008, 13.992], "texture": "#east", "cullface": "false"},
				"east": {"uv": [14.992, 2.992, 14.008, 1.008], "rotation": 90, "texture": "#east", "cullface": "false"},
				"south": {"uv": [6.992, 1.008, 4.008, 1.992], "texture": "#east", "cullface": "false"},
				"up": {"uv": [12.008, 2.992, 14.992, 1.008], "texture": "#east", "cullface": "false"},
				"down": {"uv": [4.008, 2.992, 6.992, 1.008], "rotation": 180, "texture": "#east", "cullface": "false"}
			}
		}
	]
}