{
	"credit": "Made with Blockbench",
	"parent": "block/cube_bottom_top",
	"textures": {
		"top": "block/barrel_top_open",
		"side": "block/barrel_side",
		"bottom": "block/barrel_bottom"
	},
	"elements": [
		{
			"name": "NorthSide",
			"from": [0, 1, 0],
			"to": [16, 16, 1],
			"faces": {
				"north": {"uv": [0, 0, 16, 15], "texture": "#side", "cullface": "north"},
				"east": {"uv": [15, 0, 16, 15], "texture": "#side", "cullface": "east"},
				"south": {"uv": [0, 0, 16, 15], "texture": "#side", "cullface": "up"},
				"west": {"uv": [0, 0, 1, 15], "texture": "#side", "cullface": "west"},
				"up": {"uv": [0, 0, 16, 1], "texture": "#top", "cullface": "up"}
			}
		},
		{
			"name": "SouthSide",
			"from": [0, 1, 15],
			"to": [16, 16, 16],
			"faces": {
				"north": {"uv": [0, 0, 16, 15], "texture": "#side", "cullface": "up"},
				"east": {"uv": [0, 0, 1, 15], "texture": "#side", "cullface": "east"},
				"south": {"uv": [0, 0, 16, 15], "texture": "#side", "cullface": "south"},
				"west": {"uv": [15, 0, 16, 15], "texture": "#side", "cullface": "west"},
				"up": {"uv": [0, 15, 16, 16], "texture": "#top", "cullface": "up"}
			}
		},
		{
			"name": "WestSide",
			"from": [0, 1, 1],
			"to": [1, 16, 15],
			"faces": {
				"east": {"uv": [1, 0, 15, 15], "texture": "#side", "cullface": "up"},
				"west": {"uv": [1, 0, 15, 15], "texture": "#side", "cullface": "west"},
				"up": {"uv": [0, 1, 1, 15], "texture": "#top", "cullface": "up"}
			}
		},
		{
			"name": "EastSide",
			"from": [15, 1, 1],
			"to": [16, 16, 15],
			"faces": {
				"east": {"uv": [1, 0, 15, 15], "texture": "#side", "cullface": "east"},
				"west": {"uv": [1, 0, 15, 15], "texture": "#side", "cullface": "up"},
				"up": {"uv": [15, 1, 16, 15], "texture": "#top", "cullface": "up"}
			}
		},
		{
			"name": "Bottom",
			"from": [1, 1, 1],
			"to": [15, 2, 15],
			"faces": {
				"up": {"uv": [1, 1, 15, 15], "texture": "#top", "cullface": "up"},
				"down": {"uv": [1, 1, 15, 15], "texture": "#bottom", "cullface": "down"}
			}
		},
		{
			"from": [0, 0, 0],
			"to": [16, 1, 1],
			"faces": {
				"north": {"uv": [0, 15, 16, 16], "texture": "#side", "cullface": "north"},
				"east": {"uv": [15, 15, 16, 16], "texture": "#side", "cullface": "east"},
				"south": {"uv": [0, 15, 16, 16], "texture": "#side", "cullface": "down"},
				"west": {"uv": [0, 15, 1, 16], "texture": "#side", "cullface": "west"},
				"down": {"uv": [0, 15, 16, 16], "texture": "#bottom", "cullface": "down"}
			}
		},
		{
			"from": [0, 0, 15],
			"to": [16, 1, 16],
			"faces": {
				"north": {"uv": [0, 15, 16, 16], "texture": "#side", "cullface": "down"},
				"east": {"uv": [0, 15, 1, 16], "texture": "#side", "cullface": "east"},
				"south": {"uv": [0, 15, 16, 16], "texture": "#side", "cullface": "south"},
				"west": {"uv": [15, 15, 16, 16], "texture": "#side", "cullface": "west"},
				"down": {"uv": [0, 0, 16, 1], "texture": "#bottom", "cullface": "down"}
			}
		},
		{
			"from": [0, 0, 1],
			"to": [1, 1, 15],
			"faces": {
				"east": {"uv": [1, 15, 15, 16], "texture": "#side", "cullface": "down"},
				"west": {"uv": [1, 15, 15, 16], "texture": "#side", "cullface": "west"},
				"down": {"uv": [0, 1, 1, 15], "texture": "#bottom", "cullface": "down"}
			}
		},
		{
			"from": [15, 0, 1],
			"to": [16, 1, 15],
			"faces": {
				"east": {"uv": [1, 15, 15, 16], "texture": "#side", "cullface": "east"},
				"west": {"uv": [1, 15, 15, 16], "texture": "#side", "cullface": "down"},
				"down": {"uv": [15, 1, 16, 15], "texture": "#bottom", "cullface": "down"}
			}
		}
	]
}