{
	"credit": "Made with Blockbench",
	"parent": "block/door_top",
	"textures": {
		"top": "block/birch_door_top",
		"particle": "block/birch_door_top"
	},
	"elements": [
		{
			"from": [1, 0, 3],
			"to": [2, 13, 13],
			"faces": {
				"east": {"uv": [12.984, 3.016, 3.016, 15.984], "texture": "#top"},
				"west": {"uv": [3.016, 3.016, 12.984, 15.984], "texture": "#top"}
			}
		},
		{
			"from": [1.5, 13, 0],
			"to": [3, 16, 16],
			"faces": {
				"north": {"uv": [0.016, 0.016, 1.484, 2.984], "texture": "#top", "cullface": "north"},
				"east": {"uv": [15.984, 0.016, 0.016, 2.984], "texture": "#top"},
				"south": {"uv": [14.516, 0.016, 15.984, 2.984], "texture": "#top", "cullface": "south"},
				"up": {"uv": [15.984, 0.016, 0.016, 1.484], "texture": "#top", "rotation": 90, "cullface": "up"},
				"down": {"uv": [15.984, 1.516, 0.016, 2.984], "texture": "#top", "rotation": 90}
			}
		},
		{
			"from": [1.5, 0, 0],
			"to": [3, 13, 3],
			"faces": {
				"north": {"uv": [0.016, 3.016, 1.484, 15.984], "texture": "#top", "cullface": "north"},
				"east": {"uv": [2.984, 3.016, 0.016, 15.984], "texture": "#top"},
				"south": {"uv": [1.516, 3.016, 2.984, 15.984], "texture": "#top"}
			}
		},
		{
			"from": [1.5, 0, 13],
			"to": [3, 13, 16],
			"faces": {
				"north": {"uv": [13.016, 3.016, 14.484, 15.984], "texture": "#top"},
				"east": {"uv": [15.984, 3.016, 13.016, 15.984], "texture": "#top"},
				"south": {"uv": [14.516, 3.016, 15.984, 15.984], "texture": "#top", "cullface": "south"}
			}
		},
		{
			"from": [0, 13, 0],
			"to": [1.5, 16, 16],
			"faces": {
				"north": {"uv": [1.484, 0.016, 0.016, 2.984], "texture": "#top", "cullface": "north"},
				"south": {"uv": [15.984, 0.016, 14.516, 2.984], "texture": "#top", "cullface": "south"},
				"west": {"uv": [0.016, 0.016, 15.984, 2.984], "texture": "#top", "cullface": "west"},
				"up": {"uv": [0.016, 0.016, 15.984, 1.484], "texture": "#top", "rotation": 270, "cullface": "up"},
				"down": {"uv": [0.016, 1.516, 15.984, 2.984], "texture": "#top", "rotation": 90}
			}
		},
		{
			"from": [0, 0, 0],
			"to": [1.5, 13, 3],
			"faces": {
				"north": {"uv": [1.484, 3.016, 0.016, 15.984], "texture": "#top", "cullface": "north"},
				"south": {"uv": [2.984, 3.016, 1.516, 15.984], "texture": "#top"},
				"west": {"uv": [0.016, 3.016, 2.984, 15.984], "texture": "#top", "cullface": "west"}
			}
		},
		{
			"from": [0, 0, 13],
			"to": [1.5, 13, 16],
			"faces": {
				"north": {"uv": [14.484, 3.016, 13.016, 15.984], "texture": "#top"},
				"south": {"uv": [15.984, 3.016, 14.516, 15.984], "texture": "#top", "cullface": "south"},
				"west": {"uv": [13.016, 3.016, 15.984, 15.984], "texture": "#top", "cullface": "west"}
			}
		}
	],
	"groups": [0,
		{
			"name": "group",
			"isOpen": true,
			"shade": true,
			"display": {
				"visibility": true,
				"autouv": true
			},
			"children": [1, 2, 3]
		},
		{
			"name": "group",
			"shade": true,
			"display": {
				"visibility": true,
				"autouv": true
			},
			"children": [4, 5, 6]
		}
	]
}