{
	"credit": "Made with Blockbench",
	"parent": "block/door_top",
	"textures": {
		"top": "block/birch_door_bottom",
		"particle": "block/birch_door_bottom"
	},
	"elements": [
		{
			"from": [1.5, 0, 0],
			"to": [3, 12, 16],
			"faces": {
				"north": {"uv": [0.016, 4.016, 1.484, 15.984], "texture": "#top", "cullface": "north"},
				"east": {"uv": [15.984, 4.016, 0.016, 15.984], "texture": "#top"},
				"south": {"uv": [14.516, 4.016, 15.984, 15.984], "texture": "#top", "cullface": "south"},
				"up": {"uv": [15.984, 4.016, 0.016, 5.484], "texture": "#top", "rotation": 90},
				"down": {"uv": [0.016, 14.516, 15.984, 15.984], "texture": "#top", "rotation": 270, "cullface": "down"}
			}
		},
		{
			"from": [1.5, 12, 13],
			"to": [3, 16, 16],
			"faces": {
				"north": {"uv": [13.016, 0.016, 14.484, 3.984], "texture": "#top"},
				"east": {"uv": [15.984, 0.016, 13.016, 3.984], "texture": "#top"},
				"south": {"uv": [14.516, 0.016, 15.984, 3.984], "texture": "#top", "cullface": "south"}
			}
		},
		{
			"from": [1.5, 12, 0],
			"to": [3, 16, 3],
			"faces": {
				"north": {"uv": [0.016, 0.016, 1.484, 3.984], "texture": "#top", "cullface": "north"},
				"east": {"uv": [2.984, 0.016, 0.016, 3.984], "texture": "#top"},
				"south": {"uv": [1.516, 0.016, 2.984, 3.984], "texture": "#top"}
			}
		},
		{
			"from": [1, 12, 3],
			"to": [2, 16, 13],
			"faces": {
				"east": {"uv": [12.984, 0.016, 3.016, 3.984], "texture": "#top"},
				"west": {"uv": [3.016, 0.016, 12.984, 3.984], "texture": "#top"}
			}
		},
		{
			"from": [0, 0, 0],
			"to": [1.5, 12, 16],
			"faces": {
				"north": {"uv": [1.484, 4.016, 0.016, 15.984], "texture": "#top", "cullface": "north"},
				"south": {"uv": [15.984, 4.016, 14.516, 15.984], "texture": "#top", "cullface": "south"},
				"west": {"uv": [0.016, 4.016, 15.984, 15.984], "texture": "#top", "cullface": "west"},
				"up": {"uv": [0.016, 4.016, 15.984, 5.484], "texture": "#top", "rotation": 270},
				"down": {"uv": [15.984, 14.516, 0.016, 15.984], "texture": "#top", "rotation": 90, "cullface": "down"}
			}
		},
		{
			"from": [0, 12, 13],
			"to": [1.5, 16, 16],
			"faces": {
				"north": {"uv": [14.484, 0.016, 13.016, 3.984], "texture": "#top"},
				"south": {"uv": [15.984, 0.016, 14.516, 3.984], "texture": "#top", "cullface": "south"},
				"west": {"uv": [13.016, 0.016, 15.984, 3.984], "texture": "#top", "cullface": "west"}
			}
		},
		{
			"from": [0, 12, 0],
			"to": [1.5, 16, 3],
			"faces": {
				"north": {"uv": [1.484, 0.016, 0.016, 3.984], "texture": "#top", "cullface": "north"},
				"south": {"uv": [2.984, 0.016, 1.516, 3.984], "texture": "#top"},
				"west": {"uv": [0.016, 0.016, 2.984, 3.984], "texture": "#top", "cullface": "west"}
			}
		}
	],
	"groups": [
		{
			"name": "group",
			"isOpen": true,
			"shade": true,
			"display": {
				"visibility": true,
				"autouv": true
			},
			"children": [0, 1, 2]
		}, 3,
		{
			"name": "group",
			"isOpen": true,
			"shade": true,
			"display": {
				"visibility": true,
				"autouv": true
			},
			"children": [4, 5, 6]
		}
	]
}