{
	"credit": "Made with Blockbench",
	"textures": {
		"top": "block/blast_furnace_top",
		"front": "block/blast_furnace_front_on",
		"side": "block/blast_furnace_side",
		"particle": "block/blast_furnace_side"
	},
	"elements": [
		{
			"from": [0, 0, 1],
			"to": [16, 16, 16],
			"faces": {
				"north": {"uv": [7.5, 8, 8.5, 11.992], "texture": "#front", "cullface": "north"},
				"east": {"uv": [0, 0, 15, 16], "texture": "#side", "cullface": "east"},
				"south": {"uv": [0.004, 0.004, 15.996, 15.996], "texture": "#side", "cullface": "south"},
				"west": {"uv": [1, 0, 16, 16], "texture": "#side", "cullface": "west"},
				"up": {"uv": [0, 1, 16, 16], "texture": "#top", "cullface": "up"},
				"down": {"uv": [0, 0, 16, 15], "texture": "#top", "cullface": "down"}
			}
		},
		{
			"from": [0, 0, 0],
			"to": [16, 2, 1],
			"faces": {
				"north": {"uv": [0, 14, 16, 16], "texture": "#front"},
				"east": {"uv": [15, 14, 16, 16], "texture": "#side"},
				"west": {"uv": [0, 14, 1, 16], "texture": "#side"},
				"up": {"uv": [0, 15, 16, 16], "texture": "#front"},
				"down": {"uv": [0, 15, 16, 16], "texture": "#top"}
			}
		},
		{
			"from": [13, 2, 0],
			"to": [16, 10, 1],
			"faces": {
				"north": {"uv": [0, 6, 3, 14], "texture": "#front"},
				"east": {"uv": [15, 6, 16, 14], "texture": "#side"},
				"west": {"uv": [0, 6, 1, 14], "texture": "#front"},
				"up": {"uv": [0, 0, 3, 1], "texture": "#missing"},
				"down": {"uv": [0, 0, 3, 1], "texture": "#missing"}
			}
		},
		{
			"from": [0, 2, 0],
			"to": [3, 10, 1],
			"faces": {
				"north": {"uv": [13, 6, 16, 14], "texture": "#front"},
				"east": {"uv": [15, 6, 16, 14], "texture": "#front"},
				"west": {"uv": [0, 6, 1, 14], "texture": "#side"},
				"up": {"uv": [0, 0, 3, 1], "texture": "#missing"},
				"down": {"uv": [0, 0, 3, 1], "texture": "#missing"}
			}
		},
		{
			"from": [0, 10, 0],
			"to": [16, 16, 1],
			"faces": {
				"north": {"uv": [0, 0, 16, 6], "texture": "#front"},
				"east": {"uv": [15, 0, 16, 6], "texture": "#side"},
				"west": {"uv": [0, 0, 1, 6], "texture": "#side"},
				"up": {"uv": [0, 0, 16, 1], "texture": "#top"},
				"down": {"uv": [0, 0, 16, 1], "texture": "#front"}
			}
		},
		{
			"from": [3, 9, 0],
			"to": [13, 10, 0.5],
			"rotation": {"angle": 0, "axis": "y", "origin": [8, 8, 9.5]},
			"faces": {
				"north": {"uv": [3, 6, 13, 7], "texture": "#front", "cullface": "north"},
				"east": {"uv": [3.004, 6.004, 3.496, 7.996], "texture": "#front", "cullface": "north"},
				"west": {"uv": [12.504, 6.004, 12.996, 7.996], "texture": "#front", "cullface": "north"},
				"up": {"uv": [3.004, 6.004, 12.996, 6.496], "texture": "#front", "cullface": "north"},
				"down": {"uv": [3, 6.5, 13, 7], "texture": "#front", "cullface": "north"}
			}
		},
		{
			"from": [12, 3, 0],
			"to": [13, 9, 0.5],
			"rotation": {"angle": 0, "axis": "y", "origin": [8, 8, 9.5]},
			"faces": {
				"north": {"uv": [3.004, 8.004, 4.004, 12.004], "texture": "#front", "cullface": "north"},
				"east": {"uv": [3.004, 8.004, 3.496, 11.996], "texture": "#front", "cullface": "north"},
				"west": {"uv": [5.004, 8.004, 5.496, 11.996], "texture": "#front", "cullface": "north"}
			}
		},
		{
			"from": [10.5, 4, 0.5],
			"to": [12, 8, 1],
			"rotation": {"angle": 0, "axis": "y", "origin": [8, 8, 10]},
			"faces": {
				"north": {"uv": [4, 8, 5.5, 12], "texture": "#front", "cullface": "north"},
				"east": {"uv": [3.004, 8.004, 3.496, 11.996], "texture": "#front", "cullface": "north"},
				"west": {"uv": [5.004, 8.004, 5.496, 11.996], "texture": "#front", "cullface": "north"}
			}
		},
		{
			"from": [8.5, 4, 0.5],
			"to": [9.5, 8, 1],
			"rotation": {"angle": 0, "axis": "y", "origin": [8, 8, 10]},
			"faces": {
				"north": {"uv": [6.504, 8.004, 7.496, 11.996], "texture": "#front", "cullface": "north"},
				"east": {"uv": [6.504, 8.004, 6.996, 11.996], "texture": "#front", "cullface": "north"},
				"west": {"uv": [7.004, 8.004, 7.496, 11.996], "texture": "#front", "cullface": "north"}
			}
		},
		{
			"from": [6.5, 4, 0.5],
			"to": [7.5, 8, 1],
			"rotation": {"angle": 0, "axis": "y", "origin": [8, 8, 10]},
			"faces": {
				"north": {"uv": [8.504, 8.004, 9.496, 11.996], "texture": "#front", "cullface": "north"},
				"east": {"uv": [8.504, 8.004, 8.996, 11.996], "texture": "#front", "cullface": "north"},
				"west": {"uv": [9.004, 8.004, 9.496, 11.996], "texture": "#front", "cullface": "north"}
			}
		},
		{
			"from": [3, 3, 0],
			"to": [4, 9, 0.5],
			"rotation": {"angle": 0, "axis": "y", "origin": [8, 8, 9.5]},
			"faces": {
				"north": {"uv": [12, 8, 13, 12], "texture": "#front", "cullface": "north"},
				"east": {"uv": [10.504, 8.004, 10.996, 11.996], "texture": "#front", "cullface": "north"},
				"west": {"uv": [12.504, 8.004, 12.996, 11.996], "texture": "#front", "cullface": "north"}
			}
		},
		{
			"from": [4, 4, 0.5],
			"to": [5.5, 8, 1],
			"rotation": {"angle": 0, "axis": "y", "origin": [8, 8, 10]},
			"faces": {
				"north": {"uv": [10.504, 8.004, 12.004, 12.004], "texture": "#front", "cullface": "north"},
				"east": {"uv": [10.504, 8.004, 10.996, 11.996], "texture": "#front", "cullface": "north"},
				"west": {"uv": [12.504, 8.004, 12.996, 11.996], "texture": "#front", "cullface": "north"}
			}
		},
		{
			"from": [4, 3, 0.5],
			"to": [12, 4, 1],
			"rotation": {"angle": 0, "axis": "y", "origin": [8, 8, 10]},
			"faces": {
				"north": {"uv": [4, 12, 12, 13], "texture": "#front", "cullface": "north"},
				"east": {"uv": [3.004, 12.004, 3.496, 13.996], "texture": "#front", "cullface": "north"},
				"west": {"uv": [12.504, 12.004, 12.996, 13.996], "texture": "#front", "cullface": "north"},
				"up": {"uv": [4, 12, 12, 12.5], "texture": "#front", "cullface": "north"}
			}
		},
		{
			"from": [4, 8, 0.5],
			"to": [12, 9, 1],
			"rotation": {"angle": 0, "axis": "y", "origin": [8, 8, 10]},
			"faces": {
				"north": {"uv": [4, 12, 12, 13], "texture": "#front", "cullface": "north"},
				"east": {"uv": [3.004, 12.004, 3.496, 13.996], "texture": "#front", "cullface": "north"},
				"west": {"uv": [12.504, 12.004, 12.996, 13.996], "texture": "#front", "cullface": "north"},
				"down": {"uv": [4, 7.5, 12, 8], "texture": "#front", "cullface": "north"}
			}
		},
		{
			"from": [3, 2, 0],
			"to": [13, 3, 0.5],
			"rotation": {"angle": 0, "axis": "y", "origin": [8, 8, 9.5]},
			"faces": {
				"north": {"uv": [3, 13, 13, 14], "texture": "#front", "cullface": "north"},
				"east": {"uv": [3.004, 12.004, 3.496, 13.996], "texture": "#front", "cullface": "north"},
				"west": {"uv": [12.504, 12.004, 12.996, 13.996], "texture": "#front", "cullface": "north"},
				"up": {"uv": [3.004, 12.004, 12.996, 12.496], "texture": "#front", "cullface": "north"},
				"down": {"uv": [3.004, 13.504, 12.996, 13.996], "texture": "#front", "cullface": "north"}
			}
		}
	],
	"display": {
		"thirdperson_righthand": {
			"rotation": [75, 45, 0],
			"translation": [0, 2.5, 0],
			"scale": [0.375, 0.375, 0.375]
		},
		"thirdperson_lefthand": {
			"rotation": [75, 45, 0],
			"translation": [0, 2.5, 0],
			"scale": [0.375, 0.375, 0.375]
		},
		"firstperson_righthand": {
			"rotation": [0, 45, 0],
			"scale": [0.4, 0.4, 0.4]
		},
		"firstperson_lefthand": {
			"rotation": [0, 225, 0],
			"scale": [0.4, 0.4, 0.4]
		},
		"ground": {
			"translation": [0, 3, 0],
			"scale": [0.25, 0.25, 0.25]
		},
		"gui": {
			"rotation": [30, 225, 0],
			"scale": [0.625, 0.625, 0.625]
		},
		"head": {
			"translation": [0, -29, 0],
			"scale": [1.6, 1.6, 1.6]
		},
		"fixed": {
			"scale": [0.5, 0.5, 0.5]
		}
	},
	"groups": [0, 1, 2, 3, 4,
		{
			"name": "group",
			"origin": [8, 8, 9],
			"children": [5, 6, 7, 8, 9, 10, 11, 12, 13, 14]
		}
	]
}