{
	"textures": {
		"0": "block/brown_mushroom",
		"1": "block/mushroom_block_inside",
		"3": "custom/mushroom_brown_texture",
		"particle": "block/brown_mushroom"
	},
	"elements": [
		{
			"name": "cube",
			"from": [7, 0, 7],
			"to": [9, 0.5, 9],
			"faces": {
				"north": {
					"uv": [7.032, 15.532, 8.968, 15.968],
					"texture": "#0"
				},
				"east": {
					"uv": [7.032, 15.532, 8.968, 15.968],
					"texture": "#0"
				},
				"south": {
					"uv": [7.032, 15.532, 8.968, 15.968],
					"texture": "#0"
				},
				"west": {
					"uv": [7.032, 15.532, 8.968, 15.968],
					"texture": "#0"
				},
				"up": {
					"uv": [7.532, 15.032, 8.468, 15.968],
					"texture": "#0"
				},
				"down": {
					"uv": [7.532, 15.032, 8.468, 15.968],
					"texture": "#0",
					"cullface": "down"
				}
			},
			"type": "cube"
		},
		{
			"name": "cube",
			"from": [8.01, 2, 6.99],
			"to": [9.02, 3.01, 8],
			"faces": {
				"north": {
					"uv": [7.032, 13.032, 7.468, 13.468],
					"texture": "#0"
				},
				"east": {
					"uv": [7.032, 13.032, 7.468, 13.468],
					"texture": "#0"
				},
				"south": {
					"uv": [7.032, 13.032, 7.468, 13.468],
					"texture": "#0"
				},
				"west": {
					"uv": [7.032, 13.032, 7.468, 13.468],
					"texture": "#0"
				},
				"down": {
					"uv": [7.032, 13.032, 7.468, 13.468],
					"texture": "#0"
				}
			},
			"type": "cube"
		},
		{
			"name": "cube",
			"from": [7.5, 0.5, 7.5],
			"to": [8.5, 3, 8.5],
			"faces": {
				"north": {
					"uv": [7.532, 13.032, 8.468, 15.468],
					"texture": "#0"
				},
				"east": {
					"uv": [7.532, 13.032, 8.468, 15.468],
					"texture": "#0"
				},
				"south": {
					"uv": [7.532, 13.032, 8.468, 15.468],
					"texture": "#0"
				},
				"west": {
					"uv": [7.532, 13.032, 8.468, 15.468],
					"texture": "#0"
				}
			},
			"type": "cube"
		},
		{
			"name": "cube",
			"from": [7, 2.5, 7],
			"to": [9, 3, 9],
			"faces": {
				"north": {
					"uv": [7.032, 13.032, 8.968, 13.468],
					"texture": "#0"
				},
				"east": {
					"uv": [7.032, 13.032, 8.968, 13.468],
					"texture": "#0"
				},
				"south": {
					"uv": [7.032, 13.032, 8.968, 13.468],
					"texture": "#0"
				},
				"west": {
					"uv": [7.032, 13.032, 8.968, 13.468],
					"texture": "#0"
				},
				"down": {
					"uv": [7.532, 13.532, 8.468, 14.468],
					"texture": "#0"
				}
			},
			"type": "cube"
		},
		{
			"name": "cube",
			"from": [4, 3.5, 4.5],
			"to": [12, 4.5, 11.5],
			"faces": {
				"north": {
					"uv": [4.032, 11.532, 11.968, 12.468],
					"texture": "#0"
				},
				"east": {
					"uv": [4.532, 11.532, 11.468, 12.468],
					"texture": "#0"
				},
				"south": {
					"uv": [4.032, 11.532, 11.968, 12.468],
					"texture": "#0"
				},
				"west": {
					"uv": [4.532, 11.532, 11.468, 12.468],
					"texture": "#0"
				},
				"up": {
					"uv": [8.032, 5.032, 15.968, 11.968],
					"texture": "#3",
					"rotation": 90
				},
				"down": {
					"uv": [8.032, 3.032, 15.968, 9.968],
					"texture": "#3",
					"rotation": 270
				}
			},
			"type": "cube"
		},
		{
			"name": "cube",
			"from": [4.5, 3.5, 4],
			"to": [11.5, 4.5, 12],
			"faces": {
				"north": {
					"uv": [4.532, 11.532, 11.468, 12.468],
					"texture": "#0"
				},
				"east": {
					"uv": [4.532, 11.532, 11.468, 12.468],
					"texture": "#0"
				},
				"south": {
					"uv": [4.532, 11.532, 11.468, 12.468],
					"texture": "#0"
				},
				"west": {
					"uv": [4.532, 11.532, 11.468, 12.468],
					"texture": "#0"
				},
				"up": {
					"uv": [9.032, 5.532, 15.968, 13.468],
					"texture": "#3"
				},
				"down": {
					"uv": [0.032, 0.032, 6.968, 7.968],
					"texture": "#3"
				}
			},
			"type": "cube"
		},
		{
			"name": "cube",
			"from": [4.5, 4.5, 4.5],
			"to": [11.5, 5, 11.5],
			"faces": {
				"north": {
					"uv": [4.532, 11.032, 11.468, 11.468],
					"texture": "#0"
				},
				"east": {
					"uv": [4.532, 11.032, 11.468, 11.468],
					"texture": "#0"
				},
				"south": {
					"uv": [4.532, 11.032, 11.468, 11.468],
					"texture": "#0"
				},
				"west": {
					"uv": [4.532, 11.032, 11.468, 11.468],
					"texture": "#0"
				},
				"up": {
					"uv": [0.532, 6.032, 6.468, 11.968],
					"texture": "#3"
				}
			},
			"type": "cube"
		},
		{
			"name": "cube",
			"from": [4.5, 3, 4.5],
			"to": [11.5, 3.5, 11.5],
			"faces": {
				"north": {
					"uv": [4.532, 12.032, 11.468, 12.468],
					"texture": "#0"
				},
				"east": {
					"uv": [4.532, 12.032, 11.468, 12.468],
					"texture": "#0"
				},
				"south": {
					"uv": [4.532, 12.032, 11.468, 12.468],
					"texture": "#0"
				},
				"west": {
					"uv": [4.532, 12.032, 11.468, 12.468],
					"texture": "#0"
				},
				"down": {
					"uv": [4.032, 4.532, 10.968, 11.468],
					"texture": "#1"
				}
			},
			"type": "cube"
		},
		{
			"name": "cube",
			"from": [6.5, 6, 6.5],
			"to": [9.5, 6.5, 9.5],
			"faces": {
				"north": {
					"uv": [6.532, 9.532, 9.468, 9.968],
					"texture": "#0"
				},
				"east": {
					"uv": [6.532, 9.532, 9.468, 9.968],
					"texture": "#0"
				},
				"south": {
					"uv": [6.532, 9.532, 9.468, 9.968],
					"texture": "#0"
				},
				"west": {
					"uv": [6.532, 9.532, 9.468, 9.968],
					"texture": "#0"
				},
				"up": {
					"uv": [7.032, 6.532, 9.968, 9.468],
					"texture": "#3"
				}
			},
			"type": "cube"
		},
		{
			"name": "cube",
			"from": [5.5, 5.5, 5.5],
			"to": [10.5, 6, 10.5],
			"faces": {
				"north": {
					"uv": [5.532, 10.032, 10.468, 10.468],
					"texture": "#0"
				},
				"east": {
					"uv": [5.532, 10.032, 10.468, 10.468],
					"texture": "#0"
				},
				"south": {
					"uv": [5.532, 10.032, 10.468, 10.468],
					"texture": "#0"
				},
				"west": {
					"uv": [5.532, 10.032, 10.468, 10.468],
					"texture": "#0"
				},
				"up": {
					"uv": [5.032, 3.532, 9.968, 8.468],
					"texture": "#3"
				}
			},
			"type": "cube"
		},
		{
			"name": "cube",
			"from": [5, 5, 5],
			"to": [11, 5.5, 11],
			"faces": {
				"north": {
					"uv": [5.032, 10.532, 10.968, 10.968],
					"texture": "#0"
				},
				"east": {
					"uv": [5.032, 10.532, 10.968, 10.968],
					"texture": "#0"
				},
				"south": {
					"uv": [5.032, 10.532, 10.968, 10.968],
					"texture": "#0"
				},
				"west": {
					"uv": [5.032, 10.532, 10.968, 10.968],
					"texture": "#0"
				},
				"up": {
					"uv": [10.032, 0.032, 15.968, 5.968],
					"texture": "#3"
				}
			},
			"type": "cube"
		}
	]
}