{
"__comment": "Fair warning, this format is highly likely to change even more in the future!",
"parent": "block/block_default",
"textures": {
    "particle": "block/dispenser_front",
    "down": "block/furnace_top",
    "up": "block/furnace_top",
    "north": "block/dispenser_front",
    "south": "block/furnace_side",
    "west": "block/furnace_side",
    "east": "block/furnace_side"
},
"elements": [ 
{
    "from": [ 9, 4, 0 ],
    "to": [ 10, 4.5, 1 ],
    "faces": {
        "up":    { "uv": [ 9, 0, 10, 1 ], "texture": "#up" },
        "north": { "uv": [ 10, 11.5, 9, 12 ], "texture": "#north", "cullface": "north" },
        "west":  { "uv": [ 0, 11.5, 1, 12 ], "texture": "#west" }
    }
},
{
    "from": [ 9, 7.5, 0 ],
    "to": [ 10, 8, 1 ],
    "faces": {
        "down":  { "uv": [ 9, 0, 10, 1 ], "texture": "#down" },
        "north": { "uv": [ 10, 8, 9, 8.5 ], "texture": "#north", "cullface": "north" },
        "west":  { "uv": [ 0, 8, 1, 8.5 ], "texture": "#west" }
    }
},
{
    "from": [ 6, 4, 0 ],
    "to": [ 7, 4.5, 1 ],
    "faces": {
        "up":    { "uv": [ 6, 0, 7, 1 ], "texture": "#up" },
        "north": { "uv": [ 7, 11.5, 6, 12 ], "texture": "#north", "cullface": "north" },
        "east":  { "uv": [ 1, 11.5, 0, 12 ], "texture": "#east" }
    }
},
{
    "from": [ 6, 7.5, 0 ],
    "to": [ 7, 8, 1 ],
    "faces": {
        "down":  { "uv": [ 6, 0, 7, 1 ], "texture": "#down" },
        "north": { "uv": [ 7, 8, 6, 8.5 ], "texture": "#north", "cullface": "north" },
        "east":  { "uv": [ 1, 8, 0, 8.5 ], "texture": "#east" }
    }
},
{
    "from": [ 9.5, 4, 0 ],
    "to": [ 10, 5, 1 ],
    "faces": {
        "up":    { "uv": [ 9.5, 0, 10, 1 ], "texture": "#up" },
        "north": { "uv": [ 10, 11, 9.5, 12 ], "texture": "#north", "cullface": "north" },
        "west":  { "uv": [ 0, 11, 1, 12 ], "texture": "#west" }
    }
},
{
    "from": [ 9.5, 7, 0 ],
    "to": [ 10, 8, 1 ],
    "faces": {
        "down":  { "uv": [ 9.5, 0, 10, 1 ], "texture": "#down" },
        "north": { "uv": [ 10, 8, 9.5, 9 ], "texture": "#north", "cullface": "north" },
        "west":  { "uv": [ 0, 8, 1, 9 ], "texture": "#west" }
    }
},
{
    "from": [ 6, 4, 0 ],
    "to": [ 6.5, 5, 1 ],
    "faces": {
        "up":    { "uv": [ 6, 0, 6.5, 1 ], "texture": "#up" },
        "north": { "uv": [ 6.5, 11, 6, 12 ], "texture": "#north", "cullface": "north" },
        "east":  { "uv": [ 1, 11, 0, 12 ], "texture": "#east" }
    }
},
{
    "from": [ 6, 7, 0 ],
    "to": [ 6.5, 8, 1 ],
    "faces": {
        "down":  { "uv": [ 6, 0, 6.5, 1 ], "texture": "#down" },
        "north": { "uv": [ 6.5, 8, 6, 9 ], "texture": "#north", "cullface": "north" },
        "east":  { "uv": [ 1, 8, 0, 9 ], "texture": "#east" }
    }
},
{
    "from": [ 6, 0, 0 ],
    "to": [ 10, 4, 1 ],
    "faces": {
        "down":  { "uv": [ 6, 0, 10, 1 ], "texture": "#down", "cullface": "down" },
        "up":    { "uv": [ 6, 0, 10, 1 ], "texture": "#up" },
        "north": { "uv": [ 10, 12, 6, 16 ], "texture": "#north", "cullface": "north" }
    }
},
{
    "from": [ 10, 0, 0 ],
    "to": [ 16, 12, 1 ],
    "faces": {
        "down":  { "uv": [ 10, 0, 16, 1 ], "texture": "#down", "cullface": "down" },
        "north": { "uv": [ 16, 4, 10, 16 ], "texture": "#north", "cullface": "north" },
        "west":  { "uv": [ 0, 4, 1, 16 ], "texture": "#west" },
        "east":  { "uv": [ 1, 4, 0, 16 ], "texture": "#east", "cullface": "east" }
    }
},
{
    "from": [ 0, 0, 0 ],
    "to": [ 6, 12, 1 ],
    "faces": {
        "down":  { "uv": [ 0, 0, 6, 1 ], "texture": "#down", "cullface": "down" },
        "north": { "uv": [ 6, 4, 0, 16 ], "texture": "#north", "cullface": "north" },
        "west":  { "uv": [ 0, 4, 1, 16 ], "texture": "#west", "cullface": "west" },
        "east":  { "uv": [ 1, 4, 0, 16 ], "texture": "#east" }
    }
},
{
    "from": [ 0, 12, 0 ],
    "to": [ 16, 16, 1 ],
    "faces": {
        "down":  { "uv": [ 0, 0, 16, 1 ], "texture": "#down" },
        "up":    { "uv": [ 0, 0, 16, 1 ], "texture": "#up", "cullface": "up" },
        "north": { "uv": [ 16, 0, 0, 4 ], "texture": "#north", "cullface": "north" },
        "west":  { "uv": [ 0, 0, 1, 4 ], "texture": "#west", "cullface": "west" },
        "east":  { "uv": [ 1, 0, 0, 4 ], "texture": "#east", "cullface": "east" }
    }
},
{
    "from": [ 0, 0, 1 ],
    "to": [ 16, 16, 16 ],
    "faces": {
        "down":  { "uv": [ 0, 0, 16, 15 ], "texture": "#down", "cullface": "down" },
        "up":    { "uv": [ 0, 1, 16, 16 ], "texture": "#up", "cullface": "up" },
        "north": { "uv": [ 0, 0, 16, 16 ], "texture": "#north" },
        "south": { "uv": [ 0, 0, 16, 16 ], "texture": "#south", "cullface": "south" },
        "west":  { "uv": [ 1, 0, 16, 16 ], "texture": "#west", "cullface": "west" },
        "east":  { "uv": [ 0, 0, 15, 16 ], "texture": "#east", "cullface": "east" }
    }
},
{
    "from": [ 6, 8, 0 ],
    "to": [ 10, 12, 1 ],
    "faces": {
        "down":  { "uv": [ 6, 0, 10, 1 ], "texture": "#down" },
        "north": { "uv": [ 10, 4, 6, 8 ], "texture": "#north", "cullface": "north" }
    }
}
]
}