{
"__comment": "Fair warning, this format is highly likely to change even more in the future!",
"textures": {
    "particle": "block/dispenser_front_vertical",
    "down": "block/furnace_top",
    "up": "block/dispenser_front_vertical",
    "north": "block/furnace_top",
    "south": "block/furnace_top",
    "west": "block/furnace_top",
    "east": "block/furnace_top"
},
"elements": [ 
{
    "from": [ 6, 15, 10.5 ],
    "to": [ 7, 16, 11 ],
    "faces": {
        "up":    { "uv": [ 6, 10.5, 7, 11 ], "texture": "#up", "cullface": "up" },
        "north": { "uv": [ 7, 0, 6, 1 ], "texture": "#north" },
        "east":  { "uv": [ 11, 0, 10.5, 1 ], "texture": "#east" }
    }
},
{
    "from": [ 9, 15, 10.5 ],
    "to": [ 10, 16, 11 ],
    "faces": {
        "up":    { "uv": [ 9, 10.5, 10, 11 ], "texture": "#up", "cullface": "up" },
        "north": { "uv": [ 10, 0, 9, 1 ], "texture": "#north" },
        "west":  { "uv": [ 10.5, 0, 11, 1 ], "texture": "#west" }
    }
},
{
    "from": [ 9, 15, 5 ],
    "to": [ 10, 16, 5.5 ],
    "faces": {
        "up":    { "uv": [ 9, 5, 10, 5.5 ], "texture": "#up", "cullface": "up" },
        "south": { "uv": [ 9, 0, 10, 1 ], "texture": "#south" },
        "west":  { "uv": [ 5, 0, 5.5, 1 ], "texture": "#west" }
    }
},
{
    "from": [ 6, 15, 5 ],
    "to": [ 7, 16, 5.5 ],
    "faces": {
        "up":    { "uv": [ 6, 5, 7, 5.5 ], "texture": "#up", "cullface": "up" },
        "south": { "uv": [ 6, 0, 7, 1 ], "texture": "#south" },
        "east":  { "uv": [ 5.5, 0, 5, 1 ], "texture": "#east" }
    }
},
{
    "from": [ 10.5, 15, 9 ],
    "to": [ 11, 16, 10 ],
    "faces": {
        "up":    { "uv": [ 10.5, 9, 11, 10 ], "texture": "#up", "cullface": "up" },
        "north": { "uv": [ 11, 0, 10.5, 1 ], "texture": "#north" },
        "west":  { "uv": [ 9, 0, 10, 1 ], "texture": "#west" }
    }
},
{
    "from": [ 10.5, 15, 6 ],
    "to": [ 11, 16, 7 ],
    "faces": {
        "up":    { "uv": [ 10.5, 6, 11, 7 ], "texture": "#up", "cullface": "up" },
        "south": { "uv": [ 10.5, 0, 11, 1 ], "texture": "#south" },
        "west":  { "uv": [ 6, 0, 7, 1 ], "texture": "#west" }
    }
},
{
    "from": [ 5, 15, 9 ],
    "to": [ 5.5, 16, 10 ],
    "faces": {
        "up":    { "uv": [ 5, 9, 5.5, 10 ], "texture": "#up", "cullface": "up" },
        "north": { "uv": [ 5.5, 0, 5, 1 ], "texture": "#north" },
        "east":  { "uv": [ 10, 0, 9, 1 ], "texture": "#east" }
    }
},
{
    "from": [ 5, 15, 6 ],
    "to": [ 5.5, 16, 7 ],
    "faces": {
        "up":    { "uv": [ 5, 6, 5.5, 7 ], "texture": "#up", "cullface": "up" },
        "south": { "uv": [ 5, 0, 5.5, 1 ], "texture": "#south" },
        "east":  { "uv": [ 7, 0, 6, 1 ], "texture": "#east" }
    }
},
{
    "from": [ 5, 15, 10 ],
    "to": [ 6, 16, 11 ],
    "faces": {
        "up":    { "uv": [ 5, 10, 6, 11 ], "texture": "#up", "cullface": "up" },
        "north": { "uv": [ 6, 0, 5, 1 ], "texture": "#north" },
        "east":  { "uv": [ 11, 0, 10, 1 ], "texture": "#east" }
    }
},
{
    "from": [ 10, 15, 10 ],
    "to": [ 11, 16, 11 ],
    "faces": {
        "up":    { "uv": [ 10, 10, 11, 11 ], "texture": "#up", "cullface": "up" },
        "north": { "uv": [ 11, 0, 10, 1 ], "texture": "#north" },
        "west":  { "uv": [ 10, 0, 11, 1 ], "texture": "#west" }
    }
},
{
    "from": [ 10, 15, 5 ],
    "to": [ 11, 16, 6 ],
    "faces": {
        "up":    { "uv": [ 10, 5, 11, 6 ], "texture": "#up", "cullface": "up" },
        "south": { "uv": [ 10, 0, 11, 1 ], "texture": "#south" },
        "west":  { "uv": [ 5, 0, 6, 1 ], "texture": "#west" }
    }
},
{
    "from": [ 5, 15, 5 ],
    "to": [ 6, 16, 6 ],
    "faces": {
        "up":    { "uv": [ 5, 5, 6, 6 ], "texture": "#up", "cullface": "up" },
        "south": { "uv": [ 5, 0, 6, 1 ], "texture": "#south" },
        "east":  { "uv": [ 6, 0, 5, 1 ], "texture": "#east" }
    }
},
{
    "from": [ 0, 0, 0 ],
    "to": [ 16, 15, 16 ],
    "faces": {
        "down":  { "uv": [ 0, 0, 16, 16 ], "texture": "#down", "cullface": "down" },
        "up":    { "uv": [ 0, 0, 16, 16 ], "texture": "#up" },
        "north": { "uv": [ 16, 1, 0, 16 ], "texture": "#north", "cullface": "north" },
        "south": { "uv": [ 0, 1, 16, 16 ], "texture": "#south", "cullface": "south" },
        "west":  { "uv": [ 0, 1, 16, 16 ], "texture": "#west", "cullface": "west" },
        "east":  { "uv": [ 16, 1, 0, 16 ], "texture": "#east", "cullface": "east" }
    }
},
{
    "from": [ 0, 15, 0 ],
    "to": [ 5, 16, 16 ],
    "faces": {
        "up":    { "uv": [ 0, 0, 5, 16 ], "texture": "#up", "cullface": "up" },
        "north": { "uv": [ 5, 0, 0, 1 ], "texture": "#north", "cullface": "north" },
        "south": { "uv": [ 0, 0, 5, 1 ], "texture": "#south", "cullface": "south" },
        "west":  { "uv": [ 0, 0, 16, 1 ], "texture": "#west", "cullface": "west" },
        "east":  { "uv": [ 16, 0, 0, 1 ], "texture": "#east" }
    }
},
{
    "from": [ 11, 15, 0 ],
    "to": [ 16, 16, 16 ],
    "faces": {
        "up":    { "uv": [ 11, 0, 16, 16 ], "texture": "#up", "cullface": "up" },
        "north": { "uv": [ 16, 0, 11, 1 ], "texture": "#north", "cullface": "north" },
        "south": { "uv": [ 11, 0, 16, 1 ], "texture": "#south", "cullface": "south" },
        "west":  { "uv": [ 0, 0, 16, 1 ], "texture": "#west" },
        "east":  { "uv": [ 16, 0, 0, 1 ], "texture": "#east", "cullface": "east" }
    }
},
{
    "from": [ 5, 15, 11 ],
    "to": [ 11, 16, 16 ],
    "faces": {
        "up":    { "uv": [ 5, 11, 11, 16 ], "texture": "#up", "cullface": "up" },
        "north": { "uv": [ 11, 0, 5, 1 ], "texture": "#north" },
        "south": { "uv": [ 5, 0, 11, 1 ], "texture": "#south", "cullface": "south" }
    }
},
{
    "from": [ 5, 15, 0 ],
    "to": [ 11, 16, 5 ],
    "faces": {
        "up":    { "uv": [ 5, 0, 11, 5 ], "texture": "#up", "cullface": "up" },
        "north": { "uv": [ 11, 0, 5, 1 ], "texture": "#north", "cullface": "north" },
        "south": { "uv": [ 5, 0, 11, 1 ], "texture": "#south" }
    }
}
]
}