{
"__comment": "Fair warning, this format is highly likely to change even more in the future!",
"textures": {
    "particle": "block/dropper_front_vertical",
    "down": "block/dropper_front_vertical",
    "up": "block/furnace_top",
    "north": "block/furnace_top",
    "south": "block/furnace_top",
    "west": "block/furnace_top",
    "east": "block/furnace_top"
},
"elements": [ 
{
    "from": [ 0, 1, 0 ],
    "to": [ 16, 16, 16 ],
    "faces": {
        "down":  { "uv": [ 0, 0, 16, 16 ], "texture": "#down" },
        "up":    { "uv": [ 0, 0, 16, 16 ], "texture": "#up", "cullface": "up" },
        "north": { "uv": [ 16, 0, 0, 15 ], "texture": "#north", "cullface": "north" },
        "south": { "uv": [ 0, 0, 16, 15 ], "texture": "#south", "cullface": "south" },
        "west":  { "uv": [ 0, 0, 16, 15 ], "texture": "#west", "cullface": "west" },
        "east":  { "uv": [ 16, 0, 0, 15 ], "texture": "#east", "cullface": "east" }
    }
},
{
    "from": [ 0, 0, 0 ],
    "to": [ 5, 1, 16 ],
    "faces": {
        "down":  { "uv": [ 0, 0, 5, 16 ], "texture": "#down", "cullface": "down" },
        "north": { "uv": [ 5, 15, 0, 16 ], "texture": "#north", "cullface": "north" },
        "south": { "uv": [ 0, 15, 5, 16 ], "texture": "#south", "cullface": "south" },
        "west":  { "uv": [ 0, 15, 16, 16 ], "texture": "#west", "cullface": "west" },
        "east":  { "uv": [ 16, 15, 0, 16 ], "texture": "#east" }
    }
},
{
    "from": [ 11, 0, 0 ],
    "to": [ 16, 1, 16 ],
    "faces": {
        "down":  { "uv": [ 11, 0, 16, 16 ], "texture": "#down", "cullface": "down" },
        "north": { "uv": [ 16, 15, 11, 16 ], "texture": "#north", "cullface": "north" },
        "south": { "uv": [ 11, 15, 16, 16 ], "texture": "#south", "cullface": "south" },
        "west":  { "uv": [ 0, 15, 16, 16 ], "texture": "#west" },
        "east":  { "uv": [ 16, 15, 0, 16 ], "texture": "#east", "cullface": "east" }
    }
},
{
    "from": [ 5, 0, 10 ],
    "to": [ 11, 1, 16 ],
    "faces": {
        "down":  { "uv": [ 5, 0, 11, 6 ], "texture": "#down", "cullface": "down" },
        "north": { "uv": [ 11, 15, 5, 16 ], "texture": "#north" },
        "south": { "uv": [ 5, 15, 11, 16 ], "texture": "#south", "cullface": "south" }
    }
},
{
    "from": [ 5, 0, 0 ],
    "to": [ 11, 1, 6 ],
    "faces": {
        "down":  { "uv": [ 5, 10, 11, 16 ], "texture": "#down", "cullface": "down" },
        "north": { "uv": [ 11, 15, 5, 16 ], "texture": "#north", "cullface": "north" },
        "south": { "uv": [ 5, 15, 11, 16 ], "texture": "#south" }
    }
}
]
}