{
	"credit": "Made with Blockbench, a free, modern block model editor by JannisX11",
	"parent": "block/block_default",
	"textures": {
		"down": "block/furnace_top",
		"up": "block/furnace_top",
		"north": "block/dropper_front",
		"particle": "block/dropper_front",
		"south": "block/furnace_side",
		"west": "block/furnace_side",
		"east": "block/furnace_side"
	},
	"elements": [
		{
			"name": "cube",
			"from": [5, 6.5, 0],
			"to": [11, 12, 1],
			"faces": {
				"north": {
					"uv": [5, 4, 11, 9.5],
					"texture": "#north",
					"cullface": "north"
				},
				"down": {"uv": [5, 0, 11, 1], "texture": "#down"}
			},
			"_loading": false,
			"type": "cube"
		},
		{
			"name": "cube",
			"from": [0, 0, 1],
			"to": [16, 16, 16],
			"faces": {
				"north": {
					"uv": [0, 0, 16, 16],
					"texture": "#north"
				},
				"east": {
					"uv": [0, 0, 15, 16],
					"texture": "#east",
					"cullface": "east"
				},
				"south": {
					"uv": [0, 0, 16, 16],
					"texture": "#south",
					"cullface": "south"
				},
				"west": {
					"uv": [1, 0, 16, 16],
					"texture": "#west",
					"cullface": "west"
				},
				"up": {
					"uv": [0, 1, 16, 16],
					"texture": "#up",
					"cullface": "up"
				},
				"down": {
					"uv": [0, 0, 16, 15],
					"texture": "#down",
					"cullface": "down"
				}
			},
			"type": "cube"
		},
		{
			"name": "cube",
			"from": [0, 12, 0],
			"to": [16, 16, 1],
			"faces": {
				"north": {
					"uv": [0, 0, 16, 4],
					"texture": "#north",
					"cullface": "north"
				},
				"east": {
					"uv": [1, 0, 0, 4],
					"texture": "#east",
					"cullface": "east"
				},
				"west": {
					"uv": [0, 0, 1, 4],
					"texture": "#west",
					"cullface": "west"
				},
				"up": {
					"uv": [0, 0, 16, 1],
					"texture": "#up",
					"cullface": "up"
				},
				"down": {"uv": [0, 0, 16, 1], "texture": "#down"}
			},
			"type": "cube"
		},
		{
			"name": "cube",
			"from": [0, 0, 0],
			"to": [5, 12, 1],
			"faces": {
				"north": {
					"uv": [11, 4, 16, 16],
					"texture": "#north",
					"cullface": "north"
				},
				"east": {"uv": [1, 4, 0, 16], "texture": "#east"},
				"west": {
					"uv": [0, 4, 1, 16],
					"texture": "#west",
					"cullface": "west"
				},
				"down": {
					"uv": [0, 0, 5, 1],
					"texture": "#down",
					"cullface": "down"
				}
			},
			"type": "cube"
		},
		{
			"name": "cube",
			"from": [11, 0, 0],
			"to": [16, 12, 1],
			"faces": {
				"north": {
					"uv": [0, 4, 5, 16],
					"texture": "#north",
					"cullface": "north"
				},
				"east": {
					"uv": [1, 4, 0, 16],
					"texture": "#east",
					"cullface": "east"
				},
				"west": {"uv": [0, 4, 1, 16], "texture": "#west"},
				"down": {
					"uv": [11, 0, 16, 1],
					"texture": "#down",
					"cullface": "down"
				}
			},
			"type": "cube"
		},
		{
			"name": "cube",
			"from": [5, 0, 0],
			"to": [11, 4, 1],
			"faces": {
				"north": {
					"uv": [5, 12, 11, 16],
					"texture": "#north",
					"cullface": "north"
				},
				"up": {"uv": [6, 0, 10, 1], "texture": "#up"},
				"down": {
					"uv": [6, 0, 10, 1],
					"texture": "#down",
					"cullface": "down"
				}
			},
			"type": "cube"
		},
		{
			"name": "cube",
			"from": [5, 5, 0],
			"to": [6, 5.5, 1],
			"faces": {
				"north": {
					"uv": [10, 10.5, 11, 11],
					"texture": "#north",
					"cullface": "north"
				},
				"east": {
					"uv": [1, 10.5, 0, 11],
					"texture": "#east"
				},
				"up": {"uv": [5, 0, 6, 1], "texture": "#up"}
			},
			"type": "cube"
		},
		{
			"name": "cube",
			"from": [5, 4.5, 0],
			"to": [6.5, 5, 1],
			"faces": {
				"north": {
					"uv": [9.5, 11, 11, 11.5],
					"texture": "#north",
					"cullface": "north"
				},
				"east": {
					"uv": [1, 11, 0, 11.5],
					"texture": "#east"
				},
				"up": {"uv": [5, 0, 6.5, 1], "texture": "#up"}
			},
			"type": "cube"
		},
		{
			"name": "cube",
			"from": [5, 5.5, 0],
			"to": [5.5, 6, 1],
			"faces": {
				"north": {
					"uv": [10.5, 10, 11, 10.5],
					"texture": "#north",
					"cullface": "north"
				},
				"east": {
					"uv": [1, 10, 0, 10.5],
					"texture": "#east"
				},
				"up": {"uv": [5, 0, 5.5, 1], "texture": "#up"}
			},
			"type": "cube"
		},
		{
			"name": "cube",
			"from": [9.5, 4.5, 0],
			"to": [11, 5, 1],
			"faces": {
				"north": {
					"uv": [5, 11, 6.5, 11.5],
					"texture": "#north",
					"cullface": "north"
				},
				"west": {
					"uv": [0, 11, 1, 11.5],
					"texture": "#west"
				},
				"up": {"uv": [9.5, 0, 11, 1], "texture": "#up"}
			},
			"type": "cube"
		},
		{
			"name": "cube",
			"from": [5, 4, 0],
			"to": [7, 4.5, 1],
			"faces": {
				"north": {
					"uv": [9, 11.5, 11, 12],
					"texture": "#north",
					"cullface": "north"
				},
				"east": {
					"uv": [1, 11.5, 0, 12],
					"texture": "#east"
				},
				"up": {"uv": [5, 0, 7, 1], "texture": "#up"}
			},
			"type": "cube"
		},
		{
			"name": "cube",
			"from": [9, 4, 0],
			"to": [11, 4.5, 1],
			"faces": {
				"north": {
					"uv": [5, 11.5, 7, 12],
					"texture": "#north",
					"cullface": "north"
				},
				"west": {
					"uv": [0, 11.5, 1, 12],
					"texture": "#west"
				},
				"up": {"uv": [9, 0, 11, 1], "texture": "#up"}
			},
			"type": "cube"
		},
		{
			"name": "cube",
			"from": [10, 5, 0],
			"to": [11, 5.5, 1],
			"faces": {
				"north": {
					"uv": [5, 10.5, 6, 11],
					"texture": "#north",
					"cullface": "north"
				},
				"west": {
					"uv": [0, 10.5, 1, 11],
					"texture": "#west"
				},
				"up": {"uv": [10, 0, 11, 1], "texture": "#up"}
			},
			"type": "cube"
		},
		{
			"name": "cube",
			"from": [10.5, 5.5, 0],
			"to": [11, 6, 1],
			"faces": {
				"north": {
					"uv": [5, 10, 5.5, 10.5],
					"texture": "#north",
					"cullface": "north"
				},
				"west": {
					"uv": [0, 10, 1, 10.5],
					"texture": "#west"
				},
				"up": {"uv": [10.5, 0, 11, 1], "texture": "#up"}
			},
			"type": "cube"
		}
	]
}