{
"__comment":"Made by Know2Good, part of the 'Default 3D™' resource pack || Official download page: http://www.planetminecraft.com/texture_pack/default-3d-2985741/ || © Know2Good. All rights reserved. ",
"__comment":"No UV-bleed, OK coordinate, OK texture, OK cullface",
"parent": "block/cube_all",
"textures": {
	"block": 	"block/stone",
	"ore": 		"custom/emerald_ore_sparkle",
	"particle":	"block/stone"
},
"elements":[
	{
		"__comment":"The inner block",
		"from":[0,0,0],
		"to":[16,16,16],
		"faces": {
			"down":{"uv":	[-0.01,-0.01,16.01,16.01],"texture":"#block","cullface":"down"},
			"up":{"uv":		[-0.01,-0.01,16.01,16.01],"texture":"#block","cullface":"up"},
			"north":{"uv":	[-0.01,-0.01,16.01,16.01],"texture":"#block","cullface":"north"},
			"south":{"uv":	[-0.01,-0.01,16.01,16.01],"texture":"#block","cullface":"south"},
			"west":{"uv":	[-0.01,-0.01,16.01,16.01],"texture":"#block","cullface":"west"},
			"east":{"uv":	[-0.01,-0.01,16.01,16.01],"texture":"#block","cullface":"east"}
		}
	},
	{
		"__comment":"Top 6,1 to 8,3",
		"from":[6,16,1],
		"to":[8,16.65,3],
		"faces": {
			"up":{"uv":		[6.01,1.01,7.99,2.99],"texture":"#ore","cullface":"up"},
			"north":{"uv":	[6.01,1.01,7.99,1.99],"texture":"#ore","cullface":"up","rotation":180},
			"south":{"uv":	[6.01,2.01,7.99,2.99],"texture":"#ore","cullface":"up"},
			"west":{"uv":	[6.01,1.01,6.99,2.99],"texture":"#ore","cullface":"up","rotation":270},
			"east":{"uv":	[7.01,1.01,7.99,2.99],"texture":"#ore","cullface":"up","rotation":90}
		}
	},
	{
		"__comment":"Top 12,3 to 14,5",
		"from":[12,16,3],
		"to":[14,16.5,5],
		"faces": {
			"up":{"uv":		[12.01,3.01,13.99,4.99],"texture":"#ore","cullface":"up"},
			"north":{"uv":	[12.01,3.01,13.99,3.99],"texture":"#ore","cullface":"up","rotation":180},
			"south":{"uv":	[12.01,4.01,13.99,4.99],"texture":"#ore","cullface":"up"},
			"west":{"uv":	[12.01,3.01,12.99,4.99],"texture":"#ore","cullface":"up","rotation":270},
			"east":{"uv":	[13.01,3.01,13.99,4.99],"texture":"#ore","cullface":"up","rotation":90}
		}
	},
	{
		"__comment":"Top 4,4 to 6,6",
		"from":[4,16,4],
		"to":[6,16.4,6],
		"faces": {
			"up":{"uv":		[4.01,4.01,5.99,5.99],"texture":"#ore","cullface":"up"},
			"north":{"uv":	[4.01,4.01,5.99,4.99],"texture":"#ore","cullface":"up","rotation":180},
			"south":{"uv":	[4.01,5.01,5.99,5.99],"texture":"#ore","cullface":"up"},
			"west":{"uv":	[4.01,4.01,4.99,5.99],"texture":"#ore","cullface":"up","rotation":270},
			"east":{"uv":	[5.01,4.01,5.99,5.99],"texture":"#ore","cullface":"up","rotation":90}
		}
	},
	{
		"__comment":"Top 6,5 to 8,7",
		"from":[6,16,5],
		"to":[8,16.65,7],
		"faces": {
			"up":{"uv":		[6.01,5.01,7.99,6.99],"texture":"#ore","cullface":"up"},
			"north":{"uv":	[6.01,5.01,7.99,5.99],"texture":"#ore","cullface":"up","rotation":180},
			"south":{"uv":	[6.01,6.01,7.99,6.99],"texture":"#ore","cullface":"up"},
			"west":{"uv":	[6.01,5.01,6.99,6.99],"texture":"#ore","cullface":"up","rotation":270},
			"east":{"uv":	[7.01,5.01,7.99,6.99],"texture":"#ore","cullface":"up","rotation":90}
		}
	},
	{
		"__comment":"Top 6,8 to 8,10",
		"from":[6,16,8],
		"to":[8,16.5,10],
		"faces": {
			"up":{"uv":		[6.01,8.01,7.99,9.99],"texture":"#ore","cullface":"up"},
			"north":{"uv":	[6.01,8.01,7.99,8.99],"texture":"#ore","cullface":"up","rotation":180},
			"south":{"uv":	[6.01,9.01,7.99,9.99],"texture":"#ore","cullface":"up"},
			"west":{"uv":	[6.01,8.01,6.99,9.99],"texture":"#ore","cullface":"up","rotation":270},
			"east":{"uv":	[7.01,8.01,7.99,9.99],"texture":"#ore","cullface":"up","rotation":90}
		}
	},
	{
		"__comment":"Top 10,9 to 12,11",
		"from":[10,16,9],
		"to":[12,16.65,11],
		"faces": {
			"up":{"uv":		[10.01,9.01,11.99,10.99],"texture":"#ore","cullface":"up"},
			"north":{"uv":	[10.01,9.01,11.99,9.99],"texture":"#ore","cullface":"up","rotation":180},
			"south":{"uv":	[10.01,10.01,11.99,10.99],"texture":"#ore","cullface":"up"},
			"west":{"uv":	[10.01,9.01,10.99,10.99],"texture":"#ore","cullface":"up","rotation":270},
			"east":{"uv":	[11.01,9.01,11.99,10.99],"texture":"#ore","cullface":"up","rotation":90}
		}
	},
	{
		"__comment":"Top 13,10 to 15,12",
		"from":[13,16,10],
		"to":[15,16.4,12],
		"faces": {
			"up":{"uv":		[13.01,10.01,14.99,11.99],"texture":"#ore","cullface":"up"},
			"north":{"uv":	[13.01,10.01,14.99,10.99],"texture":"#ore","cullface":"up","rotation":180},
			"south":{"uv":	[13.01,11.01,14.99,11.99],"texture":"#ore","cullface":"up"},
			"west":{"uv":	[13.01,10.01,13.99,11.99],"texture":"#ore","cullface":"up","rotation":270},
			"east":{"uv":	[14.01,10.01,14.99,11.99],"texture":"#ore","cullface":"up","rotation":90}
		}
	},
	{
		"__comment":"Top 7,11 to 9,13",
		"from":[7,16,11],
		"to":[9,16.5,13],
		"faces": {
			"up":{"uv":		[7.01,11.01,8.99,12.99],"texture":"#ore","cullface":"up"},
			"north":{"uv":	[7.01,11.01,8.99,11.99],"texture":"#ore","cullface":"up","rotation":180},
			"south":{"uv":	[7.01,12.01,8.99,12.99],"texture":"#ore","cullface":"up"},
			"west":{"uv":	[7.01,11.01,7.99,12.99],"texture":"#ore","cullface":"up","rotation":270},
			"east":{"uv":	[8.01,11.01,8.99,12.99],"texture":"#ore","cullface":"up","rotation":90}
		}
	},
	{
		"__comment":"Top 1,13 to 3,15",
		"from":[1,16,13],
		"to":[3,16.65,15],
		"faces": {
			"up":{"uv":		[1.01,13.01,2.99,14.99],"texture":"#ore","cullface":"up"},
			"north":{"uv":	[1.01,13.01,2.99,13.99],"texture":"#ore","cullface":"up","rotation":180},
			"south":{"uv":	[1.01,14.01,2.99,14.99],"texture":"#ore","cullface":"up"},
			"west":{"uv":	[1.01,13.01,1.99,14.99],"texture":"#ore","cullface":"up","rotation":270},
			"east":{"uv":	[2.01,13.01,2.99,14.99],"texture":"#ore","cullface":"up","rotation":90}
		}
	},
	{
		"__comment":"North 6,1 to 8,3",
		"from":[8,13,-0.65],
		"to":[10,15,0],
		"faces": {
			"up":{"uv":		[6.01,1.01,7.99,1.99],"texture":"#ore","cullface":"north","rotation":180},
			"down":{"uv":	[6.01,2.01,7.99,2.99],"texture":"#ore","cullface":"north","rotation":180},
			"north":{"uv":	[6.01,1.01,7.99,2.99],"texture":"#ore","cullface":"north"},
			"west":{"uv":	[7.01,1.01,7.99,2.99],"texture":"#ore","cullface":"north"},
			"east":{"uv":	[6.01,1.01,6.99,2.99],"texture":"#ore","cullface":"north"}
		}
	},
	{
		"__comment":"North 12,3 to 14,5",
		"from":[2,11,-0.5],
		"to":[4,13,0],
		"faces": {
			"up":{"uv":		[12.01,3.01,13.99,3.99],"texture":"#ore","cullface":"north","rotation":180},
			"down":{"uv":	[12.01,4.01,13.99,4.99],"texture":"#ore","cullface":"north","rotation":180},
			"north":{"uv":	[12.01,3.01,13.99,4.99],"texture":"#ore","cullface":"north"},
			"west":{"uv":	[13.01,3.01,13.99,4.99],"texture":"#ore","cullface":"north"},
			"east":{"uv":	[12.01,3.01,12.99,4.99],"texture":"#ore","cullface":"north"}
		}
	},
	{
		"__comment":"North 4,4 to 6,6",
		"from":[10,10,-0.4],
		"to":[12,12,0],
		"faces": {
			"up":{"uv":		[4.01,4.01,5.99,4.99],"texture":"#ore","cullface":"north","rotation":180},
			"down":{"uv":	[4.01,5.01,5.99,5.99],"texture":"#ore","cullface":"north","rotation":180},
			"north":{"uv":	[4.01,4.01,5.99,5.99],"texture":"#ore","cullface":"north"},
			"west":{"uv":	[5.01,4.01,5.99,5.99],"texture":"#ore","cullface":"north"},
			"east":{"uv":	[4.01,4.01,4.99,5.99],"texture":"#ore","cullface":"north"}
		}
	},
	{
		"__comment":"North 6,5 to 8,7",
		"from":[8,9,-0.65],
		"to":[10,11,0],
		"faces": {
			"up":{"uv":		[6.01,5.01,7.99,5.99],"texture":"#ore","cullface":"north","rotation":180},
			"down":{"uv":	[6.01,6.01,7.99,6.99],"texture":"#ore","cullface":"north","rotation":180},
			"north":{"uv":	[6.01,5.01,7.99,6.99],"texture":"#ore","cullface":"north"},
			"west":{"uv":	[7.01,5.01,7.99,6.99],"texture":"#ore","cullface":"north"},
			"east":{"uv":	[6.01,5.01,6.99,6.99],"texture":"#ore","cullface":"north"}
		}
	},
	{
		"__comment":"North 6,8 to 8,10",
		"from":[8,6,-0.5],
		"to":[10,8,0],
		"faces": {
			"up":{"uv":		[6.01,8.01,7.99,8.99],"texture":"#ore","cullface":"north","rotation":180},
			"down":{"uv":	[6.01,9.01,7.99,9.99],"texture":"#ore","cullface":"north","rotation":180},
			"north":{"uv":	[6.01,8.01,7.99,9.99],"texture":"#ore","cullface":"north"},
			"west":{"uv":	[7.01,8.01,7.99,9.99],"texture":"#ore","cullface":"north"},
			"east":{"uv":	[6.01,8.01,6.99,9.99],"texture":"#ore","cullface":"north"}
		}
	},
	{
		"__comment":"North 10,9 to 12,11",
		"from":[4,5,-0.65],
		"to":[6,7,0],
		"faces": {
			"up":{"uv":		[10.01,9.01,11.99,9.99],"texture":"#ore","cullface":"north","rotation":180},
			"down":{"uv":	[10.01,10.01,11.99,10.99],"texture":"#ore","cullface":"north","rotation":180},
			"north":{"uv":	[10.01,9.01,11.99,10.99],"texture":"#ore","cullface":"north"},
			"west":{"uv":	[11.01,9.01,11.99,10.99],"texture":"#ore","cullface":"north"},
			"east":{"uv":	[10.01,9.01,10.99,10.99],"texture":"#ore","cullface":"north"}
		}
	},
	{
		"__comment":"North 13,10 to 15,12",
		"from":[1,4,-0.4],
		"to":[3,6,0],
		"faces": {
			"up":{"uv":		[13.01,10.01,14.99,10.99],"texture":"#ore","cullface":"north","rotation":180},
			"down":{"uv":	[13.01,11.01,14.99,11.99],"texture":"#ore","cullface":"north","rotation":180},
			"north":{"uv":	[13.01,10.01,14.99,11.99],"texture":"#ore","cullface":"north"},
			"west":{"uv":	[14.01,10.01,14.99,11.99],"texture":"#ore","cullface":"north"},
			"east":{"uv":	[13.01,10.01,13.99,11.99],"texture":"#ore","cullface":"north"}
		}
	},
	{
		"__comment":"North 7,11 to 9,13",
		"from":[7,3,-0.5],
		"to":[9,5,0],
		"faces": {
			"up":{"uv":		[7.01,11.01,8.99,11.99],"texture":"#ore","cullface":"north","rotation":180},
			"down":{"uv":	[7.01,12.01,8.99,12.99],"texture":"#ore","cullface":"north","rotation":180},
			"north":{"uv":	[7.01,11.01,8.99,12.99],"texture":"#ore","cullface":"north"},
			"west":{"uv":	[8.01,11.01,8.99,12.99],"texture":"#ore","cullface":"north"},
			"east":{"uv":	[7.01,11.01,7.99,12.99],"texture":"#ore","cullface":"north"}
		}
	},
	{
		"__comment":"North 1,13 to 3,15",
		"from":[13,1,-0.65],
		"to":[15,3,0],
		"faces": {
			"up":{"uv":		[1.01,13.01,2.99,13.99],"texture":"#ore","cullface":"north","rotation":180},
			"down":{"uv":	[1.01,14.01,2.99,14.99],"texture":"#ore","cullface":"north","rotation":180},
			"north":{"uv":	[1.01,13.01,2.99,14.99],"texture":"#ore","cullface":"north"},
			"west":{"uv":	[2.01,13.01,2.99,14.99],"texture":"#ore","cullface":"north"},
			"east":{"uv":	[1.01,13.01,1.99,14.99],"texture":"#ore","cullface":"north"}
		}
	},
	{
		"__comment":"East 6,1 to 8,3",
		"from":[16,13,8],
		"to":[16.65,15,10],
		"faces": {
			"up":{"uv":		[6.01,1.01,7.99,1.99],"texture":"#ore","cullface":"east","rotation":270},
			"down":{"uv":	[6.01,2.01,7.99,2.99],"texture":"#ore","cullface":"east","rotation":90},
			"north":{"uv":	[7.01,1.01,7.99,2.99],"texture":"#ore","cullface":"east"},
			"south":{"uv":	[6.01,1.01,6.99,2.99],"texture":"#ore","cullface":"east"},
			"east":{"uv":	[6.01,1.01,7.99,2.99],"texture":"#ore","cullface":"east"}
		}
	},
	{
		"__comment":"East 12,3 to 14,5",
		"from":[16,11,2],
		"to":[16.5,13,4],
		"faces": {
			"up":{"uv":		[12.01,3.01,13.99,3.99],"texture":"#ore","cullface":"east","rotation":270},
			"down":{"uv":	[12.01,4.01,13.99,4.99],"texture":"#ore","cullface":"east","rotation":90},
			"north":{"uv":	[13.01,3.01,13.99,4.99],"texture":"#ore","cullface":"east"},
			"south":{"uv":	[12.01,3.01,12.99,4.99],"texture":"#ore","cullface":"east"},
			"east":{"uv":	[12.01,3.01,13.99,4.99],"texture":"#ore","cullface":"east"}
		}
	},
	{
		"__comment":"East 4,4 to 6,6",
		"from":[16,10,10],
		"to":[16.4,12,12],
		"faces": {
			"up":{"uv":		[4.01,4.01,5.99,4.99],"texture":"#ore","cullface":"east","rotation":270},
			"down":{"uv":	[4.01,5.01,5.99,5.99],"texture":"#ore","cullface":"east","rotation":90},
			"north":{"uv":	[5.01,4.01,5.99,5.99],"texture":"#ore","cullface":"east"},
			"south":{"uv":	[4.01,4.01,4.99,5.99],"texture":"#ore","cullface":"east"},
			"east":{"uv":	[4.01,4.01,5.99,5.99],"texture":"#ore","cullface":"east"}
		}
	},
	{
		"__comment":"East 6,5 to 8,7",
		"from":[16,9,8],
		"to":[16.65,11,10],
		"faces": {
			"up":{"uv":		[6.01,5.01,7.99,5.99],"texture":"#ore","cullface":"east","rotation":270},
			"down":{"uv":	[6.01,6.01,7.99,6.99],"texture":"#ore","cullface":"east","rotation":90},
			"north":{"uv":	[7.01,5.01,7.99,6.99],"texture":"#ore","cullface":"east"},
			"south":{"uv":	[6.01,5.01,6.99,6.99],"texture":"#ore","cullface":"east"},
			"east":{"uv":	[6.01,5.01,7.99,6.99],"texture":"#ore","cullface":"east"}
		}
	},
	{
		"__comment":"East 6,8 to 8,10",
		"from":[16,6,8],
		"to":[16.5,8,10],
		"faces": {
			"up":{"uv":		[6.01,8.01,7.99,8.99],"texture":"#ore","cullface":"east","rotation":270},
			"down":{"uv":	[6.01,9.01,7.99,9.99],"texture":"#ore","cullface":"east","rotation":90},
			"north":{"uv":	[7.01,8.01,7.99,9.99],"texture":"#ore","cullface":"east"},
			"south":{"uv":	[6.01,8.01,6.99,9.99],"texture":"#ore","cullface":"east"},
			"east":{"uv":	[6.01,8.01,7.99,9.99],"texture":"#ore","cullface":"east"}
		}
	},
	{
		"__comment":"East 10,9 to 12,11",
		"from":[16,5,4],
		"to":[16.65,7,6],
		"faces": {
			"up":{"uv":		[10.01,9.01,11.99,9.99],"texture":"#ore","cullface":"east","rotation":270},
			"down":{"uv":	[10.01,10.01,11.99,10.99],"texture":"#ore","cullface":"east","rotation":90},
			"north":{"uv":	[11.01,9.01,11.99,10.99],"texture":"#ore","cullface":"east"},
			"south":{"uv":	[10.01,9.01,10.99,10.99],"texture":"#ore","cullface":"east"},
			"east":{"uv":	[10.01,9.01,11.99,10.99],"texture":"#ore","cullface":"east"}
		}
	},
	{
		"__comment":"East 13,10 to 15,12",
		"from":[16,4,1],
		"to":[16.4,6,3],
		"faces": {
			"up":{"uv":		[13.01,10.01,14.99,10.99],"texture":"#ore","cullface":"east","rotation":270},
			"down":{"uv":	[13.01,11.01,14.99,11.99],"texture":"#ore","cullface":"east","rotation":90},
			"north":{"uv":	[14.01,10.01,14.99,11.99],"texture":"#ore","cullface":"east"},
			"south":{"uv":	[13.01,10.01,13.99,11.99],"texture":"#ore","cullface":"east"},
			"east":{"uv":	[13.01,10.01,14.99,11.99],"texture":"#ore","cullface":"east"}
		}
	},
	{
		"__comment":"East 7,11 to 9,13",
		"from":[16,3,7],
		"to":[16.5,5,9],
		"faces": {
			"up":{"uv":		[7.01,11.01,8.99,11.99],"texture":"#ore","cullface":"east","rotation":270},
			"down":{"uv":	[7.01,12.01,8.99,12.99],"texture":"#ore","cullface":"east","rotation":90},
			"north":{"uv":	[8.01,11.01,8.99,12.99],"texture":"#ore","cullface":"east"},
			"south":{"uv":	[7.01,11.01,7.99,12.99],"texture":"#ore","cullface":"east"},
			"east":{"uv":	[7.01,11.01,8.99,12.99],"texture":"#ore","cullface":"east"}
		}
	},
	{
		"__comment":"East 1,13 to 3,15",
		"from":[16,1,13],
		"to":[16.65,3,15],
		"faces": {
			"up":{"uv":		[1.01,13.01,2.99,13.99],"texture":"#ore","cullface":"east","rotation":270},
			"down":{"uv":	[1.01,14.01,2.99,14.99],"texture":"#ore","cullface":"east","rotation":90},
			"north":{"uv":	[2.01,13.01,2.99,14.99],"texture":"#ore","cullface":"east"},
			"south":{"uv":	[1.01,13.01,1.99,14.99],"texture":"#ore","cullface":"east"},
			"east":{"uv":	[1.01,13.01,2.99,14.99],"texture":"#ore","cullface":"east"}
		}
	},
	{
		"__comment":"South 6,1 to 8,3",
		"from":[6,13,16],
		"to":[8,15,16.65],
		"faces": {
			"up":{"uv":		[6.01,1.01,7.99,1.99],"texture":"#ore","cullface":"south"},
			"down":{"uv":	[6.01,2.01,7.99,2.99],"texture":"#ore","cullface":"south"},
			"south":{"uv":	[6.01,1.01,7.99,2.99],"texture":"#ore","cullface":"south"},
			"west":{"uv":	[6.01,1.01,6.99,2.99],"texture":"#ore","cullface":"south"},
			"east":{"uv":	[7.01,1.01,7.99,2.99],"texture":"#ore","cullface":"south"}
		}
	},
	{
		"__comment":"South 12,3 to 14,5",
		"from":[12,11,16],
		"to":[14,13,16.5],
		"faces": {
			"up":{"uv":		[12.01,3.01,13.99,3.99],"texture":"#ore","cullface":"south"},
			"down":{"uv":	[12.01,4.01,13.99,4.99],"texture":"#ore","cullface":"south"},
			"south":{"uv":	[12.01,3.01,13.99,4.99],"texture":"#ore","cullface":"south"},
			"west":{"uv":	[12.01,3.01,12.99,4.99],"texture":"#ore","cullface":"south"},
			"east":{"uv":	[13.01,3.01,13.99,4.99],"texture":"#ore","cullface":"south"}
		}
	},
	{
		"__comment":"South 4,4 to 6,6",
		"from":[4,10,16],
		"to":[6,12,16.4],
		"faces": {
			"up":{"uv":		[4.01,4.01,5.99,4.99],"texture":"#ore","cullface":"south"},
			"down":{"uv":	[4.01,5.01,5.99,5.99],"texture":"#ore","cullface":"south"},
			"south":{"uv":	[4.01,4.01,5.99,5.99],"texture":"#ore","cullface":"south"},
			"west":{"uv":	[4.01,4.01,4.99,5.99],"texture":"#ore","cullface":"south"},
			"east":{"uv":	[5.01,4.01,5.99,5.99],"texture":"#ore","cullface":"south"}
		}
	},
	{
		"__comment":"South 6,5 to 8,7",
		"from":[6,9,16],
		"to":[8,11,16.65],
		"faces": {
			"up":{"uv":		[6.01,5.01,7.99,5.99],"texture":"#ore","cullface":"south"},
			"down":{"uv":	[6.01,6.01,7.99,6.99],"texture":"#ore","cullface":"south"},
			"south":{"uv":	[6.01,5.01,7.99,6.99],"texture":"#ore","cullface":"south"},
			"west":{"uv":	[6.01,5.01,6.99,6.99],"texture":"#ore","cullface":"south"},
			"east":{"uv":	[7.01,5.01,7.99,6.99],"texture":"#ore","cullface":"south"}
		}
	},
	{
		"__comment":"South 6,8 to 8,10",
		"from":[6,6,16],
		"to":[8,8,16.5],
		"faces": {
			"up":{"uv":		[6.01,8.01,7.99,8.99],"texture":"#ore","cullface":"south"},
			"down":{"uv":	[6.01,9.01,7.99,9.99],"texture":"#ore","cullface":"south"},
			"south":{"uv":	[6.01,8.01,7.99,9.99],"texture":"#ore","cullface":"south"},
			"west":{"uv":	[6.01,8.01,6.99,9.99],"texture":"#ore","cullface":"south"},
			"east":{"uv":	[7.01,8.01,7.99,9.99],"texture":"#ore","cullface":"south"}
		}
	},
	{
		"__comment":"South 10,9 to 12,11",
		"from":[10,5,16],
		"to":[12,7,16.65],
		"faces": {
			"up":{"uv":		[10.01,9.01,11.99,9.99],"texture":"#ore","cullface":"south"},
			"down":{"uv":	[10.01,10.01,11.99,10.99],"texture":"#ore","cullface":"south"},
			"south":{"uv":	[10.01,9.01,11.99,10.99],"texture":"#ore","cullface":"south"},
			"west":{"uv":	[10.01,9.01,10.99,10.99],"texture":"#ore","cullface":"south"},
			"east":{"uv":	[11.01,9.01,11.99,10.99],"texture":"#ore","cullface":"south"}
		}
	},
	{
		"__comment":"South 13,10 to 15,12",
		"from":[13,4,16],
		"to":[15,6,16.4],
		"faces": {
			"up":{"uv":		[13.01,10.01,14.99,10.99],"texture":"#ore","cullface":"south"},
			"down":{"uv":	[13.01,11.01,14.99,11.99],"texture":"#ore","cullface":"south"},
			"south":{"uv":	[13.01,10.01,14.99,11.99],"texture":"#ore","cullface":"south"},
			"west":{"uv":	[13.01,10.01,13.99,11.99],"texture":"#ore","cullface":"south"},
			"east":{"uv":	[14.01,10.01,14.99,11.99],"texture":"#ore","cullface":"south"}
		}
	},
	{
		"__comment":"South 7,11 to 9,13",
		"from":[7,3,16],
		"to":[9,5,16.5],
		"faces": {
			"up":{"uv":		[7.01,11.01,8.99,11.99],"texture":"#ore","cullface":"south"},
			"down":{"uv":	[7.01,12.01,8.99,12.99],"texture":"#ore","cullface":"south"},
			"south":{"uv":	[7.01,11.01,8.99,12.99],"texture":"#ore","cullface":"south"},
			"west":{"uv":	[7.01,11.01,7.99,12.99],"texture":"#ore","cullface":"south"},
			"east":{"uv":	[8.01,11.01,8.99,12.99],"texture":"#ore","cullface":"south"}
		}
	},
	{
		"__comment":"South 1,13 to 3,15",
		"from":[1,1,16],
		"to":[3,3,16.65],
		"faces": {
			"up":{"uv":		[1.01,13.01,2.99,13.99],"texture":"#ore","cullface":"south"},
			"down":{"uv":	[1.01,14.01,2.99,14.99],"texture":"#ore","cullface":"south"},
			"south":{"uv":	[1.01,13.01,2.99,14.99],"texture":"#ore","cullface":"south"},
			"west":{"uv":	[1.01,13.01,1.99,14.99],"texture":"#ore","cullface":"south"},
			"east":{"uv":	[2.01,13.01,2.99,14.99],"texture":"#ore","cullface":"south"}
		}
	},
	{
		"__comment":"West 6,1 to 8,3",
		"from":[-0.65,13,6],
		"to":[1,15,8],
		"faces": {
			"up":{"uv":		[6.01,1.01,7.99,1.99],"texture":"#ore","cullface":"west","rotation":90},
			"down":{"uv":	[6.01,2.01,7.99,2.99],"texture":"#ore","cullface":"west","rotation":270},
			"north":{"uv":	[6.01,1.01,6.99,2.99],"texture":"#ore","cullface":"west"},
			"south":{"uv":	[7.01,1.01,7.99,2.99],"texture":"#ore","cullface":"west"},
			"west":{"uv":	[6.01,1.01,7.99,2.99],"texture":"#ore","cullface":"west"}
		}
	},
	{
		"__comment":"West 12,3 to 14,5",
		"from":[-0.5,11,12],
		"to":[1,13,14],
		"faces": {
			"up":{"uv":		[12.01,3.01,13.99,3.99],"texture":"#ore","cullface":"west","rotation":90},
			"down":{"uv":	[12.01,4.01,13.99,4.99],"texture":"#ore","cullface":"west","rotation":270},
			"north":{"uv":	[12.01,3.01,12.99,4.99],"texture":"#ore","cullface":"west"},
			"south":{"uv":	[13.01,3.01,13.99,4.99],"texture":"#ore","cullface":"west"},
			"west":{"uv":	[12.01,3.01,13.99,4.99],"texture":"#ore","cullface":"west"}
		}
	},
	{
		"__comment":"West 4,4 to 6,6",
		"from":[-0.4,10,4],
		"to":[1,12,6],
		"faces": {
			"up":{"uv":		[4.01,4.01,5.99,4.99],"texture":"#ore","cullface":"west","rotation":90},
			"down":{"uv":	[4.01,5.01,5.99,5.99],"texture":"#ore","cullface":"west","rotation":270},
			"north":{"uv":	[4.01,4.01,4.99,5.99],"texture":"#ore","cullface":"west"},
			"south":{"uv":	[5.01,4.01,5.99,5.99],"texture":"#ore","cullface":"west"},
			"west":{"uv":	[4.01,4.01,5.99,5.99],"texture":"#ore","cullface":"west"}
		}
	},
	{
		"__comment":"West 6,5 to 8,7",
		"from":[-0.65,9,6],
		"to":[1,11,8],
		"faces": {
			"up":{"uv":		[6.01,5.01,7.99,5.99],"texture":"#ore","cullface":"west","rotation":90},
			"down":{"uv":	[6.01,6.01,7.99,6.99],"texture":"#ore","cullface":"west","rotation":270},
			"north":{"uv":	[6.01,5.01,6.99,6.99],"texture":"#ore","cullface":"west"},
			"south":{"uv":	[7.01,5.01,7.99,6.99],"texture":"#ore","cullface":"west"},
			"west":{"uv":	[6.01,5.01,7.99,6.99],"texture":"#ore","cullface":"west"}
		}
	},
	{
		"__comment":"West 6,8 to 8,10",
		"from":[-0.5,6,6],
		"to":[1,8,8],
		"faces": {
			"up":{"uv":		[6.01,8.01,7.99,8.99],"texture":"#ore","cullface":"west","rotation":90},
			"down":{"uv":	[6.01,9.01,7.99,9.99],"texture":"#ore","cullface":"west","rotation":270},
			"north":{"uv":	[6.01,8.01,6.99,9.99],"texture":"#ore","cullface":"west"},
			"south":{"uv":	[7.01,8.01,7.99,9.99],"texture":"#ore","cullface":"west"},
			"west":{"uv":	[6.01,8.01,7.99,9.99],"texture":"#ore","cullface":"west"}
		}
	},
	{
		"__comment":"West 10,9 to 12,11",
		"from":[-0.65,5,10],
		"to":[1,7,12],
		"faces": {
			"up":{"uv":		[10.01,9.01,11.99,9.99],"texture":"#ore","cullface":"west","rotation":90},
			"down":{"uv":	[10.01,10.01,11.99,10.99],"texture":"#ore","cullface":"west","rotation":270},
			"north":{"uv":	[10.01,9.01,10.99,10.99],"texture":"#ore","cullface":"west"},
			"south":{"uv":	[11.01,9.01,11.99,10.99],"texture":"#ore","cullface":"west"},
			"west":{"uv":	[10.01,9.01,11.99,10.99],"texture":"#ore","cullface":"west"}
		}
	},
	{
		"__comment":"West 13,10 to 15,12",
		"from":[-0.4,4,13],
		"to":[1,6,15],
		"faces": {
			"up":{"uv":		[10.01,9.01,11.99,9.99],"texture":"#ore","cullface":"west","rotation":90},
			"down":{"uv":	[10.01,10.01,11.99,10.99],"texture":"#ore","cullface":"west","rotation":270},
			"north":{"uv":	[10.01,9.01,10.99,10.99],"texture":"#ore","cullface":"west"},
			"south":{"uv":	[11.01,9.01,11.99,10.99],"texture":"#ore","cullface":"west"},
			"west":{"uv":	[10.01,9.01,11.99,10.99],"texture":"#ore","cullface":"west"}
		}
	},
	{
		"__comment":"West 7,11 to 9,13",
		"from":[-0.5,3,7],
		"to":[1,5,9],
		"faces": {
			"up":{"uv":		[7.01,11.01,8.99,11.99],"texture":"#ore","cullface":"west","rotation":90},
			"down":{"uv":	[7.01,12.01,8.99,12.99],"texture":"#ore","cullface":"west","rotation":270},
			"north":{"uv":	[7.01,11.01,7.99,12.99],"texture":"#ore","cullface":"west"},
			"south":{"uv":	[8.01,11.01,8.99,12.99],"texture":"#ore","cullface":"west"},
			"west":{"uv":	[7.01,11.01,8.99,12.99],"texture":"#ore","cullface":"west"}
		}
	},
	{
		"__comment":"West 1,13 to 3,15",
		"from":[-0.65,1,1],
		"to":[1,3,3],
		"faces": {
			"up":{"uv":		[1.01,13.01,2.99,13.99],"texture":"#ore","cullface":"west","rotation":90},
			"down":{"uv":	[1.01,14.01,2.99,14.99],"texture":"#ore","cullface":"west","rotation":270},
			"north":{"uv":	[1.01,13.01,1.99,14.99],"texture":"#ore","cullface":"west"},
			"south":{"uv":	[2.01,13.01,2.99,14.99],"texture":"#ore","cullface":"west"},
			"west":{"uv":	[1.01,13.01,2.99,14.99],"texture":"#ore","cullface":"west"}
		}
	},
	{
		"__comment":"Bottom 6,1 to 8,3",
		"from":[6,-0.65,13],
		"to":[8,0,15],
		"faces": {
			"down":{"uv":	[6.01,1.01,7.99,2.99],"texture":"#ore","cullface":"down"},
			"north":{"uv":	[6.01,2.01,7.99,2.99],"texture":"#ore","cullface":"down","rotation":180},
			"south":{"uv":	[6.01,1.01,7.99,1.99],"texture":"#ore","cullface":"down"},
			"west":{"uv":	[6.01,1.01,6.99,2.99],"texture":"#ore","cullface":"down","rotation":90},
			"east":{"uv":	[7.01,1.01,7.99,2.99],"texture":"#ore","cullface":"down","rotation":270}
		}
	},
	{
		"__comment":"Bottom 12,3 to 14,5",
		"from":[12,-0.5,11],
		"to":[14,0,13],
		"faces": {
			"down":{"uv":	[12.01,3.01,13.99,4.99],"texture":"#ore","cullface":"down"},
			"north":{"uv":	[12.01,4.01,13.99,4.99],"texture":"#ore","cullface":"down","rotation":180},
			"south":{"uv":	[12.01,3.01,13.99,3.99],"texture":"#ore","cullface":"down"},
			"west":{"uv":	[12.01,3.01,12.99,4.99],"texture":"#ore","cullface":"down","rotation":90},
			"east":{"uv":	[13.01,3.01,13.99,4.99],"texture":"#ore","cullface":"down","rotation":270}
		}
	},
	{
		"__comment":"Bottom 4,4 to 6,6",
		"from":[4,-0.4,10],
		"to":[6,0,12],
		"faces": {
			"down":{"uv":	[4.01,4.01,5.99,5.99],"texture":"#ore","cullface":"down"},
			"north":{"uv":	[4.01,5.01,5.99,5.99],"texture":"#ore","cullface":"down","rotation":180},
			"south":{"uv":	[4.01,4.01,5.99,4.99],"texture":"#ore","cullface":"down"},
			"west":{"uv":	[4.01,4.01,4.99,5.99],"texture":"#ore","cullface":"down","rotation":90},
			"east":{"uv":	[5.01,4.01,5.99,5.99],"texture":"#ore","cullface":"down","rotation":270}
		}
	},
	{
		"__comment":"Bottom 6,5 to 8,7",
		"from":[6,-0.65,9],
		"to":[8,0,11],
		"faces": {
			"down":{"uv":	[6.01,5.01,7.99,6.99],"texture":"#ore","cullface":"down"},
			"north":{"uv":	[6.01,6.01,7.99,6.99],"texture":"#ore","cullface":"down","rotation":180},
			"south":{"uv":	[6.01,5.01,7.99,5.99],"texture":"#ore","cullface":"down"},
			"west":{"uv":	[6.01,5.01,6.99,6.99],"texture":"#ore","cullface":"down","rotation":90},
			"east":{"uv":	[7.01,5.01,7.99,6.99],"texture":"#ore","cullface":"down","rotation":270}
		}
	},
	{
		"__comment":"Bottom 6,8 to 8,10",
		"from":[6,-0.5,6],
		"to":[8,0,8],
		"faces": {
			"down":{"uv":	[6.01,8.01,7.99,9.99],"texture":"#ore","cullface":"down"},
			"north":{"uv":	[6.01,9.01,7.99,9.99],"texture":"#ore","cullface":"down","rotation":180},
			"south":{"uv":	[6.01,8.01,7.99,8.99],"texture":"#ore","cullface":"down"},
			"west":{"uv":	[6.01,8.01,6.99,9.99],"texture":"#ore","cullface":"down","rotation":90},
			"east":{"uv":	[7.01,8.01,7.99,9.99],"texture":"#ore","cullface":"down","rotation":270}
		}
	},
	{
		"__comment":"Bottom 10,9 to 12,11",
		"from":[10,-0.65,5],
		"to":[12,0,7],
		"faces": {
			"down":{"uv":	[10.01,9.01,11.99,10.99],"texture":"#ore","cullface":"down"},
			"north":{"uv":	[10.01,10.01,11.99,10.99],"texture":"#ore","cullface":"down","rotation":180},
			"south":{"uv":	[10.01,9.01,11.99,9.99],"texture":"#ore","cullface":"down"},
			"west":{"uv":	[10.01,9.01,10.99,10.99],"texture":"#ore","cullface":"down","rotation":90},
			"east":{"uv":	[11.01,9.01,11.99,10.99],"texture":"#ore","cullface":"down","rotation":270}
		}
	},
	{
		"__comment":"Bottom 13,10 to 15,12",
		"from":[13,-0.4,4],
		"to":[15,0,6],
		"faces": {
			"down":{"uv":	[13.01,10.01,14.99,11.99],"texture":"#ore","cullface":"down"},
			"north":{"uv":	[13.01,11.01,14.99,11.99],"texture":"#ore","cullface":"down","rotation":180},
			"south":{"uv":	[13.01,10.01,14.99,10.99],"texture":"#ore","cullface":"down"},
			"west":{"uv":	[13.01,10.01,13.99,11.99],"texture":"#ore","cullface":"down","rotation":90},
			"east":{"uv":	[14.01,10.01,14.99,11.99],"texture":"#ore","cullface":"down","rotation":270}
		}
	},
	{
		"__comment":"Bottom 7,11 to 9,13",
		"from":[7,-0.5,3],
		"to":[9,0,5],
		"faces": {
			"down":{"uv":	[7.01,11.01,8.99,12.99],"texture":"#ore","cullface":"down"},
			"north":{"uv":	[7.01,12.01,8.99,12.99],"texture":"#ore","cullface":"down","rotation":180},
			"south":{"uv":	[7.01,11.01,8.99,11.99],"texture":"#ore","cullface":"down"},
			"west":{"uv":	[7.01,11.01,7.99,12.99],"texture":"#ore","cullface":"down","rotation":90},
			"east":{"uv":	[8.01,11.01,8.99,12.99],"texture":"#ore","cullface":"down","rotation":270}
		}
	},
	{
		"__comment":"Bottom 1,13 to 3,15",
		"from":[1,-0.65,1],
		"to":[3,0,3],
		"faces": {
			"down":{"uv":	[1.01,13.01,2.99,14.99],"texture":"#ore","cullface":"down"},
			"north":{"uv":	[1.01,14.01,2.99,14.99],"texture":"#ore","cullface":"down","rotation":180},
			"south":{"uv":	[1.01,13.01,2.99,13.99],"texture":"#ore","cullface":"down"},
			"west":{"uv":	[1.01,13.01,1.99,14.99],"texture":"#ore","cullface":"down","rotation":90},
			"east":{"uv":	[2.01,13.01,2.99,14.99],"texture":"#ore","cullface":"down","rotation":270}
            }
        }
    ]
}