{
	"credit": "Made with Blockbench",
	"parent": "block/block",
	"textures": {
		"1": "block/glass",
		"2": "block/torch",
		"all": "block/lantern",
		"particle": "block/lantern"
	},
	"elements": [
		{
			"from": [6, 9, 6],
			"to": [10, 10, 10],
			"rotation": {"angle": 0, "axis": "y", "origin": [8, 9, 8]},
			"faces": {
				"north": {"uv": [1.004, 0.004, 4.996, 0.996], "texture": "#all"},
				"east": {"uv": [1.004, 0.004, 4.996, 0.996], "texture": "#all"},
				"south": {"uv": [1.004, 0.004, 4.996, 0.996], "texture": "#all"},
				"west": {"uv": [1.004, 0.004, 4.996, 0.996], "texture": "#all"},
				"up": {"uv": [1.004, 10.004, 4.996, 13.996], "texture": "#all"}
			}
		},
		{
			"from": [5, 1, 5],
			"to": [11, 2, 11],
			"rotation": {"angle": 0, "axis": "y", "origin": [8, 9, 8]},
			"faces": {
				"north": {"uv": [0.004, 8.004, 5.996, 8.996], "texture": "#all"},
				"east": {"uv": [0.004, 8.004, 5.996, 8.996], "texture": "#all"},
				"south": {"uv": [0.004, 8.004, 5.996, 8.996], "texture": "#all"},
				"west": {"uv": [0.004, 8.004, 5.996, 8.996], "texture": "#all"},
				"up": {"uv": [0.004, 9.004, 5.996, 14.996], "texture": "#all"},
				"down": {"uv": [0.004, 9.004, 5.996, 14.996], "texture": "#all"}
			}
		},
		{
			"from": [5, 7, 5],
			"to": [11, 8, 11],
			"rotation": {"angle": 0, "axis": "y", "origin": [8, 9, 8]},
			"faces": {
				"north": {"uv": [0.004, 2.004, 5.996, 2.996], "texture": "#all"},
				"east": {"uv": [0.004, 2.004, 5.996, 2.996], "texture": "#all"},
				"south": {"uv": [0.004, 2.004, 5.996, 2.996], "texture": "#all"},
				"west": {"uv": [0.004, 2.004, 5.996, 2.996], "texture": "#all"},
				"up": {"uv": [0.004, 9.004, 5.996, 14.996], "texture": "#all"},
				"down": {"uv": [0.004, 9.004, 5.996, 14.996], "texture": "#all"}
			}
		},
		{
			"from": [5.5, 8, 5.5],
			"to": [10.5, 9, 10.5],
			"rotation": {"angle": 0, "axis": "y", "origin": [8, 9, 8]},
			"faces": {
				"north": {"uv": [1.004, 1.004, 4.996, 1.996], "texture": "#all"},
				"east": {"uv": [1.004, 1.004, 4.996, 1.996], "texture": "#all"},
				"south": {"uv": [1.004, 1.004, 4.996, 1.996], "texture": "#all"},
				"west": {"uv": [1.004, 1.004, 4.996, 1.996], "texture": "#all"},
				"up": {"uv": [0.504, 9.504, 5.496, 14.496], "texture": "#all"}
			}
		},
		{
			"from": [6, 2, 6],
			"to": [10, 7, 6],
			"rotation": {"angle": 0, "axis": "y", "origin": [8, 9, 8]},
			"faces": {
				"north": {"uv": [0.004, 0.004, 15.996, 15.996], "texture": "#1"}
			}
		},
		{
			"from": [10, 2, 6],
			"to": [10, 7, 10],
			"rotation": {"angle": 0, "axis": "y", "origin": [8, 9, 8]},
			"faces": {
				"east": {"uv": [0.004, 0.004, 15.996, 15.996], "texture": "#1"}
			}
		},
		{
			"from": [6, 2, 10],
			"to": [10, 7, 10],
			"rotation": {"angle": 0, "axis": "y", "origin": [8, 9, 8]},
			"faces": {
				"south": {"uv": [0.004, 0.004, 15.996, 15.996], "texture": "#1"}
			}
		},
		{
			"from": [6, 2, 6],
			"to": [6, 7, 10],
			"rotation": {"angle": 0, "axis": "y", "origin": [8, 9, 8]},
			"faces": {
				"west": {"uv": [0.004, 0.004, 15.996, 15.996], "texture": "#1"}
			}
		},
		{
			"from": [7, 2, 7],
			"to": [9, 5, 9],
			"rotation": {"angle": 0, "axis": "y", "origin": [8, 9, 8.5]},
			"faces": {
				"north": {"uv": [7, 6, 9, 9], "texture": "#2"},
				"east": {"uv": [7, 6, 9, 9], "texture": "#2"},
				"south": {"uv": [7, 6, 9, 9], "texture": "#2"},
				"west": {"uv": [7, 6, 9, 9], "texture": "#2"},
				"up": {"uv": [7, 6, 9, 8], "texture": "#2"}
			}
		},
		{
			"from": [5.5, 2, 5.5],
			"to": [6, 7, 6],
			"rotation": {"angle": 0, "axis": "y", "origin": [8, 9, 8]},
			"faces": {
				"north": {"uv": [0, 9, 0.5, 14], "texture": "#all"},
				"east": {"uv": [0, 9, 0.5, 14], "texture": "#all"},
				"south": {"uv": [0, 9, 0.5, 14], "texture": "#all"},
				"west": {"uv": [0, 9, 0.5, 14], "texture": "#all"}
			}
		},
		{
			"from": [5.5, 2, 10],
			"to": [6, 7, 10.5],
			"rotation": {"angle": 0, "axis": "y", "origin": [8, 9, 8]},
			"faces": {
				"north": {"uv": [0, 9, 0.5, 14], "texture": "#all"},
				"east": {"uv": [0, 9, 0.5, 14], "texture": "#all"},
				"south": {"uv": [0, 9, 0.5, 14], "texture": "#all"},
				"west": {"uv": [0, 9, 0.5, 14], "texture": "#all"}
			}
		},
		{
			"from": [10, 2, 10],
			"to": [10.5, 7, 10.5],
			"rotation": {"angle": 0, "axis": "y", "origin": [8, 9, 8]},
			"faces": {
				"north": {"uv": [0, 9, 0.5, 14], "texture": "#all"},
				"east": {"uv": [0, 9, 0.5, 14], "texture": "#all"},
				"south": {"uv": [0, 9, 0.5, 14], "texture": "#all"},
				"west": {"uv": [0, 9, 0.5, 14], "texture": "#all"}
			}
		},
		{
			"from": [10, 2, 5.5],
			"to": [10.5, 7, 6],
			"rotation": {"angle": 0, "axis": "y", "origin": [8, 9, 8]},
			"faces": {
				"north": {"uv": [0, 9, 0.5, 14], "texture": "#all"},
				"east": {"uv": [0, 9, 0.5, 14], "texture": "#all"},
				"south": {"uv": [0, 9, 0.5, 14], "texture": "#all"},
				"west": {"uv": [0, 9, 0.5, 14], "texture": "#all"}
			}
		},
		{
			"from": [8, 10, 6.5],
			"to": [8, 12, 9.5],
			"shade": false,
			"rotation": {"angle": 45, "axis": "y", "origin": [8, 9, 8]},
			"faces": {
				"east": {"uv": [11, 10, 14, 12], "texture": "#all"},
				"west": {"uv": [11, 10, 14, 12], "texture": "#all"}
			}
		},
		{
			"from": [8, 14, 6.5],
			"to": [8, 16, 9.5],
			"shade": false,
			"rotation": {"angle": 45, "axis": "y", "origin": [8, 9, 8]},
			"faces": {
				"east": {"uv": [11, 6, 14, 8], "texture": "#all"},
				"west": {"uv": [11, 6, 14, 8], "texture": "#all"}
			}
		},
		{
			"from": [6.5, 11, 8],
			"to": [9.5, 15, 8],
			"shade": false,
			"rotation": {"angle": 45, "axis": "y", "origin": [8, 9, 8]},
			"faces": {
				"north": {"uv": [11, 1, 14, 5], "texture": "#all"},
				"south": {"uv": [11, 1, 14, 5], "texture": "#all"}
			}
		}
	],
	"groups": [0, 1, 2, 3, 4, 5, 6, 7, 8, 9, 10, 11, 12,
		{
			"name": "group",
			"origin": [8, 8, 8],
			"children": [13, 14, 15]
		}
	]
}