{
	"credit": "Made with Blockbench",
	"textures": {
		"texture": "block/iron_trapdoor",
		"particle": "block/iron_trapdoor"
	},
	"elements": [
		{
			"from": [0, 13, 0],
			"to": [2.5, 16, 16],
			"faces": {
				"north": {"uv": [0, 13.5, 3, 16], "texture": "#texture", "rotation": 270, "cullface": "north"},
				"east": {"uv": [0, 0, 3, 16], "texture": "#texture", "rotation": 270},
				"south": {"uv": [13, 13.5, 16, 16], "texture": "#texture", "rotation": 90, "cullface": "south"},
				"west": {"uv": [13, 0, 16, 16], "texture": "#texture", "rotation": 90, "cullface": "west"},
				"up": {"uv": [0, 13.5, 16, 16], "texture": "#texture", "rotation": 90, "cullface": "up"},
				"down": {"uv": [0, 13.5, 16, 16], "texture": "#texture", "rotation": 90}
			}
		},
		{
			"from": [13.5, 13, 0],
			"to": [16, 16, 16],
			"faces": {
				"north": {"uv": [0, 0, 3, 2.5], "texture": "#texture", "rotation": 270, "cullface": "north"},
				"east": {"uv": [13, 0, 16, 16], "texture": "#texture", "rotation": 270, "cullface": "east"},
				"south": {"uv": [13, 0, 16, 2.5], "texture": "#texture", "rotation": 90, "cullface": "south"},
				"west": {"uv": [13, 0, 16, 16], "texture": "#texture", "rotation": 90},
				"up": {"uv": [0, 0, 16, 2.5], "texture": "#texture", "rotation": 90, "cullface": "up"},
				"down": {"uv": [0, 0, 16, 2.5], "texture": "#texture", "rotation": 90}
			}
		},
		{
			"from": [2.5, 13, 13],
			"to": [13.5, 16, 16],
			"faces": {
				"north": {"uv": [13, 2.5, 16, 13.5], "texture": "#texture", "rotation": 270},
				"south": {"uv": [13, 2.5, 16, 13.5], "texture": "#texture", "rotation": 90, "cullface": "south"},
				"up": {"uv": [13, 2.5, 16, 13.5], "texture": "#texture", "rotation": 90, "cullface": "up"},
				"down": {"uv": [0, 2.5, 3, 13.5], "texture": "#texture", "rotation": 90}
			}
		},
		{
			"from": [2.5, 13, 0],
			"to": [13.5, 16, 3],
			"faces": {
				"north": {"uv": [0, 2.5, 3, 13.5], "texture": "#texture", "rotation": 270, "cullface": "north"},
				"south": {"uv": [0, 2.5, 3, 13.5], "texture": "#texture", "rotation": 90},
				"up": {"uv": [0, 2.5, 3, 13.5], "texture": "#texture", "rotation": 90, "cullface": "up"},
				"down": {"uv": [13, 2.5, 16, 13.5], "texture": "#texture", "rotation": 90}
			}
		},
		{
			"from": [2.5, 13, 9],
			"to": [13.5, 16, 11],
			"faces": {
				"north": {"uv": [0, 2.5, 3, 13.5], "texture": "#texture", "rotation": 270},
				"south": {"uv": [13, 2.5, 16, 13.5], "texture": "#texture", "rotation": 90},
				"up": {"uv": [9, 2.5, 11, 13.5], "texture": "#texture", "rotation": 90, "cullface": "up"},
				"down": {"uv": [5, 2.5, 7, 13.5], "texture": "#texture", "rotation": 90}
			}
		},
		{
			"from": [2.5, 13, 5],
			"to": [13.5, 16, 7],
			"faces": {
				"north": {"uv": [0, 2.5, 3, 13.5], "texture": "#texture", "rotation": 270},
				"south": {"uv": [13, 2.5, 16, 13.5], "texture": "#texture", "rotation": 90},
				"up": {"uv": [5, 2.5, 7, 13.5], "texture": "#texture", "rotation": 90, "cullface": "up"},
				"down": {"uv": [9, 2.5, 11, 13.5], "texture": "#texture", "rotation": 90}
			}
		}
	]
}