{
	"credit": "Made with Blockbench",
	"textures": {
		"texture": "block/iron_trapdoor",
		"particle": "block/iron_trapdoor"
	},
	"elements": [
		{
			"from": [0, 0, 13],
			"to": [16, 2.5, 16],
			"faces": {
				"north": {"uv": [0, 13.5, 16, 16], "texture": "#texture"},
				"east": {"uv": [13, 13.5, 16, 16], "texture": "#texture", "cullface": "east"},
				"south": {"uv": [0, 13.5, 16, 16], "texture": "#texture", "cullface": "south"},
				"west": {"uv": [0, 13.5, 3, 16], "texture": "#texture", "cullface": "west"},
				"up": {"uv": [0, 0, 3, 16], "texture": "#texture", "rotation": 90},
				"down": {"uv": [13, 0, 16, 16], "texture": "#texture", "rotation": 90, "cullface": "down"}
			}
		},
		{
			"from": [0, 13.5, 13],
			"to": [16, 16, 16],
			"faces": {
				"north": {"uv": [0, 0, 16, 2.5], "texture": "#texture"},
				"east": {"uv": [13, 0, 16, 2.5], "texture": "#texture", "cullface": "east"},
				"south": {"uv": [0, 0, 16, 2.5], "texture": "#texture", "cullface": "south"},
				"west": {"uv": [0, 0, 3, 2.5], "texture": "#texture", "cullface": "west"},
				"up": {"uv": [13, 0, 16, 16], "texture": "#texture", "rotation": 90, "cullface": "up"},
				"down": {"uv": [13, 0, 16, 16], "texture": "#texture", "rotation": 90}
			}
		},
		{
			"from": [13, 2.5, 13],
			"to": [16, 13.5, 16],
			"faces": {
				"north": {"uv": [0, 2.5, 3, 13.5], "texture": "#texture"},
				"east": {"uv": [13, 2.5, 16, 13.5], "texture": "#texture", "cullface": "east"},
				"south": {"uv": [13, 2.5, 16, 13.5], "texture": "#texture", "cullface": "south"},
				"west": {"uv": [13, 2.5, 16, 13.5], "texture": "#texture"}
			}
		},
		{
			"from": [0, 2.5, 13],
			"to": [3, 13.5, 16],
			"faces": {
				"north": {"uv": [13, 2.5, 16, 13.5], "texture": "#texture"},
				"east": {"uv": [0, 2.5, 3, 13.5], "texture": "#texture"},
				"south": {"uv": [0, 2.5, 3, 13.5], "texture": "#texture", "cullface": "south"},
				"west": {"uv": [0, 2.5, 3, 13.5], "texture": "#texture", "cullface": "west"}
			}
		},
		{
			"from": [9, 2.5, 13],
			"to": [11, 13.5, 16],
			"faces": {
				"north": {"uv": [5, 2.5, 7, 13.5], "texture": "#texture"},
				"east": {"uv": [13, 2.5, 16, 13.5], "texture": "#texture"},
				"south": {"uv": [9, 2.5, 11, 13.5], "texture": "#texture", "cullface": "south"},
				"west": {"uv": [0, 2.5, 3, 13.5], "texture": "#texture"}
			}
		},
		{
			"from": [5, 2.5, 13],
			"to": [7, 13.5, 16],
			"faces": {
				"north": {"uv": [9, 2.5, 11, 13.5], "texture": "#texture"},
				"east": {"uv": [13, 2.5, 16, 13.5], "texture": "#texture"},
				"south": {"uv": [5, 2.5, 7, 13.5], "texture": "#texture", "cullface": "south"},
				"west": {"uv": [0, 2.5, 3, 13.5], "texture": "#texture"}
			}
		}
	]
}