{
	"credit": "Made with Blockbench, a free, modern block model editor by JannisX11",
	"ambientocclusion": false,
	"textures": {
		"bars": "block/iron_bars",
		"particle": "block/iron_bars"
	},
	"elements": [
		{
			"name": "cube",
			"from": [7.5, 1, 7.5],
			"to": [8.5, 15, 8.5],
			"faces": {
				"north": {
					"uv": [2.5, 1, 3.5, 15],
					"texture": "#bars"
				},
				"east": {
					"uv": [7.5, 1, 8.5, 15],
					"texture": "#bars"
				},
				"south": {
					"uv": [7.5, 1, 8.5, 15],
					"texture": "#bars"
				},
				"west": {
					"uv": [12.5, 1, 13.5, 15],
					"texture": "#bars"
				}
			},
			"type": "cube"
		}
	]
}