{
	"credit": "Made with Blockbench",
	"textures": {
		"texture": "block/iron_trapdoor",
		"particle": "block/iron_trapdoor"
	},
	"elements": [
		{
			"from": [0, 0, 0],
			"to": [2.5, 3, 16],
			"faces": {
				"north": {"uv": [0, 13.5, 3, 16], "texture": "#texture", "rotation": 270, "cullface": "north"},
				"east": {"uv": [0, 0, 3, 16], "texture": "#texture", "rotation": 90},
				"south": {"uv": [13, 13.5, 16, 16], "texture": "#texture", "rotation": 90, "cullface": "south"},
				"west": {"uv": [0, 0, 3, 16], "texture": "#texture", "rotation": 270, "cullface": "west"},
				"up": {"uv": [0, 13.5, 16, 16], "texture": "#texture", "rotation": 90},
				"down": {"uv": [0, 13.5, 16, 16], "texture": "#texture", "rotation": 90, "cullface": "down"}
			}
		},
		{
			"from": [13.5, 0, 0],
			"to": [16, 3, 16],
			"faces": {
				"north": {"uv": [0, 0, 3, 2.5], "texture": "#texture", "rotation": 270, "cullface": "north"},
				"east": {"uv": [13, 0, 16, 16], "texture": "#texture", "rotation": 90, "cullface": "east"},
				"south": {"uv": [13, 0, 16, 2.5], "texture": "#texture", "rotation": 90, "cullface": "south"},
				"west": {"uv": [13, 0, 16, 16], "texture": "#texture", "rotation": 270},
				"up": {"uv": [0, 0, 16, 2.5], "texture": "#texture", "rotation": 90},
				"down": {"uv": [0, 0, 16, 2.5], "texture": "#texture", "rotation": 90, "cullface": "down"}
			}
		},
		{
			"from": [2.5, 0, 0],
			"to": [13.5, 3, 3],
			"faces": {
				"north": {"uv": [0, 2.5, 3, 13.5], "texture": "#texture", "rotation": 270, "cullface": "north"},
				"south": {"uv": [13, 2.5, 16, 13.5], "texture": "#texture", "rotation": 90},
				"up": {"uv": [0, 2.5, 3, 13.5], "texture": "#texture", "rotation": 90},
				"down": {"uv": [13, 2.5, 16, 13.5], "texture": "#texture", "rotation": 90, "cullface": "down"}
			}
		},
		{
			"from": [2.5, 0, 13],
			"to": [13.5, 3, 16],
			"faces": {
				"north": {"uv": [0, 2.5, 3, 13.5], "texture": "#texture", "rotation": 270},
				"south": {"uv": [13, 2.5, 16, 13.5], "texture": "#texture", "rotation": 90, "cullface": "south"},
				"up": {"uv": [13, 2.5, 16, 13.5], "texture": "#texture", "rotation": 90},
				"down": {"uv": [0, 2.5, 3, 13.5], "texture": "#texture", "rotation": 90, "cullface": "down"}
			}
		},
		{
			"from": [2.5, 0, 5],
			"to": [13.5, 3, 7],
			"faces": {
				"north": {"uv": [13, 2.5, 16, 13.5], "texture": "#texture", "rotation": 270},
				"south": {"uv": [0, 2.5, 3, 13.5], "texture": "#texture", "rotation": 90},
				"up": {"uv": [5, 2.5, 7, 13.5], "texture": "#texture", "rotation": 90},
				"down": {"uv": [9, 2.5, 11, 13.5], "texture": "#texture", "rotation": 90, "cullface": "down"}
			}
		},
		{
			"from": [2.5, 0, 9],
			"to": [13.5, 3, 11],
			"faces": {
				"north": {"uv": [13, 2.5, 16, 13.5], "texture": "#texture", "rotation": 270},
				"south": {"uv": [0, 2.5, 3, 13.5], "texture": "#texture", "rotation": 90},
				"up": {"uv": [9, 2.5, 11, 13.5], "texture": "#texture", "rotation": 90},
				"down": {"uv": [5, 2.5, 7, 13.5], "texture": "#texture", "rotation": 90, "cullface": "down"}
			}
		}
	],
	"display": {
		"thirdperson_righthand": {
			"scale": [0.375, 0.375, 0.375],
			"rotation": [75, 45, 0],
			"translation": [0, 2.5, 2]
		},
		"thirdperson_lefthand": {
			"scale": [0.375, 0.375, 0.375],
			"rotation": [75, 45, 0],
			"translation": [0, 2.5, 2]
		},
		"firstperson_righthand": {
			"scale": [0.4, 0.4, 0.4],
			"rotation": [0, 45, 0],
			"translation": [0, 0, 0]
		},
		"firstperson_lefthand": {
			"scale": [0.4, 0.4, 0.4],
			"rotation": [0, 225, 0],
			"translation": [0, 0, 0]
		},
		"ground": {
			"scale": [0.25, 0.25, 0.25],
			"rotation": [0, 0, 0],
			"translation": [0, 3, 0]
		},
		"fixed": {
			"scale": [0.5, 0.5, 0.5],
			"rotation": [0, 0, 0],
			"translation": [0, 0, 0]
		},
		"gui": {
			"scale": [0.625, 0.625, 0.625],
			"rotation": [30, 225, 0],
			"translation": [0, 0, 0]
		}
	}
}