{
	"credit": "Made with Blockbench, a free, modern block model editor by JannisX11",
	"ambientocclusion": false,
	"textures": {
		"edge": "block/iron_bars",
		"particle": "block/iron_bars"
	},
	"elements": [
		{
			"name": "cube",
			"from": [7, 15.009999999999998, 7],
			"to": [9, 16.009999999999998, 9],
			"faces": {
				"north": {"uv": [5, 15, 7, 16], "texture": "#edge"},
				"east": {"uv": [7, 0, 9, 1], "texture": "#edge"},
				"south": {"uv": [5, 0, 7, 1], "texture": "#edge"},
				"west": {"uv": [7, 15, 9, 16], "texture": "#edge"},
				"up": {"uv": [7, 7, 9, 9], "texture": "#edge"},
				"down": {"uv": [7, 7, 9, 9], "texture": "#edge"}
			},
			"type": "cube"
		},
		{
			"name": "cube",
			"from": [7, 0.0009999999999998899, 7],
			"to": [9, 1.001, 9],
			"faces": {
				"north": {"uv": [0, 15, 2, 16], "texture": "#edge"},
				"east": {"uv": [2, 0, 4, 1], "texture": "#edge"},
				"south": {"uv": [0, 0, 2, 1], "texture": "#edge"},
				"west": {"uv": [2, 15, 4, 16], "texture": "#edge"},
				"up": {"uv": [2, 7, 4, 9], "texture": "#edge"},
				"down": {"uv": [2, 7, 4, 9], "texture": "#edge"}
			},
			"type": "cube"
		}
	]
}