{
	"credit": "Made with Blockbench",
	"parent": "block/door_top",
	"textures": {
		"top": "block/iron_door_bottom",
		"particle": "block/iron_door_bottom"
	},
	"elements": [
		{
			"from": [0, 2.5, 0],
			"to": [1.5, 16, 3],
			"faces": {
				"north": {"uv": [14.516, 0.016, 15.984, 13.484], "texture": "#top", "cullface": "north"},
				"south": {"uv": [6.984, 0.016, 5.516, 13.484], "texture": "#top"},
				"west": {"uv": [15.984, 0.016, 13.016, 13.484], "texture": "#top", "cullface": "west"}
			}
		},
		{
			"from": [0, 2.5, 13],
			"to": [1.5, 16, 16],
			"faces": {
				"north": {"uv": [6.484, 0.016, 5.016, 13.484], "texture": "#top"},
				"south": {"uv": [0.016, 0.016, 1.484, 13.484], "texture": "#top", "cullface": "south"},
				"west": {"uv": [2.984, 0.016, 0.016, 13.484], "texture": "#top", "cullface": "west"}
			}
		},
		{
			"from": [0, 2.5, 5],
			"to": [1.5, 16, 7],
			"faces": {
				"north": {"uv": [10.484, 0.016, 9.016, 13.484], "texture": "#top"},
				"south": {"uv": [10.984, 0.016, 9.516, 13.484], "texture": "#top"},
				"west": {"uv": [10.984, 0.016, 9.016, 13.484], "texture": "#top", "cullface": "west"}
			}
		},
		{
			"from": [0, 2.5, 9],
			"to": [1.5, 16, 11],
			"faces": {
				"north": {"uv": [6.484, 0.016, 5.016, 13.484], "texture": "#top"},
				"south": {"uv": [6.984, 0.016, 5.516, 13.484], "texture": "#top"},
				"west": {"uv": [6.984, 0.016, 5.016, 13.484], "texture": "#top", "cullface": "west"}
			}
		},
		{
			"from": [0, 0, 0],
			"to": [1.5, 2.5, 16],
			"faces": {
				"north": {"uv": [14.516, 13.516, 15.984, 15.984], "texture": "#top", "cullface": "north"},
				"south": {"uv": [0.016, 13.516, 1.484, 15.984], "texture": "#top", "cullface": "south"},
				"west": {"uv": [15.984, 13.516, 0.016, 15.984], "texture": "#top", "cullface": "west"},
				"up": {"uv": [0.016, 15.484, 15.984, 14.016], "texture": "#top", "rotation": 270},
				"down": {"uv": [0.016, 15.984, 15.984, 14.516], "texture": "#top", "rotation": 270, "cullface": "down"}
			}
		},
		{
			"from": [1.5, 2.5, 13],
			"to": [3, 16, 16],
			"faces": {
				"north": {"uv": [5.016, 0.016, 6.484, 13.484], "texture": "#top"},
				"east": {"uv": [0.016, 0.016, 2.984, 13.484], "texture": "#top"},
				"south": {"uv": [1.484, 0.016, 0.016, 13.484], "texture": "#top", "cullface": "south"}
			}
		},
		{
			"from": [1.5, 2.5, 0],
			"to": [3, 16, 3],
			"faces": {
				"north": {"uv": [15.984, 0.016, 14.516, 13.484], "texture": "#top", "cullface": "north"},
				"east": {"uv": [13.016, 0.016, 15.984, 13.484], "texture": "#top"},
				"south": {"uv": [5.516, 0.016, 6.984, 13.484], "texture": "#top"}
			}
		},
		{
			"from": [1.5, 2.5, 9],
			"to": [3, 16, 11],
			"faces": {
				"north": {"uv": [5.016, 0.016, 6.484, 13.484], "texture": "#top"},
				"east": {"uv": [5.016, 0.016, 6.984, 13.484], "texture": "#top"},
				"south": {"uv": [5.516, 0.016, 6.984, 13.484], "texture": "#top"}
			}
		},
		{
			"from": [1.5, 2.5, 5],
			"to": [3, 16, 7],
			"faces": {
				"north": {"uv": [9.016, 0.016, 10.484, 13.484], "texture": "#top"},
				"east": {"uv": [9.016, 0.016, 10.984, 13.484], "texture": "#top"},
				"south": {"uv": [9.516, 0.016, 10.984, 13.484], "texture": "#top"}
			}
		},
		{
			"from": [1.5, 0, 0],
			"to": [3, 2.5, 16],
			"faces": {
				"north": {"uv": [15.984, 13.516, 14.516, 15.984], "texture": "#top", "cullface": "north"},
				"east": {"uv": [0.016, 13.516, 15.984, 15.984], "texture": "#top"},
				"south": {"uv": [1.484, 13.516, 0.016, 15.984], "texture": "#top", "cullface": "south"},
				"up": {"uv": [15.984, 15.484, 0.016, 14.016], "texture": "#top", "rotation": 90},
				"down": {"uv": [15.984, 15.984, 0.016, 14.516], "texture": "#top", "rotation": 90, "cullface": "down"}
			}
		}
	]
}