{
	"credit": "Made with Blockbench, a free, modern block model editor by JannisX11",
	"ambientocclusion": false,
	"textures": {
		"bars": "block/iron_bars",
		"particle": "block/iron_bars"
	},
	"elements": [
		{
			"name": "cube",
			"from": [7.5, 0.010000000000001563, 7.5],
			"to": [8.5, 16, 8.5],
			"faces": {
				"north": {
					"uv": [2.5, 0, 3.5, 16],
					"texture": "#bars"
				},
				"east": {
					"uv": [7.5, 0, 8.5, 16],
					"texture": "#bars"
				},
				"south": {
					"uv": [7.5, 0, 8.5, 16],
					"texture": "#bars"
				},
				"west": {
					"uv": [12.5, 0, 13.5, 16],
					"texture": "#bars"
				},
				"up": {"uv": [0, 0, 1, 1], "texture": "#bars"},
				"down": {"uv": [2, 15, 3, 16], "texture": "#bars"}
			},
			"type": "cube"
		}
	]
}