{
	"textures": {
		"0": "block/iron_bars",
		"particle": "block/iron_bars"
	},
	"elements": [
		{
			"name": "cube",
			"from": [6.999499999999999, 14.98, 0],
			"to": [9.000499999999999, 15.97, 9],
			"faces": {
				"north": {"uv": [0, 0, 1, 1], "texture": "#0"},
				"east": {"uv": [6.5, 0, 16, 1], "texture": "#0"},
				"south": {"uv": [15, 0, 16, 1], "texture": "#0"},
				"west": {"uv": [6.5, 0, 16, 1], "texture": "#0"},
				"up": {
					"uv": [7, 5, 8.9984375, 14],
					"texture": "#0"
				},
				"down": {
					"uv": [2, 5.5, 3.9984375, 14.5],
					"texture": "#0"
				}
			},
			"type": "cube"
		},
		{
			"name": "cube",
			"from": [7.000500000000001, 0.010000000000000009, 0],
			"to": [8.999500000000001, 1, 9],
			"faces": {
				"north": {"uv": [0, 15, 1, 16], "texture": "#0"},
				"east": {"uv": [6.5, 15, 16, 16], "texture": "#0"},
				"south": {"uv": [15, 15, 16, 16], "texture": "#0"},
				"west": {"uv": [6.5, 15, 16, 16], "texture": "#0"},
				"up": {"uv": [12, 6, 14, 15], "texture": "#0"},
				"down": {"uv": [12, 6, 14, 15], "texture": "#0"}
			},
			"type": "cube"
		},
		{
			"name": "cube",
			"from": [7.5, 1, 7.5],
			"to": [8.5, 15, 8.5],
			"faces": {
				"north": {"uv": [7.5, 1, 8.5, 15], "texture": "#0"},
				"east": {"uv": [7.5, 1, 8.5, 15], "texture": "#0"},
				"south": {"uv": [7.5, 1, 8.5, 15], "texture": "#0"},
				"west": {"uv": [7.5, 1, 8.5, 15], "texture": "#0"}
			},
			"type": "cube"
		},
		{
			"name": "cube",
			"from": [7.5, 1, 2],
			"to": [8.5, 15, 3],
			"faces": {
				"north": {"uv": [2.5, 1, 3.5, 15], "texture": "#0"},
				"east": {"uv": [2.5, 1, 3.5, 15], "texture": "#0"},
				"south": {"uv": [2.5, 1, 3.5, 15], "texture": "#0"},
				"west": {"uv": [2.5, 1, 3.5, 15], "texture": "#0"}
			},
			"type": "cube"
		}
	]
}