{
	"ambientocclusion": false,
	"textures": {
		"bars": "block/iron_bars",
		"particle": "block/iron_bars"
	},
	"elements": [
		{
			"name": "cube",
			"from": [6.99, 15.000999999999998, 6.99],
			"to": [9.01, 16.000999999999998, 9.01],
			"faces": {
				"north": {
					"uv": [0.016, 0.016, 1.984, 0.984],
					"texture": "#bars"
				},
				"east": {
					"uv": [6.016, 0.016, 7.984, 0.984],
					"texture": "#bars"
				},
				"south": {
					"uv": [4.016, 0.016, 5.984, 0.984],
					"texture": "#bars"
				},
				"west": {
					"uv": [2.016, 0.016, 3.984, 0.984],
					"texture": "#bars"
				},
				"up": {
					"uv": [12.016, 13.016, 13.984, 14.984],
					"texture": "#bars"
				},
				"down": {
					"uv": [2.016, 5.516, 3.984, 7.484],
					"texture": "#bars"
				}
			},
			"type": "cube"
		},
		{
			"name": "cube",
			"from": [6.99, -0.0010000000000000009, 6.99],
			"to": [9.01, 0.999, 9.01],
			"faces": {
				"north": {
					"uv": [0.016, 15.016, 1.984, 15.984],
					"texture": "#bars"
				},
				"east": {
					"uv": [5.516, 15.016, 7.484, 15.984],
					"texture": "#bars"
				},
				"south": {
					"uv": [4.016, 15.016, 5.984, 15.984],
					"texture": "#bars"
				},
				"west": {
					"uv": [2.016, 15.016, 3.984, 15.984],
					"texture": "#bars"
				},
				"up": {
					"uv": [2.016, 14.016, 3.984, 15.984],
					"texture": "#bars"
				},
				"down": {
					"uv": [7.016, 14.016, 8.984, 15.984],
					"texture": "#bars"
				}
			},
			"_loading": false,
			"type": "cube"
		},
		{
			"name": "cube",
			"from": [7.5, 1, 7.5],
			"to": [8.5, 15, 8.5],
			"faces": {
				"north": {
					"uv": [2.516, 1.016, 3.484, 14.984],
					"texture": "#bars"
				},
				"east": {
					"uv": [7.516, 1.016, 8.484, 14.984],
					"texture": "#bars"
				},
				"south": {
					"uv": [7.516, 1.016, 8.484, 14.984],
					"texture": "#bars"
				},
				"west": {
					"uv": [12.516, 1.016, 13.484, 14.984],
					"texture": "#bars"
				}
			},
			"_loading": false,
			"type": "cube"
		}
	]
}