{
	"textures": {
		"0": "block/iron_bars",
		"particle": "block/iron_bars"
	},
	"elements": [
		{
			"name": "cube",
			"from": [6.995000000000001, 14.99, 7],
			"to": [9.005, 15.99, 16],
			"faces": {
				"north": {"uv": [14, 0, 16, 1], "texture": "#0"},
				"east": {"uv": [6.5, 0, 16, 1], "texture": "#0"},
				"south": {"uv": [14, 15, 16, 16], "texture": "#0"},
				"west": {"uv": [6.5, 0, 16, 1], "texture": "#0"},
				"up": {"uv": [7, 1, 9, 10], "texture": "#0"},
				"down": {"uv": [7, 6, 9, 15], "texture": "#0"}
			},
			"type": "cube"
		},
		{
			"name": "cube",
			"from": [6.995000000000001, 0.010000000000000009, 7],
			"to": [9.005, 1.01, 16],
			"faces": {
				"north": {"uv": [14, 15, 16, 16], "texture": "#0"},
				"east": {"uv": [7, 15, 16, 16], "texture": "#0"},
				"south": {"uv": [14, 15, 16, 16], "texture": "#0"},
				"west": {"uv": [7, 15, 16, 16], "texture": "#0"},
				"up": {
					"uv": [12, 6, 14, 15],
					"texture": "#0",
					"rotation": 180
				},
				"down": {
					"uv": [12, 1, 14, 10],
					"texture": "#0",
					"rotation": 180
				}
			},
			"type": "cube"
		},
		{
			"name": "cube",
			"from": [7.5, 1, 7.5],
			"to": [8.5, 15, 8.5],
			"faces": {
				"north": {"uv": [13.5, 1, 14, 15], "texture": "#0"},
				"east": {"uv": [7.5, 1, 8.5, 15], "texture": "#0"},
				"south": {"uv": [7, 1, 7.5, 15], "texture": "#0"},
				"west": {"uv": [7.5, 1, 8.5, 15], "texture": "#0"}
			},
			"type": "cube"
		},
		{
			"name": "cube",
			"from": [7.5, 1, 13],
			"to": [8.5, 15, 14],
			"faces": {
				"north": {"uv": [2.5, 1, 3.5, 15], "texture": "#0"},
				"east": {"uv": [2.5, 1, 3.5, 15], "texture": "#0"},
				"south": {"uv": [2.5, 1, 3.5, 15], "texture": "#0"},
				"west": {"uv": [2.5, 1, 3.5, 15], "texture": "#0"}
			},
			"type": "cube"
		}
	]
}