{
	"credit": "Made with Blockbench",
	"parent": "block/door_top",
	"textures": {
		"top": "block/iron_door_top",
		"particle": "block/iron_door_top"
	},
	"elements": [
		{
			"from": [0, 0, 13],
			"to": [1.5, 13.5, 16],
			"faces": {
				"north": {"uv": [5.516, 2.516, 6.984, 15.984], "texture": "#top"},
				"south": {"uv": [15.984, 2.516, 14.516, 15.984], "texture": "#top", "cullface": "south"},
				"west": {"uv": [13.016, 2.516, 15.984, 15.984], "texture": "#top", "cullface": "west"}
			}
		},
		{
			"from": [0, 0, 0],
			"to": [1.5, 13.5, 3],
			"faces": {
				"north": {"uv": [1.484, 2.516, 0.016, 15.984], "texture": "#top", "cullface": "north"},
				"south": {"uv": [5.016, 2.516, 6.484, 15.984], "texture": "#top"},
				"west": {"uv": [0.016, 2.516, 2.984, 15.984], "texture": "#top", "cullface": "west"}
			}
		},
		{
			"from": [0, 0, 9],
			"to": [1.5, 13.5, 11],
			"faces": {
				"north": {"uv": [9.516, 2.516, 10.984, 15.984], "texture": "#top"},
				"south": {"uv": [9.016, 2.516, 10.484, 15.984], "texture": "#top"},
				"west": {"uv": [9.016, 2.516, 10.984, 15.984], "texture": "#top", "cullface": "west"}
			}
		},
		{
			"from": [0, 0, 5],
			"to": [1.5, 13.5, 7],
			"faces": {
				"north": {"uv": [5.516, 2.516, 6.984, 15.984], "texture": "#top"},
				"south": {"uv": [5.016, 2.516, 6.484, 15.984], "texture": "#top"},
				"west": {"uv": [5.016, 2.516, 6.984, 15.984], "texture": "#top", "cullface": "west"}
			}
		},
		{
			"from": [0, 13.5, 0],
			"to": [1.5, 16, 16],
			"faces": {
				"north": {"uv": [1.484, 0.016, 0.016, 2.484], "texture": "#top", "cullface": "north"},
				"south": {"uv": [15.984, 0.016, 14.516, 2.484], "texture": "#top", "cullface": "south"},
				"west": {"uv": [0.016, 0.016, 15.984, 2.484], "texture": "#top", "cullface": "west"},
				"up": {"uv": [0.016, 0.016, 15.984, 1.484], "texture": "#top", "rotation": 270, "cullface": "up"},
				"down": {"uv": [0.016, 0.516, 15.984, 1.984], "texture": "#top", "rotation": 270}
			}
		},
		{
			"from": [1.5, 0, 0],
			"to": [3, 13.5, 3],
			"faces": {
				"north": {"uv": [0.016, 2.516, 1.484, 15.984], "texture": "#top", "cullface": "north"},
				"east": {"uv": [2.984, 2.516, 0.016, 15.984], "texture": "#top"},
				"south": {"uv": [6.484, 2.516, 5.016, 15.984], "texture": "#top"}
			}
		},
		{
			"from": [1.5, 0, 13],
			"to": [3, 13.5, 16],
			"faces": {
				"north": {"uv": [6.984, 2.516, 5.516, 15.984], "texture": "#top"},
				"east": {"uv": [15.984, 2.516, 13.016, 15.984], "texture": "#top"},
				"south": {"uv": [14.516, 2.516, 15.984, 15.984], "texture": "#top", "cullface": "south"}
			}
		},
		{
			"from": [1.5, 0, 5],
			"to": [3, 13.5, 7],
			"faces": {
				"north": {"uv": [6.984, 2.516, 5.516, 15.984], "texture": "#top"},
				"east": {"uv": [6.984, 2.516, 5.016, 15.984], "texture": "#top"},
				"south": {"uv": [6.484, 2.516, 5.016, 15.984], "texture": "#top"}
			}
		},
		{
			"from": [1.5, 0, 9],
			"to": [3, 13.5, 11],
			"faces": {
				"north": {"uv": [10.984, 2.516, 9.516, 15.984], "texture": "#top"},
				"east": {"uv": [10.984, 2.516, 9.016, 15.984], "texture": "#top"},
				"south": {"uv": [10.484, 2.516, 9.016, 15.984], "texture": "#top"}
			}
		},
		{
			"from": [1.5, 13.5, 0],
			"to": [3, 16, 16],
			"faces": {
				"north": {"uv": [0.016, 0.016, 1.484, 2.484], "texture": "#top", "cullface": "north"},
				"east": {"uv": [15.984, 0.016, 0.016, 2.484], "texture": "#top"},
				"south": {"uv": [14.516, 0.016, 15.984, 2.484], "texture": "#top", "cullface": "south"},
				"up": {"uv": [15.984, 0.016, 0.016, 1.484], "texture": "#top", "rotation": 90, "cullface": "up"},
				"down": {"uv": [15.984, 0.516, 0.016, 1.984], "texture": "#top", "rotation": 90}
			}
		}
	]
}