{
"__comment": "Designed by Cookies160 with BDcraft Cubik PRO 0.81 Beta - http://bdcraft.net",
"parent": "block/block_default",
"textures": {
    "particle": "block/pumpkin_side",
    "side in": "block/pumpkin_side",
    "side out": "block/pumpkin_side",
    "top in": "block/pumpkin_top",
    "top out": "block/pumpkin_top",
    "texture": "block/jack_o_lantern",
    "candle": "block/candle"
},
"elements": [ 
{
    "from": [ 1, 14, 0 ],
    "to": [ 16, 16, 1 ],
    "faces": {
        "down":  { "uv": [ 4, 3, 6, 2 ], "texture": "#texture" },
        "up":    { "uv": [ 1, 0, 16, 1 ], "texture": "#top out", "cullface": "up" },
        "north": { "uv": [ 0, 0, 15, 2 ], "texture": "#texture", "cullface": "north" },
        "south": { "uv": [ 1, 0, 16, 2 ], "texture": "#texture" },
        "east":  { "uv": [ 15, 0, 16, 2 ], "texture": "#texture", "cullface": "east" }
    }
},
{
    "from": [ 1, 5.5, 0 ],
    "to": [ 1.5, 14, 1 ],
    "faces": {
        "down":  { "uv": [ 3, 6, 3.5, 5 ], "texture": "#texture" },
        "north": { "uv": [ 14.5, 2, 15, 10.5 ], "texture": "#texture", "cullface": "north" },
        "south": { "uv": [ 1, 2, 1.5, 10.5 ], "texture": "#texture" },
        "east":  { "uv": [ 3, 4, 4, 7 ], "texture": "#texture" }
    }
},
{
    "from": [ 1.5, 6.5, 0 ],
    "to": [ 2, 14, 1 ],
    "faces": {
        "down":  { "uv": [ 3, 6, 3.5, 5 ], "texture": "#texture" },
        "north": { "uv": [ 14, 2, 14.5, 9.5 ], "texture": "#texture", "cullface": "north" },
        "south": { "uv": [ 1.5, 2, 2, 9.5 ], "texture": "#texture" },
        "east":  { "uv": [ 3, 4, 4, 7 ], "texture": "#texture" }
    }
},
{
    "from": [ 2, 11, 0 ],
    "to": [ 2.5, 14, 1 ],
    "faces": {
        "down":  { "uv": [ 3.5, 3.5, 4, 2.5 ], "texture": "#texture" },
        "north": { "uv": [ 13.5, 2, 14, 5 ], "texture": "#texture", "cullface": "north" },
        "south": { "uv": [ 2, 2, 2.5, 5 ], "texture": "#texture" },
        "east":  { "uv": [ 3, 4, 4, 7 ], "texture": "#texture" }
    }
},
{
    "from": [ 2.5, 11.5, 0 ],
    "to": [ 3, 14, 1 ],
    "faces": {
        "down":  { "uv": [ 3.5, 3.5, 4, 2.5 ], "texture": "#texture" },
        "north": { "uv": [ 13, 2, 13.5, 4.5 ], "texture": "#texture", "cullface": "north" },
        "south": { "uv": [ 2.5, 2, 3, 4.5 ], "texture": "#texture" },
        "east":  { "uv": [ 3, 4, 4, 6.5 ], "texture": "#texture" }
    }
},
{
    "from": [ 3, 12, 0 ],
    "to": [ 3.5, 14, 1 ],
    "faces": {
        "down":  { "uv": [ 3.5, 6.5, 4, 5.5 ], "texture": "#texture" },
        "north": { "uv": [ 12.5, 2, 13, 4 ], "texture": "#texture", "cullface": "north" },
        "south": { "uv": [ 3, 2, 3.5, 4 ], "texture": "#texture" },
        "east":  { "uv": [ 3, 4, 4, 6 ], "texture": "#texture" }
    }
},
{
    "from": [ 3.5, 12.5, 0 ],
    "to": [ 4, 14, 1 ],
    "faces": {
        "down":  { "uv": [ 3.5, 3.5, 4, 2.5 ], "texture": "#texture" },
        "north": { "uv": [ 12, 2, 12.5, 3.5 ], "texture": "#texture", "cullface": "north" },
        "south": { "uv": [ 3.5, 2, 4, 3.5 ], "texture": "#texture" },
        "east":  { "uv": [ 3.5, 2.5, 4.5, 4 ], "texture": "#texture" }
    }
},
{
    "from": [ 4, 13, 0 ],
    "to": [ 4.5, 14, 1 ],
    "faces": {
        "down":  { "uv": [ 4, 3, 4.5, 2 ], "texture": "#texture" },
        "north": { "uv": [ 11.5, 2, 12, 3 ], "texture": "#texture", "cullface": "north" },
        "south": { "uv": [ 4, 2, 4.5, 3 ], "texture": "#texture" },
        "east":  { "uv": [ 4, 2, 5, 3 ], "texture": "#texture" }
    }
},
{
    "from": [ 4.5, 13.5, 0 ],
    "to": [ 5, 14, 1 ],
    "faces": {
        "down":  { "uv": [ 4.5, 3, 5, 2 ], "texture": "#texture" },
        "north": { "uv": [ 11, 2, 11.5, 2.5 ], "texture": "#texture", "cullface": "north" },
        "south": { "uv": [ 11, 2, 11.5, 2.5 ], "texture": "#texture" },
        "east":  { "uv": [ 10, 2, 11, 2.5 ], "texture": "#texture" }
    }
},
{
    "from": [ 6, 13.5, 0 ],
    "to": [ 6.5, 14, 1 ],
    "faces": {
        "down":  { "uv": [ 5, 3, 5.5, 2 ], "texture": "#texture" },
        "north": { "uv": [ 9.5, 2, 10, 2.5 ], "texture": "#texture", "cullface": "north" },
        "south": { "uv": [ 6, 2, 6.5, 2.5 ], "texture": "#texture" },
        "west":  { "uv": [ 4.5, 2.5, 5.5, 3 ], "texture": "#texture" }
    }
},
{
    "from": [ 6.5, 13, 0 ],
    "to": [ 7, 14, 1 ],
    "faces": {
        "down":  { "uv": [ 4, 3, 4.5, 2 ], "texture": "#texture" },
        "north": { "uv": [ 9, 2, 9.5, 3 ], "texture": "#texture", "cullface": "north" },
        "south": { "uv": [ 6.5, 2, 7, 3 ], "texture": "#texture" },
        "west":  { "uv": [ 4, 2, 5, 3 ], "texture": "#texture" }
    }
},
{
    "from": [ 7, 8, 0 ],
    "to": [ 9, 14, 1 ],
    "faces": {
        "north": { "uv": [ 7, 2, 9, 8 ], "texture": "#texture", "cullface": "north" },
        "south": { "uv": [ 7, 2, 9, 8 ], "texture": "#texture" },
        "west":  { "uv": [ 3, 4, 4, 7 ], "texture": "#texture" },
        "east":  { "uv": [ 9, 3, 10, 7 ], "texture": "#texture" }
    }
},
{
    "from": [ 9, 13, 0 ],
    "to": [ 9.5, 14, 1 ],
    "faces": {
        "down":  { "uv": [ 9, 4, 9.5, 3 ], "texture": "#texture" },
        "north": { "uv": [ 6.5, 2, 7, 3 ], "texture": "#texture", "cullface": "north" },
        "south": { "uv": [ 9, 2, 9.5, 3 ], "texture": "#texture" },
        "east":  { "uv": [ 4, 2, 5, 3 ], "texture": "#texture" }
    }
},
{
    "from": [ 9.5, 13.5, 0 ],
    "to": [ 10, 14, 1 ],
    "faces": {
        "down":  { "uv": [ 9.5, 5, 10, 4 ], "texture": "#texture" },
        "north": { "uv": [ 6, 2, 6.5, 2.5 ], "texture": "#texture", "cullface": "north" },
        "south": { "uv": [ 9.5, 2, 10, 2.5 ], "texture": "#texture" },
        "east":  { "uv": [ 10, 2.5, 11, 3 ], "texture": "#texture" }
    }
},
{
    "from": [ 12, 13.5, 0 ],
    "to": [ 12.5, 14, 1 ],
    "faces": {
        "down":  { "uv": [ 9.5, 4, 10, 3 ], "texture": "#texture" },
        "north": { "uv": [ 3.5, 2, 4, 2.5 ], "texture": "#texture", "cullface": "north" },
        "south": { "uv": [ 12, 2, 12.5, 2.5 ], "texture": "#texture" },
        "west":  { "uv": [ 5, 2, 6, 2.5 ], "texture": "#texture" }
    }
},
{
    "from": [ 12.5, 12, 0 ],
    "to": [ 13, 14, 1 ],
    "faces": {
        "down":  { "uv": [ 9.5, 4.5, 10, 3.5 ], "texture": "#texture" },
        "north": { "uv": [ 3, 2, 3.5, 4 ], "texture": "#texture", "cullface": "north" },
        "south": { "uv": [ 12.5, 2, 13, 4 ], "texture": "#texture" },
        "west":  { "uv": [ 3, 4, 4, 6 ], "texture": "#texture" }
    }
},
{
    "from": [ 13, 6, 0 ],
    "to": [ 16, 14, 1 ],
    "faces": {
        "down":  { "uv": [ 4, 3, 6, 2 ], "texture": "#texture" },
        "north": { "uv": [ 0, 2, 3, 10 ], "texture": "#texture", "cullface": "north" },
        "south": { "uv": [ 13, 2, 16, 10 ], "texture": "#texture" },
        "west":  { "uv": [ 3, 4, 4, 7 ], "texture": "#texture" },
        "east":  { "uv": [ 15, 2, 16, 10 ], "texture": "#side out", "cullface": "east" }
    }
},
{
    "from": [ 1, 0, 0 ],
    "to": [ 16, 2, 1 ],
    "faces": {
        "down":  { "uv": [ 1, 1, 16, 0 ], "texture": "#texture", "cullface": "down" },
        "up":    { "uv": [ 4, 2, 6, 3 ], "texture": "#texture" },
        "north": { "uv": [ 0, 14, 15, 16 ], "texture": "#texture", "cullface": "north" },
        "south": { "uv": [ 1, 14, 16, 16 ], "texture": "#texture" },
        "east":  { "uv": [ 15, 14, 16, 16 ], "texture": "#texture", "cullface": "east" }
    }
},
{
    "from": [ 13.5, 5.5, 0 ],
    "to": [ 14, 6, 1 ],
    "faces": {
        "down":  { "uv": [ 9.5, 4, 10, 3 ], "texture": "#texture" },
        "north": { "uv": [ 2, 10, 2.5, 10.5 ], "texture": "#texture", "cullface": "north" },
        "south": { "uv": [ 13.5, 10, 14, 10.5 ], "texture": "#texture" },
        "west":  { "uv": [ 3, 5.5, 4, 6 ], "texture": "#texture" }
    }
},
{
    "from": [ 14, 2, 0 ],
    "to": [ 16, 6, 1 ],
    "faces": {
        "north": { "uv": [ 0, 10, 2, 14 ], "texture": "#texture", "cullface": "north" },
        "south": { "uv": [ 14, 10, 16, 14 ], "texture": "#texture" },
        "west":  { "uv": [ 3, 4, 4, 7 ], "texture": "#texture" },
        "east":  { "uv": [ 15, 10, 16, 14 ], "texture": "#side out", "cullface": "east" }
    }
},
{
    "from": [ 13.5, 4, 0 ],
    "to": [ 14, 4.5, 1 ],
    "faces": {
        "up":    { "uv": [ 10, 2, 10.5, 3 ], "texture": "#texture" },
        "north": { "uv": [ 2, 11.5, 2.5, 12 ], "texture": "#texture", "cullface": "north" },
        "south": { "uv": [ 13.5, 11.5, 14, 12 ], "texture": "#texture" },
        "west":  { "uv": [ 2, 11, 3, 11.5 ], "texture": "#texture" }
    }
},
{
    "from": [ 13, 2, 0 ],
    "to": [ 14, 4, 1 ],
    "faces": {
        "up":    { "uv": [ 10, 2, 11, 3 ], "texture": "#texture" },
        "north": { "uv": [ 2, 12, 3, 14 ], "texture": "#texture", "cullface": "north" },
        "south": { "uv": [ 13, 12, 14, 14 ], "texture": "#texture" },
        "west":  { "uv": [ 3, 4.5, 4, 6.5 ], "texture": "#texture" }
    }
},
{
    "from": [ 1, 2, 0 ],
    "to": [ 1.5, 3, 1 ],
    "faces": {
        "up":    { "uv": [ 3.5, 2.5, 4, 3.5 ], "texture": "#texture" },
        "north": { "uv": [ 14.5, 13, 15, 14 ], "texture": "#texture", "cullface": "north" },
        "south": { "uv": [ 1, 13, 1.5, 14 ], "texture": "#texture" },
        "east":  { "uv": [ 2, 10.5, 3, 11.5 ], "texture": "#texture" }
    }
},
{
    "from": [ 1.5, 2, 0 ],
    "to": [ 2, 2.5, 1 ],
    "faces": {
        "up":    { "uv": [ 3.5, 4, 4, 5 ], "texture": "#texture" },
        "north": { "uv": [ 14, 13.5, 14.5, 14 ], "texture": "#texture", "cullface": "north" },
        "south": { "uv": [ 1.5, 13.5, 2, 14 ], "texture": "#texture" }
    }
},
{
    "from": [ 11.5, 2, 0 ],
    "to": [ 12, 2.5, 1 ],
    "faces": {
        "up":    { "uv": [ 9, 4, 9.5, 5 ], "texture": "#texture" },
        "north": { "uv": [ 4, 13.5, 4.5, 14 ], "texture": "#texture", "cullface": "north" },
        "south": { "uv": [ 11.5, 13.5, 12, 14 ], "texture": "#texture" },
        "east":  { "uv": [ 2, 11, 3, 11.5 ], "texture": "#texture" }
    }
},
{
    "from": [ 10.5, 2, 0 ],
    "to": [ 11.5, 3, 1 ],
    "faces": {
        "up":    { "uv": [ 4, 2, 5, 3 ], "texture": "#texture" },
        "north": { "uv": [ 4.5, 13, 5.5, 14 ], "texture": "#texture", "cullface": "north" },
        "south": { "uv": [ 10.5, 13, 11.5, 14 ], "texture": "#texture" },
        "west":  { "uv": [ 3, 5, 4, 6 ], "texture": "#texture" },
        "east":  { "uv": [ 9, 4, 10, 5 ], "texture": "#texture" }
    }
},
{
    "from": [ 10.5, 3, 0 ],
    "to": [ 11, 3.5, 1 ],
    "faces": {
        "up":    { "uv": [ 9.5, 4, 10, 5 ], "texture": "#texture" },
        "north": { "uv": [ 5, 12.5, 5.5, 13 ], "texture": "#texture", "cullface": "north" },
        "south": { "uv": [ 10.5, 12.5, 11, 13 ], "texture": "#texture" },
        "west":  { "uv": [ 2.5, 11.5, 3.5, 12 ], "texture": "#texture" },
        "east":  { "uv": [ 2.5, 11.5, 3.5, 12 ], "texture": "#texture" }
    }
},
{
    "from": [ 10, 2, 0 ],
    "to": [ 10.5, 2.5, 1 ],
    "faces": {
        "up":    { "uv": [ 9.5, 3.5, 10, 4.5 ], "texture": "#texture" },
        "north": { "uv": [ 5.5, 13.5, 6, 14 ], "texture": "#texture", "cullface": "north" },
        "south": { "uv": [ 10, 13.5, 10.5, 14 ], "texture": "#texture" },
        "west":  { "uv": [ 2, 10.5, 3, 11 ], "texture": "#texture" }
    }
},
{
    "from": [ 8.5, 2, 0 ],
    "to": [ 9, 2.5, 1 ],
    "faces": {
        "up":    { "uv": [ 4, 3, 4.5, 4 ], "texture": "#texture" },
        "north": { "uv": [ 7, 13.5, 7.5, 14 ], "texture": "#texture", "cullface": "north" },
        "south": { "uv": [ 8.5, 13.5, 9, 14 ], "texture": "#texture" },
        "east":  { "uv": [ 2, 10.5, 3, 11 ], "texture": "#texture" }
    }
},
{
    "from": [ 7.5, 2, 0 ],
    "to": [ 8.5, 3, 1 ],
    "faces": {
        "up":    { "uv": [ 4.5, 2, 5.5, 3 ], "texture": "#texture" },
        "north": { "uv": [ 7.5, 13, 8.5, 14 ], "texture": "#texture", "cullface": "north" },
        "south": { "uv": [ 7.5, 13, 8.5, 14 ], "texture": "#texture" },
        "east":  { "uv": [ 2, 10.5, 3, 11.5 ], "texture": "#texture" }
    }
},
{
    "from": [ 7, 3, 0 ],
    "to": [ 8, 3.5, 1 ],
    "faces": {
        "down":  { "uv": [ 5, 3, 6, 2 ], "texture": "#texture" },
        "up":    { "uv": [ 4.5, 2, 5.5, 3 ], "texture": "#texture" },
        "north": { "uv": [ 8, 12.5, 9, 13 ], "texture": "#texture", "cullface": "north" },
        "south": { "uv": [ 7, 12.5, 8, 13 ], "texture": "#texture" },
        "west":  { "uv": [ 2.5, 11.5, 3.5, 12 ], "texture": "#texture" },
        "east":  { "uv": [ 2, 11, 3, 11.5 ], "texture": "#texture" }
    }
},
{
    "from": [ 6.5, 2, 0 ],
    "to": [ 7.5, 3, 1 ],
    "faces": {
        "up":    { "uv": [ 5, 2, 6, 3 ], "texture": "#texture" },
        "north": { "uv": [ 8.5, 13, 9.5, 14 ], "texture": "#texture", "cullface": "north" },
        "south": { "uv": [ 6.5, 13, 7.5, 14 ], "texture": "#texture" },
        "west":  { "uv": [ 3, 5, 4, 6 ], "texture": "#texture" }
    }
},
{
    "from": [ 5, 2, 0 ],
    "to": [ 6.5, 2.5, 1 ],
    "faces": {
        "up":    { "uv": [ 4, 2, 5.5, 3 ], "texture": "#texture" },
        "north": { "uv": [ 9.5, 13.5, 11, 14 ], "texture": "#texture", "cullface": "north" },
        "south": { "uv": [ 5, 13.5, 6.5, 14 ], "texture": "#texture" },
        "west":  { "uv": [ 3, 6, 4, 6.5 ], "texture": "#texture" }
    }
},
{
    "from": [ 3, 2, 0 ],
    "to": [ 4, 3, 1 ],
    "faces": {
        "up":    { "uv": [ 3.5, 2.5, 4.5, 3.5 ], "texture": "#texture" },
        "north": { "uv": [ 12, 13, 13, 14 ], "texture": "#texture", "cullface": "north" },
        "south": { "uv": [ 3, 13, 4, 14 ], "texture": "#texture" },
        "west":  { "uv": [ 3, 5, 4, 6 ], "texture": "#texture" },
        "east":  { "uv": [ 3, 5, 4, 6 ], "texture": "#texture" }
    }
},
{
    "from": [ 3.5, 3, 0 ],
    "to": [ 4, 3.5, 1 ],
    "faces": {
        "up":    { "uv": [ 4, 2.5, 4.5, 3.5 ], "texture": "#texture" },
        "north": { "uv": [ 12, 12.5, 12.5, 13 ], "texture": "#texture", "cullface": "north" },
        "south": { "uv": [ 3.5, 12.5, 4, 13 ], "texture": "#texture" },
        "west":  { "uv": [ 2, 10.5, 3, 11 ], "texture": "#texture" },
        "east":  { "uv": [ 9, 5.5, 10, 6 ], "texture": "#texture" }
    }
},
{
    "from": [ 2, 2, 0 ],
    "to": [ 3, 2.5, 1 ],
    "faces": {
        "up":    { "uv": [ 3.5, 3, 4.5, 4 ], "texture": "#texture" },
        "north": { "uv": [ 13, 13.5, 14, 14 ], "texture": "#texture", "cullface": "north" },
        "south": { "uv": [ 2, 13.5, 3, 14 ], "texture": "#texture" }
    }
},
{
    "from": [ 2, 7, 0 ],
    "to": [ 13, 8, 1 ],
    "faces": {
        "down":  { "uv": [ 4, 3, 6, 2 ], "texture": "#texture" },
        "up":    { "uv": [ 4, 2, 6, 3 ], "texture": "#texture" },
        "north": { "uv": [ 3, 8, 14, 9 ], "texture": "#texture", "cullface": "north" },
        "south": { "uv": [ 2, 8, 13, 9 ], "texture": "#texture" }
    }
},
{
    "from": [ 6.5, 8, 0 ],
    "to": [ 7, 9, 1 ],
    "faces": {
        "up":    { "uv": [ 3.5, 3, 4, 4 ], "texture": "#texture" },
        "north": { "uv": [ 9, 7, 9.5, 8 ], "texture": "#texture", "cullface": "north" },
        "south": { "uv": [ 6.5, 7, 7, 8 ], "texture": "#texture" },
        "west":  { "uv": [ 3, 6, 4, 7 ], "texture": "#texture" }
    }
},
{
    "from": [ 6, 8, 0 ],
    "to": [ 6.5, 8.5, 1 ],
    "faces": {
        "up":    { "uv": [ 3.5, 2.5, 4, 3.5 ], "texture": "#texture" },
        "north": { "uv": [ 9.5, 7.5, 10, 8 ], "texture": "#texture", "cullface": "north" },
        "south": { "uv": [ 6, 7.5, 6.5, 8 ], "texture": "#texture" },
        "west":  { "uv": [ 3, 5.5, 4, 6 ], "texture": "#texture" }
    }
},
{
    "from": [ 2, 8, 0 ],
    "to": [ 2.5, 8.5, 1 ],
    "faces": {
        "up":    { "uv": [ 3, 4, 3.5, 5 ], "texture": "#texture" },
        "north": { "uv": [ 13.5, 7.5, 14, 8 ], "texture": "#texture", "cullface": "north" },
        "south": { "uv": [ 2, 7.5, 2.5, 8 ], "texture": "#texture" },
        "east":  { "uv": [ 9, 5.5, 10, 6 ], "texture": "#texture" }
    }
},
{
    "from": [ 12.5, 8, 0 ],
    "to": [ 13, 9, 1 ],
    "faces": {
        "up":    { "uv": [ 9, 4, 9.5, 5 ], "texture": "#texture" },
        "north": { "uv": [ 3, 7, 3.5, 8 ], "texture": "#texture", "cullface": "north" },
        "south": { "uv": [ 12.5, 7, 13, 8 ], "texture": "#texture" },
        "west":  { "uv": [ 3, 5.5, 4, 6.5 ], "texture": "#texture" }
    }
},
{
    "from": [ 12, 8, 0 ],
    "to": [ 12.5, 8.5, 1 ],
    "faces": {
        "up":    { "uv": [ 9.5, 3, 10, 4 ], "texture": "#texture" },
        "north": { "uv": [ 3.5, 7.5, 4, 8 ], "texture": "#texture", "cullface": "north" },
        "south": { "uv": [ 12, 7.5, 12.5, 8 ], "texture": "#texture" },
        "west":  { "uv": [ 3, 6, 4, 6.5 ], "texture": "#texture" }
    }
},
{
    "from": [ 9, 8, 0 ],
    "to": [ 10, 8.5, 1 ],
    "faces": {
        "up":    { "uv": [ 9, 4, 10, 5 ], "texture": "#texture" },
        "north": { "uv": [ 6, 7.5, 7, 8 ], "texture": "#texture", "cullface": "north" },
        "south": { "uv": [ 9, 7.5, 10, 8 ], "texture": "#texture" },
        "east":  { "uv": [ 3, 5.5, 4, 6 ], "texture": "#texture" }
    }
},
{
    "from": [ 9, 8.5, 0 ],
    "to": [ 9.5, 9, 1 ],
    "faces": {
        "up":    { "uv": [ 9, 3, 9.5, 4 ], "texture": "#texture" },
        "north": { "uv": [ 6.5, 7, 7, 7.5 ], "texture": "#texture", "cullface": "north" },
        "south": { "uv": [ 9, 7, 9.5, 7.5 ], "texture": "#texture" },
        "east":  { "uv": [ 9, 6, 10, 6.5 ], "texture": "#texture" }
    }
},
{
    "from": [ 2.5, 6.5, 0 ],
    "to": [ 3, 7, 1 ],
    "faces": {
        "down":  { "uv": [ 3.5, 4, 4, 3 ], "texture": "#texture" },
        "north": { "uv": [ 13, 9, 13.5, 9.5 ], "texture": "#texture", "cullface": "north" },
        "south": { "uv": [ 2.5, 9, 3, 9.5 ], "texture": "#texture" },
        "west":  { "uv": [ 3, 5.5, 4, 6 ], "texture": "#texture" }
    }
},
{
    "from": [ 3, 6, 0 ],
    "to": [ 4, 7, 1 ],
    "faces": {
        "down":  { "uv": [ 3, 5, 4, 4 ], "texture": "#texture" },
        "north": { "uv": [ 12, 9, 13, 10 ], "texture": "#texture", "cullface": "north" },
        "south": { "uv": [ 3, 9, 4, 10 ], "texture": "#texture" },
        "west":  { "uv": [ 3, 5.5, 4, 6.5 ], "texture": "#texture" },
        "east":  { "uv": [ 9, 4.5, 10, 5.5 ], "texture": "#texture" }
    }
},
{
    "from": [ 4, 6.5, 0 ],
    "to": [ 4.5, 7, 1 ],
    "faces": {
        "down":  { "uv": [ 3.5, 4, 4, 3 ], "texture": "#texture" },
        "north": { "uv": [ 11.5, 9, 12, 9.5 ], "texture": "#texture", "cullface": "north" },
        "south": { "uv": [ 4, 9, 4.5, 9.5 ], "texture": "#texture" },
        "east":  { "uv": [ 9, 5, 10, 5.5 ], "texture": "#texture" }
    }
},
{
    "from": [ 5, 6.5, 0 ],
    "to": [ 5.5, 7, 1 ],
    "faces": {
        "down":  { "uv": [ 3.5, 3.5, 4, 2.5 ], "texture": "#texture" },
        "north": { "uv": [ 10.5, 9, 11, 9.5 ], "texture": "#texture", "cullface": "north" },
        "south": { "uv": [ 5, 9, 5.5, 9.5 ], "texture": "#texture" },
        "west":  { "uv": [ 3, 6, 4, 6.5 ], "texture": "#texture" }
    }
},
{
    "from": [ 5.5, 6, 0 ],
    "to": [ 7, 7, 1 ],
    "faces": {
        "down":  { "uv": [ 4, 3, 5.5, 2 ], "texture": "#texture" },
        "north": { "uv": [ 9, 9, 10.5, 10 ], "texture": "#texture", "cullface": "north" },
        "south": { "uv": [ 5.5, 9, 7, 10 ], "texture": "#texture" },
        "west":  { "uv": [ 3, 5.5, 4, 6.5 ], "texture": "#texture" },
        "east":  { "uv": [ 9, 5, 10, 6 ], "texture": "#texture" }
    }
},
{
    "from": [ 7, 6.5, 0 ],
    "to": [ 7.5, 7, 1 ],
    "faces": {
        "down":  { "uv": [ 5, 3, 5.5, 2 ], "texture": "#texture" },
        "north": { "uv": [ 8.5, 9, 9, 9.5 ], "texture": "#texture", "cullface": "north" },
        "south": { "uv": [ 7, 9, 7.5, 9.5 ], "texture": "#texture" },
        "east":  { "uv": [ 3, 5.5, 4, 6 ], "texture": "#texture" }
    }
},
{
    "from": [ 8, 6.5, 0 ],
    "to": [ 8.5, 7, 1 ],
    "faces": {
        "down":  { "uv": [ 9.5, 4.5, 10, 3.5 ], "texture": "#texture" },
        "north": { "uv": [ 7.5, 9, 8, 9.5 ], "texture": "#texture", "cullface": "north" },
        "south": { "uv": [ 8, 9, 8.5, 9.5 ], "texture": "#texture" },
        "west":  { "uv": [ 3, 6, 4, 6.5 ], "texture": "#texture" }
    }
},
{
    "from": [ 8.5, 6, 0 ],
    "to": [ 9.5, 7, 1 ],
    "faces": {
        "down":  { "uv": [ 9, 5, 10, 4 ], "texture": "#texture" },
        "north": { "uv": [ 6.5, 9, 7.5, 10 ], "texture": "#texture", "cullface": "north" },
        "south": { "uv": [ 8.5, 9, 9.5, 10 ], "texture": "#texture" },
        "west":  { "uv": [ 3, 5.5, 4, 6.5 ], "texture": "#texture" },
        "east":  { "uv": [ 3, 5.5, 4, 6.5 ], "texture": "#texture" }
    }
},
{
    "from": [ 9.5, 6.5, 0 ],
    "to": [ 10, 7, 1 ],
    "faces": {
        "down":  { "uv": [ 9.5, 4.5, 10, 3.5 ], "texture": "#texture" },
        "north": { "uv": [ 6, 9, 6.5, 9.5 ], "texture": "#texture", "cullface": "north" },
        "south": { "uv": [ 9.5, 9, 10, 9.5 ], "texture": "#texture" },
        "east":  { "uv": [ 9, 5.5, 10, 6 ], "texture": "#texture" }
    }
},
{
    "from": [ 10.5, 6.5, 0 ],
    "to": [ 12, 7, 1 ],
    "faces": {
        "down":  { "uv": [ 4.5, 3, 6, 2 ], "texture": "#texture" },
        "north": { "uv": [ 4, 9, 5.5, 9.5 ], "texture": "#texture", "cullface": "north" },
        "south": { "uv": [ 10.5, 9, 12, 9.5 ], "texture": "#texture" },
        "west":  { "uv": [ 3, 6, 4, 6.5 ], "texture": "#texture" },
        "east":  { "uv": [ 9, 6, 10, 6.5 ], "texture": "#texture" }
    }
},
{
    "from": [ 11, 6, 0 ],
    "to": [ 11.5, 6.5, 1 ],
    "faces": {
        "down":  { "uv": [ 9.5, 4, 10, 3 ], "texture": "#texture" },
        "north": { "uv": [ 4.5, 9.5, 5, 10 ], "texture": "#texture", "cullface": "north" },
        "south": { "uv": [ 11, 9.5, 11.5, 10 ], "texture": "#texture" },
        "west":  { "uv": [ 3, 6, 4, 6.5 ], "texture": "#texture" },
        "east":  { "uv": [ 3, 5, 4, 5.5 ], "texture": "#texture" }
    }
},
{
    "from": [ 12.5, 6.5, 0 ],
    "to": [ 13, 7, 1 ],
    "faces": {
        "down":  { "uv": [ 10.5, 3, 11, 2 ], "texture": "#texture" },
        "north": { "uv": [ 3, 9, 3.5, 9.5 ], "texture": "#texture", "cullface": "north" },
        "south": { "uv": [ 12.5, 9, 13, 9.5 ], "texture": "#texture" },
        "west":  { "uv": [ 3, 5.5, 4, 6 ], "texture": "#texture" }
    }
},
{
    "from": [ 7, 1, 6.5 ],
    "to": [ 9, 9, 8.5 ],
    "faces": {
        "up":    { "uv": [ 7, 8, 9, 10 ], "texture": "#candle" },
        "north": { "uv": [ 7, 8, 9, 16 ], "texture": "#candle" },
        "south": { "uv": [ 7, 8, 9, 16 ], "texture": "#candle" },
        "west":  { "uv": [ 7, 8, 9, 16 ], "texture": "#candle" },
        "east":  { "uv": [ 7, 8, 9, 16 ], "texture": "#candle" }
    }
},
{
    "from": [ 7.5, 9, 7.5 ],
    "to": [ 8, 9.5, 8 ],
    "faces": {
        "up":    { "uv": [ 8, 7.5, 8.5, 8 ], "texture": "#candle" },
        "north": { "uv": [ 8, 7.5, 8.5, 8 ], "texture": "#candle" },
        "south": { "uv": [ 8, 7.5, 8.5, 8 ], "texture": "#candle" },
        "west":  { "uv": [ 8, 7.5, 8.5, 8 ], "texture": "#candle" },
        "east":  { "uv": [ 8.5, 7.5, 9, 8 ], "texture": "#candle" }
    }
},
{
    "from": [ 8, 9.5, 7 ],
    "to": [ 8.5, 10, 7.5 ],
    "faces": {
        "down":  { "uv": [ 8, 8, 8.5, 7.5 ], "texture": "#candle" },
        "north": { "uv": [ 8, 7.5, 8.5, 8 ], "texture": "#candle" },
        "south": { "uv": [ 8, 7.5, 8.5, 8 ], "texture": "#candle" },
        "west":  { "uv": [ 8, 7.5, 8.5, 8 ], "texture": "#candle" },
        "east":  { "uv": [ 8.5, 7.5, 9, 8 ], "texture": "#candle" }
    }
},
{
    "from": [ 7.5, 10, 6.5 ],
    "to": [ 8.5, 10.5, 7.5 ],
    "faces": {
        "down":  { "uv": [ 7.5, 7, 8.5, 6 ], "texture": "#candle" },
        "north": { "uv": [ 7.5, 6.5, 8.5, 7 ], "texture": "#candle" },
        "south": { "uv": [ 7.5, 6.5, 8.5, 7 ], "texture": "#candle" },
        "west":  { "uv": [ 7.5, 6.5, 8.5, 7 ], "texture": "#candle" },
        "east":  { "uv": [ 7.5, 6.5, 8.5, 7 ], "texture": "#candle" }
    }
},
{
    "from": [ 7.5, 10.5, 7.5 ],
    "to": [ 8.5, 11.5, 8 ],
    "faces": {
        "down":  { "uv": [ 7.5, 7, 8.5, 6.5 ], "texture": "#candle" },
        "up":    { "uv": [ 7.5, 6.5, 8.5, 7 ], "texture": "#candle" },
        "south": { "uv": [ 7.5, 5.5, 8.5, 6.5 ], "texture": "#candle" },
        "west":  { "uv": [ 7.5, 5.5, 8, 6.5 ], "texture": "#candle" },
        "east":  { "uv": [ 8, 5.5, 8.5, 6.5 ], "texture": "#candle" }
    }
},
{
    "from": [ 7.5, 10.5, 6 ],
    "to": [ 8.5, 11.5, 6.5 ],
    "faces": {
        "down":  { "uv": [ 7.5, 6.5, 8.5, 6 ], "texture": "#candle" },
        "up":    { "uv": [ 7.5, 6, 8.5, 6.5 ], "texture": "#candle" },
        "north": { "uv": [ 7.5, 5.5, 8.5, 6.5 ], "texture": "#candle" },
        "west":  { "uv": [ 8, 5.5, 8.5, 6.5 ], "texture": "#candle" },
        "east":  { "uv": [ 8, 5.5, 8.5, 6.5 ], "texture": "#candle" }
    }
},
{
    "from": [ 8.5, 10.5, 6.5 ],
    "to": [ 9, 11.5, 7.5 ],
    "faces": {
        "down":  { "uv": [ 8.5, 6.5, 9, 5.5 ], "texture": "#candle" },
        "up":    { "uv": [ 8.5, 5.5, 9, 6.5 ], "texture": "#candle" },
        "north": { "uv": [ 8.5, 5.5, 9, 6.5 ], "texture": "#candle" },
        "south": { "uv": [ 8.5, 5.5, 9, 6.5 ], "texture": "#candle" },
        "east":  { "uv": [ 7, 5.5, 8, 6.5 ], "texture": "#candle" }
    }
},
{
    "from": [ 7, 10.5, 6.5 ],
    "to": [ 7.5, 11.5, 7.5 ],
    "faces": {
        "down":  { "uv": [ 7, 6.5, 7.5, 5.5 ], "texture": "#candle" },
        "up":    { "uv": [ 7, 5.5, 7.5, 6.5 ], "texture": "#candle" },
        "north": { "uv": [ 7, 5.5, 7.5, 6.5 ], "texture": "#candle" },
        "south": { "uv": [ 7, 5.5, 7.5, 6.5 ], "texture": "#candle" },
        "west":  { "uv": [ 7, 5.5, 8, 6.5 ], "texture": "#candle" }
    }
},
{
    "from": [ 7.5, 11.5, 6.5 ],
    "to": [ 8.5, 12, 7.5 ],
    "faces": {
        "up":    { "uv": [ 7.5, 5, 8.5, 6 ], "texture": "#candle" },
        "north": { "uv": [ 7.5, 5, 8.5, 5.5 ], "texture": "#candle" },
        "south": { "uv": [ 7.5, 5, 8.5, 5.5 ], "texture": "#candle" },
        "west":  { "uv": [ 7.5, 5, 8.5, 5.5 ], "texture": "#candle" },
        "east":  { "uv": [ 7.5, 5, 8.5, 5.5 ], "texture": "#candle" }
    }
},
{
    "from": [ 0, 0, 0 ],
    "to": [ 1, 16, 1 ],
    "faces": {
        "down":  { "uv": [ 0, 1, 1, 0 ], "texture": "#texture", "cullface": "down" },
        "up":    { "uv": [ 0, 0, 1, 1 ], "texture": "#texture", "cullface": "up" },
        "north": { "uv": [ 15, 0, 16, 16 ], "texture": "#texture", "cullface": "north" },
        "south": { "uv": [ 0, 0, 1, 16 ], "texture": "#texture" },
        "west":  { "uv": [ 0, 0, 1, 16 ], "texture": "#texture", "cullface": "west" },
        "east":  { "uv": [ 3, 4, 4, 7 ], "texture": "#texture" }
    }
},
{
    "from": [ 6, 1, 5.5 ],
    "to": [ 8, 1.5, 7.5 ],
    "faces": {
        "up":    { "uv": [ 7, 8, 9, 10 ], "texture": "#candle" },
        "north": { "uv": [ 7, 8, 9, 9 ], "texture": "#candle" },
        "west":  { "uv": [ 7, 8, 9, 9 ], "texture": "#candle" }
    }
},
{
    "from": [ 8, 1, 5.5 ],
    "to": [ 10, 1.5, 7.5 ],
    "faces": {
        "up":    { "uv": [ 7, 8, 9, 10 ], "texture": "#candle" },
        "north": { "uv": [ 7, 8, 9, 9 ], "texture": "#candle" },
        "east":  { "uv": [ 7, 8, 9, 9 ], "texture": "#candle" }
    }
},
{
    "from": [ 6, 1, 7.5 ],
    "to": [ 8, 1.5, 9.5 ],
    "faces": {
        "up":    { "uv": [ 7, 8, 9, 10 ], "texture": "#candle" },
        "south": { "uv": [ 7, 8, 9, 9 ], "texture": "#candle" },
        "west":  { "uv": [ 7, 8, 9, 9 ], "texture": "#candle" }
    }
},
{
    "from": [ 8, 1, 7.5 ],
    "to": [ 10, 1.5, 9.5 ],
    "faces": {
        "up":    { "uv": [ 7, 8, 9, 10 ], "texture": "#candle" },
        "south": { "uv": [ 7, 8, 9, 9 ], "texture": "#candle" },
        "east":  { "uv": [ 7, 8, 9, 9 ], "texture": "#candle" }
    }
},
{
    "from": [ 6.5, 1.5, 6 ],
    "to": [ 7.5, 2, 7 ],
    "faces": {
        "up":    { "uv": [ 7, 8, 8, 9 ], "texture": "#candle" },
        "north": { "uv": [ 8, 15, 9, 15.5 ], "texture": "#candle" },
        "west":  { "uv": [ 7, 15, 8, 15.5 ], "texture": "#candle" }
    }
},
{
    "from": [ 8.5, 1.5, 6 ],
    "to": [ 9.5, 2, 7 ],
    "faces": {
        "up":    { "uv": [ 7, 8, 8, 9 ], "texture": "#candle" },
        "north": { "uv": [ 8, 15, 9, 15.5 ], "texture": "#candle" },
        "east":  { "uv": [ 8, 15, 9, 15.5 ], "texture": "#candle" }
    }
},
{
    "from": [ 7.5, 1.5, 6 ],
    "to": [ 8.5, 2, 7 ],
    "faces": {
        "down":  { "uv": [ 7, 9, 8, 8 ], "texture": "#candle" },
        "up":    { "uv": [ 7, 8, 8, 9 ], "texture": "#candle" },
        "north": { "uv": [ 8, 15, 9, 15.5 ], "texture": "#candle" },
        "south": { "uv": [ 7, 15, 8, 15.5 ], "texture": "#candle" }
    }
},
{
    "from": [ 8.5, 1.5, 8 ],
    "to": [ 9.5, 2, 9 ],
    "faces": {
        "up":    { "uv": [ 7, 8, 8, 9 ], "texture": "#candle" },
        "south": { "uv": [ 7, 15, 8, 15.5 ], "texture": "#candle" },
        "east":  { "uv": [ 8, 15, 9, 15.5 ], "texture": "#candle" }
    }
},
{
    "from": [ 6.5, 1.5, 7 ],
    "to": [ 7.5, 2, 8 ],
    "faces": {
        "down":  { "uv": [ 7, 9, 8, 8 ], "texture": "#candle" },
        "up":    { "uv": [ 7, 8, 8, 9 ], "texture": "#candle" },
        "west":  { "uv": [ 7, 15, 8, 15.5 ], "texture": "#candle" },
        "east":  { "uv": [ 8, 15, 9, 15.5 ], "texture": "#candle" }
    }
},
{
    "from": [ 6.5, 1.5, 8 ],
    "to": [ 7.5, 2, 9 ],
    "faces": {
        "up":    { "uv": [ 7, 8, 8, 9 ], "texture": "#candle" },
        "south": { "uv": [ 7, 15, 8, 15.5 ], "texture": "#candle" },
        "west":  { "uv": [ 7, 15, 8, 15.5 ], "texture": "#candle" }
    }
},
{
    "from": [ 7.5, 1.5, 8 ],
    "to": [ 8.5, 2, 9 ],
    "faces": {
        "down":  { "uv": [ 7, 9, 8, 8 ], "texture": "#candle" },
        "up":    { "uv": [ 7, 8, 8, 9 ], "texture": "#candle" },
        "north": { "uv": [ 8, 15, 9, 15.5 ], "texture": "#candle" },
        "south": { "uv": [ 7, 15, 8, 15.5 ], "texture": "#candle" }
    }
},
{
    "from": [ 8.5, 1.5, 7 ],
    "to": [ 9.5, 2, 8 ],
    "faces": {
        "down":  { "uv": [ 7, 9, 8, 8 ], "texture": "#candle" },
        "up":    { "uv": [ 7, 8, 8, 9 ], "texture": "#candle" },
        "west":  { "uv": [ 7, 15, 8, 15.5 ], "texture": "#candle" },
        "east":  { "uv": [ 8, 15, 9, 15.5 ], "texture": "#candle" }
    }
},
{
    "from": [ 7.5, 5.5, 6 ],
    "to": [ 8, 6, 6.5 ],
    "faces": {
        "down":  { "uv": [ 7, 8.5, 7.5, 8 ], "texture": "#candle" },
        "up":    { "uv": [ 7, 8, 7.5, 8.5 ], "texture": "#candle" },
        "north": { "uv": [ 8.5, 8, 9, 8.5 ], "texture": "#candle" },
        "west":  { "uv": [ 7, 8, 7.5, 8.5 ], "texture": "#candle" },
        "east":  { "uv": [ 8.5, 8, 9, 8.5 ], "texture": "#candle" }
    }
},
{
    "from": [ 6.5, 8.5, 6.5 ],
    "to": [ 7, 9, 7 ],
    "faces": {
        "down":  { "uv": [ 7, 8.5, 7.5, 8 ], "texture": "#candle" },
        "up":    { "uv": [ 7, 8, 7.5, 8.5 ], "texture": "#candle" },
        "north": { "uv": [ 8.5, 8, 9, 8.5 ], "texture": "#candle" },
        "south": { "uv": [ 7, 8, 7.5, 8.5 ], "texture": "#candle" },
        "west":  { "uv": [ 7, 8, 7.5, 8.5 ], "texture": "#candle" }
    }
},
{
    "from": [ 0, 0, 1 ],
    "to": [ 16, 1, 16 ],
    "faces": {
        "down":  { "uv": [ 16, 16, 0, 1 ], "texture": "#top out" },
        "up":    { "uv": [ 0, 1, 16, 16 ], "texture": "#top out" },
        "north": { "uv": [ 0, 15, 16, 16 ], "texture": "#side in" },
        "south": { "uv": [ 0, 15, 16, 16 ], "texture": "#side in" },
        "west":  { "uv": [ 1, 15, 16, 16 ], "texture": "#side in" },
        "east":  { "uv": [ 0, 15, 15, 16 ], "texture": "#side in" }
    }
},
{
    "from": [ 0, 15, 1 ],
    "to": [ 16, 16, 16 ],
    "faces": {
        "down":  { "uv": [ 16, 16, 0, 1 ], "texture": "#top out" },
        "up":    { "uv": [ 0, 1, 16, 16 ], "texture": "#top out" },
        "north": { "uv": [ 0, 0, 16, 1 ], "texture": "#side in" },
        "south": { "uv": [ 0, 0, 16, 1 ], "texture": "#side in" },
        "west":  { "uv": [ 1, 0, 16, 1 ], "texture": "#side in" },
        "east":  { "uv": [ 0, 0, 15, 1 ], "texture": "#side in" }
    }
},
{
    "from": [ 0, 1, 1 ],
    "to": [ 1, 15, 15 ],
    "faces": {
        "west":  { "uv": [ 1, 1, 15, 15 ], "texture": "#side in" },
        "east":  { "uv": [ 1, 1, 15, 15 ], "texture": "#side in" }
    }
},
{
    "from": [ 15, 1, 1 ],
    "to": [ 16, 15, 15 ],
    "faces": {
        "north": { "uv": [ 0, 1, 1, 15 ], "texture": "#side in" },
        "west":  { "uv": [ 1, 1, 15, 15 ], "texture": "#side in" },
        "east":  { "uv": [ 1, 1, 15, 15 ], "texture": "#side in" }
    }
},
{
    "from": [ 0, 1, 15 ],
    "to": [ 16, 15, 16 ],
    "faces": {
        "north": { "uv": [ 0, 1, 16, 15 ], "texture": "#side in" },
        "south": { "uv": [ 0, 1, 16, 15 ], "texture": "#side in" },
        "west":  { "uv": [ 15, 1, 16, 15 ], "texture": "#side in" },
        "east":  { "uv": [ 0, 1, 1, 15 ], "texture": "#side in" }
    }
}
]
}