{
	"ambientocclusion": false,
	"textures": {
		"0": "block/jungle_log",
		"1": "custom/leaves_coloured/leaves_jungle",
		"particle":	"block/jungle_sapling"
	},
	"elements": [
		{
			"name": "cube",
			"from": [7.625, 0, 7.625],
			"to": [8.375, 9.75, 8.375],
			"faces": {
				"north": {
					"uv": [2.032, 0.032, 2.9359375, 14.9359375],
					"texture": "#0"
				},
				"east": {
					"uv": [1.032, 0.032, 1.9359375, 14.9359375],
					"texture": "#0"
				},
				"south": {
					"uv": [0.032, 0.032, 0.9359375, 14.9359375],
					"texture": "#0"
				},
				"west": {
					"uv": [3.532, 0.032, 4.4359375, 14.9359375],
					"texture": "#0"
				},
				"down": {
					"uv": [0, 0, 0, 0],
					"texture": "#0",
					"rotation": 90
				}
			},
			"type": "cube"
		},
		{
			"name": "cube",
			"from": [9.125, 4.5, 7.625],
			"to": [9.875, 5.25, 8.375],
			"faces": {
				"north": {
					"uv": [1, 12.5, 2, 13.5],
					"texture": "#0"
				},
				"east": {"uv": [1, 12.5, 2, 13.5], "texture": "#0"},
				"south": {
					"uv": [1, 12.5, 2, 13.5],
					"texture": "#0"
				},
				"west": {"uv": [1, 12.5, 2, 13.5], "texture": "#0"},
				"up": {"uv": [1, 12.5, 2, 13.5], "texture": "#0"},
				"down": {"uv": [1, 12.5, 2, 13.5], "texture": "#0"}
			},
			"type": "cube"
		},
		{
			"name": "cube",
			"from": [8.375, 3.75, 7.625],
			"to": [9.125, 4.5, 8.375],
			"faces": {
				"north": {
					"uv": [1, 12.5, 2, 13.5],
					"texture": "#0"
				},
				"east": {"uv": [1, 12.5, 2, 13.5], "texture": "#0"},
				"south": {
					"uv": [1, 12.5, 2, 13.5],
					"texture": "#0"
				},
				"up": {"uv": [1, 12.5, 2, 13.5], "texture": "#0"},
				"down": {"uv": [1, 12.5, 2, 13.5], "texture": "#0"}
			},
			"type": "cube"
		},
		{
			"name": "cube",
			"from": [9.875, 5.25, 7.625],
			"to": [10.625, 6, 8.375],
			"faces": {
				"north": {
					"uv": [1, 12.5, 2, 13.5],
					"texture": "#0"
				},
				"east": {"uv": [1, 12.5, 2, 13.5], "texture": "#0"},
				"south": {
					"uv": [1, 12.5, 2, 13.5],
					"texture": "#0"
				},
				"west": {"uv": [1, 12.5, 2, 13.5], "texture": "#0"},
				"up": {"uv": [1, 12.5, 2, 13.5], "texture": "#0"},
				"down": {"uv": [1, 12.5, 2, 13.5], "texture": "#0"}
			},
			"type": "cube"
		},
		{
			"name": "cube",
			"from": [7.625, 6, 6.125],
			"to": [8.375, 6.75, 6.875],
			"faces": {
				"north": {"uv": [14, 7, 15, 8], "texture": "#0"},
				"east": {"uv": [14, 7, 15, 8], "texture": "#0"},
				"south": {"uv": [14, 7, 15, 8], "texture": "#0"},
				"up": {
					"uv": [14, 7, 15, 8],
					"texture": "#0",
					"rotation": 270
				},
				"down": {
					"uv": [14, 7, 15, 8],
					"texture": "#0",
					"rotation": 90
				}
			},
			"type": "cube"
		},
		{
			"name": "cube",
			"from": [7.625, 5.25, 6.875],
			"to": [8.375, 6, 7.625],
			"faces": {
				"north": {"uv": [14, 7, 15, 8], "texture": "#0"},
				"east": {"uv": [14, 7, 15, 8], "texture": "#0"},
				"west": {"uv": [14, 7, 15, 8], "texture": "#0"},
				"up": {
					"uv": [14, 7, 15, 8],
					"texture": "#0",
					"rotation": 270
				},
				"down": {
					"uv": [14, 7, 15, 8],
					"texture": "#0",
					"rotation": 90
				}
			},
			"type": "cube"
		},
		{
			"name": "cube",
			"from": [7.625, 6.75, 5.375],
			"to": [8.375, 7.5, 6.125],
			"faces": {
				"north": {"uv": [14, 7, 15, 8], "texture": "#0"},
				"east": {"uv": [14, 7, 15, 8], "texture": "#0"},
				"south": {"uv": [14, 7, 15, 8], "texture": "#0"},
				"west": {"uv": [14, 7, 15, 8], "texture": "#0"},
				"up": {
					"uv": [14, 7, 15, 8],
					"texture": "#0",
					"rotation": 270
				},
				"down": {
					"uv": [14, 7, 15, 8],
					"texture": "#0",
					"rotation": 90
				}
			},
			"type": "cube"
		},
		{
			"name": "cube",
			"from": [6.125, 6, 9.125],
			"to": [6.875, 6.75, 9.875],
			"faces": {
				"north": {"uv": [4, 0.5, 5, 1.5], "texture": "#0"},
				"east": {"uv": [4, 0.5, 5, 1.5], "texture": "#0"},
				"south": {"uv": [4, 0.5, 5, 1.5], "texture": "#0"},
				"west": {"uv": [4, 0.5, 5, 1.5], "texture": "#0"},
				"up": {
					"uv": [4, 0.5, 5, 1.5],
					"texture": "#0",
					"rotation": 270
				},
				"down": {
					"uv": [4, 0.5, 5, 1.5],
					"texture": "#0",
					"rotation": 90
				}
			},
			"type": "cube"
		},
		{
			"name": "cube",
			"from": [6.875, 5.25, 8.375],
			"to": [7.625, 6, 9.125],
			"faces": {
				"north": {"uv": [4, 0.5, 5, 1.5], "texture": "#0"},
				"east": {"uv": [4, 0.5, 5, 1.5], "texture": "#0"},
				"south": {"uv": [4, 0.5, 5, 1.5], "texture": "#0"},
				"west": {"uv": [4, 0.5, 5, 1.5], "texture": "#0"},
				"up": {
					"uv": [4, 0.5, 5, 1.5],
					"texture": "#0",
					"rotation": 270
				},
				"down": {
					"uv": [4, 0.5, 5, 1.5],
					"texture": "#0",
					"rotation": 90
				}
			},
			"type": "cube"
		},
		{
			"name": "cube",
			"from": [5.375, 6.75, 9.875],
			"to": [6.125, 7.5, 10.625],
			"faces": {
				"north": {"uv": [4, 0.5, 5, 1.5], "texture": "#0"},
				"east": {"uv": [4, 0.5, 5, 1.5], "texture": "#0"},
				"south": {"uv": [4, 0.5, 5, 1.5], "texture": "#0"},
				"west": {"uv": [4, 0.5, 5, 1.5], "texture": "#0"},
				"up": {
					"uv": [4, 0.5, 5, 1.5],
					"texture": "#0",
					"rotation": 270
				},
				"down": {
					"uv": [4, 0.5, 5, 1.5],
					"texture": "#0",
					"rotation": 90
				}
			},
			"type": "cube"
		},
		{
			"name": "cube",
			"from": [9.125, 8.25, 6.125],
			"to": [9.875, 9, 6.875],
			"faces": {
				"north": {"uv": [6.5, 1, 7.5, 2], "texture": "#0"},
				"east": {"uv": [6.5, 1, 7.5, 2], "texture": "#0"},
				"south": {"uv": [6.5, 1, 7.5, 2], "texture": "#0"},
				"west": {"uv": [6.5, 1, 7.5, 2], "texture": "#0"},
				"up": {
					"uv": [6.5, 1, 7.5, 2],
					"texture": "#0",
					"rotation": 90
				},
				"down": {
					"uv": [6.5, 1, 7.5, 2],
					"texture": "#0",
					"rotation": 270
				}
			},
			"type": "cube"
		},
		{
			"name": "cube",
			"from": [8.375, 7.5, 6.875],
			"to": [9.125, 8.25, 7.625],
			"faces": {
				"north": {"uv": [6.5, 1, 7.5, 2], "texture": "#0"},
				"south": {"uv": [6.5, 1, 7.5, 2], "texture": "#0"},
				"west": {"uv": [6.5, 1, 7.5, 2], "texture": "#0"},
				"up": {
					"uv": [6.5, 1, 7.5, 2],
					"texture": "#0",
					"rotation": 90
				},
				"down": {
					"uv": [6.5, 1, 7.5, 2],
					"texture": "#0",
					"rotation": 270
				}
			},
			"type": "cube"
		},
		{
			"name": "cube",
			"from": [9.875, 9, 5.375],
			"to": [10.625, 9.75, 6.125],
			"faces": {
				"east": {"uv": [6.5, 1, 7.5, 2], "texture": "#0"},
				"south": {"uv": [6.5, 1, 7.5, 2], "texture": "#0"},
				"west": {"uv": [6.5, 1, 7.5, 2], "texture": "#0"},
				"up": {
					"uv": [6.5, 1, 7.5, 2],
					"texture": "#0",
					"rotation": 90
				},
				"down": {
					"uv": [6.5, 1, 7.5, 2],
					"texture": "#0",
					"rotation": 270
				}
			},
			"type": "cube"
		},
		{
			"name": "cube",
			"from": [6.875, 8.25, 7.625],
			"to": [7.625, 9, 8.375],
			"faces": {
				"north": {"uv": [8, 0.5, 9, 1.5], "texture": "#1"},
				"south": {"uv": [8, 0.5, 9, 1.5], "texture": "#1"},
				"west": {"uv": [8, 0.5, 9, 1.5], "texture": "#1"},
				"up": {
					"uv": [8, 0.5, 9, 1.5],
					"texture": "#1",
					"rotation": 270
				},
				"down": {
					"uv": [8, 0.5, 9, 1.5],
					"texture": "#1",
					"rotation": 90
				}
			},
			"type": "cube"
		},
		{
			"name": "cube",
			"from": [7.625, 9.75, 7.625],
			"to": [8.375, 10.5, 8.375],
			"faces": {
				"north": {"uv": [8, 0.5, 9, 1.5], "texture": "#1"},
				"east": {"uv": [8, 0.5, 9, 1.5], "texture": "#1"},
				"south": {"uv": [8, 0.5, 9, 1.5], "texture": "#1"},
				"west": {"uv": [8, 0.5, 9, 1.5], "texture": "#1"},
				"up": {
					"uv": [8, 0.5, 9, 1.5],
					"texture": "#1",
					"rotation": 270
				}
			},
			"type": "cube"
		},
		{
			"name": "cube",
			"from": [8.375, 9.375, 7.625],
			"to": [9.125, 10.125, 8.375],
			"faces": {
				"north": {"uv": [8, 0.5, 9, 1.5], "texture": "#1"},
				"east": {"uv": [8, 0.5, 9, 1.5], "texture": "#1"},
				"south": {"uv": [8, 0.5, 9, 1.5], "texture": "#1"},
				"up": {
					"uv": [8, 0.5, 9, 1.5],
					"texture": "#1",
					"rotation": 270
				},
				"down": {
					"uv": [8, 0.5, 9, 1.5],
					"texture": "#1",
					"rotation": 90
				}
			},
			"type": "cube"
		},
		{
			"name": "cube",
			"from": [8.25, 3.125, 7.875],
			"to": [9, 3.875, 8.625],
			"faces": {
				"north": {"uv": [8, 0.5, 9, 1.5], "texture": "#1"},
				"east": {"uv": [8, 0.5, 9, 1.5], "texture": "#1"},
				"south": {"uv": [8, 0.5, 9, 1.5], "texture": "#1"},
				"west": {"uv": [8, 0.5, 9, 1.5], "texture": "#1"},
				"up": {
					"uv": [8, 0.5, 9, 1.5],
					"texture": "#1",
					"rotation": 270
				},
				"down": {
					"uv": [8, 0.5, 9, 1.5],
					"texture": "#1",
					"rotation": 90
				}
			},
			"type": "cube"
		},
		{
			"name": "cube",
			"from": [7.25, 2.125, 7.875],
			"to": [8, 2.875, 8.625],
			"faces": {
				"north": {"uv": [8, 0.5, 9, 1.5], "texture": "#1"},
				"east": {"uv": [8, 0.5, 9, 1.5], "texture": "#1"},
				"south": {"uv": [8, 0.5, 9, 1.5], "texture": "#1"},
				"west": {"uv": [8, 0.5, 9, 1.5], "texture": "#1"},
				"up": {
					"uv": [8, 0.5, 9, 1.5],
					"texture": "#1",
					"rotation": 270
				},
				"down": {
					"uv": [8, 0.5, 9, 1.5],
					"texture": "#1",
					"rotation": 90
				}
			},
			"type": "cube"
		},
		{
			"name": "cube",
			"from": [8.25, 0.125, 7.375],
			"to": [9, 0.875, 8.125],
			"faces": {
				"north": {"uv": [8, 0.5, 9, 1.5], "texture": "#1"},
				"east": {"uv": [8, 0.5, 9, 1.5], "texture": "#1"},
				"south": {"uv": [8, 0.5, 9, 1.5], "texture": "#1"},
				"west": {"uv": [8, 0.5, 9, 1.5], "texture": "#1"},
				"up": {
					"uv": [8, 0.5, 9, 1.5],
					"texture": "#1",
					"rotation": 270
				},
				"down": {
					"uv": [8, 0.5, 9, 1.5],
					"texture": "#1",
					"rotation": 90
				}
			},
			"type": "cube"
		},
		{
			"name": "cube",
			"from": [7.25, 8.625, 6.875],
			"to": [8, 9.375, 7.625],
			"faces": {
				"north": {"uv": [8, 0.5, 9, 1.5], "texture": "#1"},
				"east": {"uv": [8, 0.5, 9, 1.5], "texture": "#1"},
				"south": {"uv": [8, 0.5, 9, 1.5], "texture": "#1"},
				"west": {"uv": [8, 0.5, 9, 1.5], "texture": "#1"},
				"up": {
					"uv": [8, 0.5, 9, 1.5],
					"texture": "#1",
					"rotation": 270
				},
				"down": {
					"uv": [8, 0.5, 9, 1.5],
					"texture": "#1",
					"rotation": 90
				}
			},
			"type": "cube"
		},
		{
			"name": "cube",
			"from": [7.25, 8.625, 8.375],
			"to": [8, 9.375, 9.125],
			"faces": {
				"north": {"uv": [8, 0.5, 9, 1.5], "texture": "#1"},
				"east": {"uv": [8, 0.5, 9, 1.5], "texture": "#1"},
				"south": {"uv": [8, 0.5, 9, 1.5], "texture": "#1"},
				"west": {"uv": [8, 0.5, 9, 1.5], "texture": "#1"},
				"up": {
					"uv": [8, 0.5, 9, 1.5],
					"texture": "#1",
					"rotation": 270
				},
				"down": {
					"uv": [8, 0.5, 9, 1.5],
					"texture": "#1",
					"rotation": 90
				}
			},
			"type": "cube"
		},
		{
			"name": "cube",
			"from": [8.375, 8.625, 8.375],
			"to": [9.125, 9.375, 9.125],
			"faces": {
				"north": {"uv": [8, 0.5, 9, 1.5], "texture": "#1"},
				"east": {"uv": [8, 0.5, 9, 1.5], "texture": "#1"},
				"south": {"uv": [8, 0.5, 9, 1.5], "texture": "#1"},
				"west": {"uv": [8, 0.5, 9, 1.5], "texture": "#1"},
				"up": {
					"uv": [8, 0.5, 9, 1.5],
					"texture": "#1",
					"rotation": 270
				},
				"down": {
					"uv": [8, 0.5, 9, 1.5],
					"texture": "#1",
					"rotation": 90
				}
			},
			"type": "cube"
		},
		{
			"name": "cube",
			"from": [10.625, 6, 7.25],
			"to": [11.375, 6.75, 8.75],
			"faces": {
				"north": {"uv": [7, 1, 10, 2.5], "texture": "#1"},
				"east": {"uv": [7, 1, 10, 2.5], "texture": "#1"},
				"south": {"uv": [7, 1, 10, 2.5], "texture": "#1"},
				"west": {"uv": [7, 1, 10, 2.5], "texture": "#1"},
				"up": {"uv": [7, 1, 10, 2.5], "texture": "#1"},
				"down": {"uv": [7, 1, 10, 2.5], "texture": "#1"}
			},
			"type": "cube"
		},
		{
			"name": "cube",
			"from": [8.75, 5.25, 6.875],
			"to": [10.25, 6, 7.625],
			"faces": {
				"north": {"uv": [7, 1, 10, 2.5], "texture": "#1"},
				"east": {"uv": [7, 1, 10, 2.5], "texture": "#1"},
				"south": {"uv": [7, 1, 10, 2.5], "texture": "#1"},
				"west": {"uv": [7, 1, 10, 2.5], "texture": "#1"},
				"up": {
					"uv": [7, 1, 10, 2.5],
					"texture": "#1",
					"rotation": 270
				},
				"down": {
					"uv": [7, 1, 10, 2.5],
					"texture": "#1",
					"rotation": 90
				}
			},
			"type": "cube"
		},
		{
			"name": "cube",
			"from": [7.25, 7, 4.625],
			"to": [8.75, 7.75, 5.375],
			"faces": {
				"north": {"uv": [7, 1, 10, 2.5], "texture": "#1"},
				"east": {"uv": [7, 1, 10, 2.5], "texture": "#1"},
				"south": {"uv": [7, 1, 10, 2.5], "texture": "#1"},
				"west": {"uv": [7, 1, 10, 2.5], "texture": "#1"},
				"up": {
					"uv": [7, 1, 10, 2.5],
					"texture": "#1",
					"rotation": 270
				},
				"down": {
					"uv": [7, 1, 10, 2.5],
					"texture": "#1",
					"rotation": 90
				}
			},
			"type": "cube"
		},
		{
			"name": "cube",
			"from": [9.5, 9, 4.625],
			"to": [11, 9.75, 5.375],
			"faces": {
				"north": {"uv": [7, 1, 10, 2.5], "texture": "#1"},
				"east": {"uv": [7, 1, 10, 2.5], "texture": "#1"},
				"south": {"uv": [7, 1, 10, 2.5], "texture": "#1"},
				"west": {"uv": [7, 1, 10, 2.5], "texture": "#1"},
				"up": {
					"uv": [7, 1, 10, 2.5],
					"texture": "#1",
					"rotation": 270
				},
				"down": {
					"uv": [7, 1, 10, 2.5],
					"texture": "#1",
					"rotation": 90
				}
			},
			"type": "cube"
		},
		{
			"name": "cube",
			"from": [4.625, 6, 9.5],
			"to": [5.375, 6.75, 11],
			"faces": {
				"north": {"uv": [7, 1, 10, 2.5], "texture": "#1"},
				"east": {"uv": [7, 1, 10, 2.5], "texture": "#1"},
				"south": {"uv": [7, 1, 10, 2.5], "texture": "#1"},
				"west": {"uv": [7, 1, 10, 2.5], "texture": "#1"},
				"up": {
					"uv": [7, 1, 10, 2.5],
					"texture": "#1",
					"rotation": 180
				},
				"down": {
					"uv": [7, 1, 10, 2.5],
					"texture": "#1",
					"rotation": 180
				}
			},
			"type": "cube"
		},
		{
			"name": "cube",
			"from": [9.125, 7.5, 6.5],
			"to": [9.875, 8.25, 8],
			"faces": {
				"north": {"uv": [7, 1, 10, 2.5], "texture": "#1"},
				"east": {"uv": [7, 1, 10, 2.5], "texture": "#1"},
				"south": {"uv": [7, 1, 10, 2.5], "texture": "#1"},
				"west": {"uv": [7, 1, 10, 2.5], "texture": "#1"},
				"up": {"uv": [7, 1, 10, 2.5], "texture": "#1"},
				"down": {"uv": [7, 1, 10, 2.5], "texture": "#1"}
			},
			"type": "cube"
		},
		{
			"name": "cube",
			"from": [5.75, 6.75, 10.625],
			"to": [7.25, 7.5, 11.375],
			"faces": {
				"north": {"uv": [7, 1, 10, 2.5], "texture": "#1"},
				"east": {"uv": [7, 1, 10, 2.5], "texture": "#1"},
				"south": {"uv": [7, 1, 10, 2.5], "texture": "#1"},
				"west": {"uv": [7, 1, 10, 2.5], "texture": "#1"},
				"up": {
					"uv": [7, 1, 10, 2.5],
					"texture": "#1",
					"rotation": 90
				},
				"down": {
					"uv": [7, 1, 10, 2.5],
					"texture": "#1",
					"rotation": 270
				}
			},
			"type": "cube"
		},
		{
			"name": "cube",
			"from": [6.875, 6, 5.75],
			"to": [7.625, 6.75, 7.25],
			"faces": {
				"north": {"uv": [7, 1, 10, 2.5], "texture": "#1"},
				"east": {"uv": [7, 1, 10, 2.5], "texture": "#1"},
				"south": {"uv": [7, 1, 10, 2.5], "texture": "#1"},
				"west": {"uv": [7, 1, 10, 2.5], "texture": "#1"},
				"up": {
					"uv": [7, 1, 10, 2.5],
					"texture": "#1",
					"rotation": 180
				},
				"down": {
					"uv": [7, 1, 10, 2.5],
					"texture": "#1",
					"rotation": 180
				}
			},
			"type": "cube"
		},
		{
			"name": "cube",
			"from": [9.375, 8.625, 3.875],
			"to": [10.625, 9.375, 4.625],
			"faces": {
				"north": {"uv": [8.5, 1.5, 11, 3], "texture": "#1"},
				"east": {"uv": [8.5, 1.5, 11, 3], "texture": "#1"},
				"south": {"uv": [8.5, 1.5, 11, 3], "texture": "#1"},
				"west": {"uv": [8.5, 1.5, 11, 3], "texture": "#1"},
				"up": {
					"uv": [8.5, 1.5, 11, 3],
					"texture": "#1",
					"rotation": 270
				},
				"down": {
					"uv": [8.5, 1.5, 11, 3],
					"texture": "#1",
					"rotation": 90
				}
			},
			"type": "cube"
		},
		{
			"name": "cube",
			"from": [7.625, 6.625, 3.875],
			"to": [8.875, 7.375, 4.625],
			"faces": {
				"north": {"uv": [8.5, 1.5, 11, 3], "texture": "#1"},
				"east": {"uv": [8.5, 1.5, 11, 3], "texture": "#1"},
				"south": {"uv": [8.5, 1.5, 11, 3], "texture": "#1"},
				"west": {"uv": [8.5, 1.5, 11, 3], "texture": "#1"},
				"up": {
					"uv": [8.5, 1.5, 11, 3],
					"texture": "#1",
					"rotation": 270
				},
				"down": {
					"uv": [8.5, 1.5, 11, 3],
					"texture": "#1",
					"rotation": 90
				}
			},
			"type": "cube"
		},
		{
			"name": "cube",
			"from": [9.125, 4.875, 6.125],
			"to": [10.375, 5.625, 6.875],
			"faces": {
				"north": {"uv": [8.5, 1.5, 11, 3], "texture": "#1"},
				"east": {"uv": [8.5, 1.5, 11, 3], "texture": "#1"},
				"south": {"uv": [8.5, 1.5, 11, 3], "texture": "#1"},
				"west": {"uv": [8.5, 1.5, 11, 3], "texture": "#1"},
				"up": {
					"uv": [8.5, 1.5, 11, 3],
					"texture": "#1",
					"rotation": 270
				},
				"down": {
					"uv": [8.5, 1.5, 11, 3],
					"texture": "#1",
					"rotation": 90
				}
			},
			"type": "cube"
		},
		{
			"name": "cube",
			"from": [11.375, 5.625, 7.125],
			"to": [12.125, 6.375, 8.375],
			"faces": {
				"north": {"uv": [8.5, 1.5, 11, 3], "texture": "#1"},
				"east": {"uv": [8.5, 1.5, 11, 3], "texture": "#1"},
				"south": {"uv": [8.5, 1.5, 11, 3], "texture": "#1"},
				"west": {"uv": [8.5, 1.5, 11, 3], "texture": "#1"},
				"up": {"uv": [8.5, 1.5, 11, 3], "texture": "#1"},
				"down": {"uv": [8.5, 1.5, 11, 3], "texture": "#1"}
			},
			"type": "cube"
		},
		{
			"name": "cube",
			"from": [9.875, 7.125, 6.875],
			"to": [10.625, 7.875, 8.125],
			"faces": {
				"north": {"uv": [8.5, 1.5, 11, 3], "texture": "#1"},
				"east": {"uv": [8.5, 1.5, 11, 3], "texture": "#1"},
				"south": {"uv": [8.5, 1.5, 11, 3], "texture": "#1"},
				"west": {"uv": [8.5, 1.5, 11, 3], "texture": "#1"},
				"up": {"uv": [8.5, 1.5, 11, 3], "texture": "#1"},
				"down": {"uv": [8.5, 1.5, 11, 3], "texture": "#1"}
			},
			"type": "cube"
		},
		{
			"name": "cube",
			"from": [6.125, 6.375, 11.375],
			"to": [7.375, 7.125, 12.125],
			"faces": {
				"north": {"uv": [8.5, 1.5, 11, 3], "texture": "#1"},
				"east": {"uv": [8.5, 1.5, 11, 3], "texture": "#1"},
				"south": {"uv": [8.5, 1.5, 11, 3], "texture": "#1"},
				"west": {"uv": [8.5, 1.5, 11, 3], "texture": "#1"},
				"up": {
					"uv": [8.5, 1.5, 11, 3],
					"texture": "#1",
					"rotation": 90
				},
				"down": {
					"uv": [8.5, 1.5, 11, 3],
					"texture": "#1",
					"rotation": 270
				}
			},
			"type": "cube"
		},
		{
			"name": "cube",
			"from": [3.875, 5.625, 9.375],
			"to": [4.625, 6.375, 10.625],
			"faces": {
				"north": {"uv": [8.5, 1.5, 11, 3], "texture": "#1"},
				"east": {"uv": [8.5, 1.5, 11, 3], "texture": "#1"},
				"south": {"uv": [8.5, 1.5, 11, 3], "texture": "#1"},
				"west": {"uv": [8.5, 1.5, 11, 3], "texture": "#1"},
				"up": {
					"uv": [8.5, 1.5, 11, 3],
					"texture": "#1",
					"rotation": 180
				},
				"down": {
					"uv": [8.5, 1.5, 11, 3],
					"texture": "#1",
					"rotation": 180
				}
			},
			"type": "cube"
		},
		{
			"name": "cube",
			"from": [6.125, 5.625, 6.125],
			"to": [6.875, 6.375, 7.375],
			"faces": {
				"north": {"uv": [8.5, 1.5, 11, 3], "texture": "#1"},
				"east": {"uv": [8.5, 1.5, 11, 3], "texture": "#1"},
				"south": {"uv": [8.5, 1.5, 11, 3], "texture": "#1"},
				"west": {"uv": [8.5, 1.5, 11, 3], "texture": "#1"},
				"up": {
					"uv": [8.5, 1.5, 11, 3],
					"texture": "#1",
					"rotation": 180
				},
				"down": {
					"uv": [8.5, 1.5, 11, 3],
					"texture": "#1",
					"rotation": 180
				}
			},
			"type": "cube"
		}
	],
	"groups": [
		{
			"name": "Sappling",
			"isOpen": false,
			"display": {"visibility": true, "autouv": true},
			"children": [
				{
					"name": "Tronc",
					"isOpen": true,
					"display": {"visibility": true, "autouv": true},
					"children": [0]
				},
				{
					"name": "Branche1",
					"isOpen": true,
					"display": {"visibility": true, "autouv": true},
					"children": [1, 2, 3]
				},
				{
					"name": "Branche2",
					"isOpen": true,
					"display": {"visibility": true, "autouv": true},
					"children": [4, 5, 6]
				},
				{
					"name": "Branche3",
					"isOpen": true,
					"display": {"visibility": true, "autouv": true},
					"children": [7, 8, 9]
				},
				{
					"name": "Branche4",
					"display": {"visibility": true, "autouv": true},
					"children": [10, 11, 12]
				}
			]
		},
		{
			"name": "PetiteFeuille",
			"isOpen": true,
			"display": {"visibility": true, "autouv": true},
			"children": [13, 14, 15, 16, 17, 18, 19, 20, 21]
		},
		{
			"name": "GrandeFeuille",
			"isOpen": true,
			"display": {"visibility": true, "autouv": true},
			"children": [22, 23, 24, 25, 26, 27, 28, 29]
		},
		{
			"name": "MoyFeuille",
			"isOpen": true,
			"display": {"visibility": true, "autouv": true},
			"children": [30, 31, 32, 33, 34, 35, 36, 37]
		}
	],
	"display": {
		"thirdperson_righthand": {
			"scale": [0.55, 0.55, 0.55],
			"rotation": [0, 0, 0],
			"translation": [0, 3, 1]
		},
		"thirdperson_lefthand": {
			"scale": [0.55, 0.55, 0.55],
			"rotation": [0, 0, 0],
			"translation": [0, 3, 1]
		},
		"firstperson_righthand": {
			"scale": [0.68, 0.68, 0.68],
			"rotation": [0, -90, 25],
			"translation": [1.13, 3.2, 0]
		},
		"firstperson_lefthand": {
			"scale": [0.68, 0.68, 0.68],
			"rotation": [0, -90, 25],
			"translation": [1.13, 3.2, 0]
		},
		"head": {
			"scale": [1, 1, 1],
			"rotation": [0, 180, 0],
			"translation": [0, 13, 7]
		},
		"ground": {
			"scale": [0.5, 0.5, 0.5],
			"rotation": [0, 0, 0],
			"translation": [0, 2, 0]
		},
		"fixed": {
			"scale": [1, 1, 1],
			"rotation": [0, 180, 0],
			"translation": [0, 0, 0]
		}
	}
}