{
	"credit": "Made with Blockbench",
	"textures": {
		"0": "block/jungle_door_bottom",
		"particle": "block/jungle_door_bottom"
	},
	"elements": [
		{
			"from": [0, 0, 0],
			"to": [1.5, 3, 16],
			"faces": {
				"north": {"uv": [1.484, 13.016, 0.016, 15.984], "texture": "#0", "cullface": "north"},
				"south": {"uv": [15.984, 13.016, 14.516, 15.984], "texture": "#0", "cullface": "south"},
				"west": {"uv": [0.016, 13.016, 15.984, 15.984], "texture": "#0", "cullface": "west"},
				"up": {"uv": [15.984, 13.016, 0.016, 14.484], "texture": "#0", "rotation": 270},
				"down": {"uv": [15.984, 14.516, 0.016, 15.984], "texture": "#0", "rotation": 90, "cullface": "down"}
			}
		},
		{
			"from": [0, 3, 9],
			"to": [1.5, 14, 16],
			"faces": {
				"north": {"uv": [10.484, 2.016, 9.016, 12.984], "texture": "#0"},
				"south": {"uv": [15.984, 2.016, 14.516, 12.984], "texture": "#0", "cullface": "south"},
				"west": {"uv": [9.016, 2.016, 15.984, 12.984], "texture": "#0", "cullface": "west"}
			}
		},
		{
			"from": [0, 3, 0],
			"to": [1.5, 14, 7],
			"faces": {
				"north": {"uv": [1.484, 2.016, 0.016, 12.984], "texture": "#0", "cullface": "north"},
				"south": {"uv": [6.984, 2.016, 5.516, 12.984], "texture": "#0"},
				"west": {"uv": [0.016, 2.016, 6.984, 12.984], "texture": "#0", "cullface": "west"}
			}
		},
		{
			"from": [0, 14, 0],
			"to": [1.5, 16, 16],
			"faces": {
				"north": {"uv": [1.484, 0.016, 0.016, 1.984], "texture": "#0", "cullface": "north"},
				"south": {"uv": [15.984, 0.016, 14.516, 1.984], "texture": "#0", "cullface": "south"},
				"west": {"uv": [0.016, 0.016, 15.984, 1.984], "texture": "#0", "cullface": "west"},
				"down": {"uv": [15.984, 0.516, 0.016, 1.984], "texture": "#0", "rotation": 90}
			}
		},
		{
			"from": [1.5, 0, 0],
			"to": [3, 3, 16],
			"faces": {
				"north": {"uv": [0.016, 13.016, 1.484, 15.984], "texture": "#0", "cullface": "north"},
				"east": {"uv": [15.984, 13.016, 0.016, 15.984], "texture": "#0"},
				"south": {"uv": [14.516, 13.016, 15.984, 15.984], "texture": "#0", "cullface": "south"},
				"up": {"uv": [0.016, 13.016, 15.984, 14.484], "texture": "#0", "rotation": 90},
				"down": {"uv": [0.016, 14.516, 15.984, 15.984], "texture": "#0", "rotation": 270, "cullface": "down"}
			}
		},
		{
			"from": [1.5, 3, 0],
			"to": [3, 14, 7],
			"faces": {
				"north": {"uv": [0.016, 2.016, 1.484, 12.984], "texture": "#0", "cullface": "north"},
				"east": {"uv": [6.984, 2.016, 0.016, 12.984], "texture": "#0"},
				"south": {"uv": [5.516, 2.016, 6.984, 12.984], "texture": "#0"}
			}
		},
		{
			"from": [1.5, 14, 0],
			"to": [3, 16, 16],
			"faces": {
				"north": {"uv": [0.016, 0.016, 1.484, 1.984], "texture": "#0", "cullface": "north"},
				"east": {"uv": [15.984, 0.016, 0.016, 1.984], "texture": "#0"},
				"south": {"uv": [14.516, 0.016, 15.984, 1.984], "texture": "#0", "cullface": "south"},
				"down": {"uv": [0.016, 0.516, 15.984, 1.984], "texture": "#0", "rotation": 270}
			}
		},
		{
			"from": [1.5, 3, 9],
			"to": [3, 14, 16],
			"faces": {
				"north": {"uv": [9.016, 2.016, 10.484, 12.984], "texture": "#0"},
				"east": {"uv": [15.984, 2.016, 9.016, 12.984], "texture": "#0"},
				"south": {"uv": [14.516, 2.016, 15.984, 12.984], "texture": "#0", "cullface": "south"}
			}
		}
	]
}