{
	"credit": "Made with Blockbench",
	"textures": {
		"0": "block/jungle_door_top",
		"particle": "block/jungle_door_top"
	},
	"elements": [
		{
			"from": [0, 0, 0],
			"to": [1.5, 6, 16],
			"faces": {
				"north": {"uv": [1.484, 10.016, 0.016, 15.984], "texture": "#0", "cullface": "north"},
				"south": {"uv": [15.984, 10.016, 14.516, 15.984], "texture": "#0", "cullface": "south"},
				"west": {"uv": [0.016, 10.016, 15.984, 15.984], "texture": "#0", "cullface": "west"},
				"up": {"uv": [15.984, 10.016, 0.016, 11.484], "texture": "#0", "rotation": 270}
			}
		},
		{
			"from": [0, 6, 11.5],
			"to": [1.5, 10.5, 16],
			"faces": {
				"north": {"uv": [12.984, 5.516, 11.516, 9.984], "texture": "#0"},
				"south": {"uv": [15.984, 5.516, 14.516, 9.984], "texture": "#0", "cullface": "south"},
				"west": {"uv": [11.516, 5.516, 15.984, 9.984], "texture": "#0", "cullface": "west"}
			}
		},
		{
			"from": [0, 10.5, 11],
			"to": [1.5, 16, 16],
			"faces": {
				"north": {"uv": [11.016, 0.016, 12.484, 5.484], "texture": "#0"},
				"south": {"uv": [15.984, 0.016, 14.516, 5.484], "texture": "#0", "cullface": "south"},
				"west": {"uv": [11.016, 0.016, 15.984, 5.484], "texture": "#0", "cullface": "west"},
				"up": {"uv": [15.984, 0.016, 11.016, 1.484], "texture": "#0", "rotation": 270, "cullface": "up"},
				"down": {"uv": [11.016, 4.516, 15.984, 5.484], "texture": "#0", "rotation": 270}
			}
		},
		{
			"from": [0, 10.5, 0],
			"to": [1.5, 16, 5],
			"faces": {
				"north": {"uv": [0.016, 0.016, 1.484, 5.484], "texture": "#0", "cullface": "north"},
				"south": {"uv": [4.984, 0.016, 3.516, 5.484], "texture": "#0"},
				"west": {"uv": [0.016, 0.016, 4.984, 5.484], "texture": "#0", "cullface": "west"},
				"up": {"uv": [4.984, 0.016, 0.016, 1.484], "texture": "#0", "rotation": 270, "cullface": "up"},
				"down": {"uv": [0.016, 4.516, 4.984, 5.484], "texture": "#0", "rotation": 270}
			}
		},
		{
			"from": [0, 6, 0],
			"to": [1.5, 10.5, 4.5],
			"faces": {
				"north": {"uv": [1.484, 5.516, 0.016, 9.984], "texture": "#0", "cullface": "north"},
				"south": {"uv": [4.484, 5.516, 3.016, 9.984], "texture": "#0"},
				"west": {"uv": [0.016, 5.516, 4.484, 9.984], "texture": "#0", "cullface": "west"}
			}
		},
		{
			"from": [0, 12, 5.5],
			"to": [1.5, 16, 6],
			"faces": {
				"south": {"uv": [5.984, 0.016, 4.516, 3.984], "texture": "#0"},
				"west": {"uv": [5.516, 0.016, 5.984, 3.984], "texture": "#0", "cullface": "west"},
				"up": {"uv": [5.516, 0.016, 5.984, 1.484], "texture": "#0", "rotation": 270, "cullface": "up"},
				"down": {"uv": [10.516, 4.016, 11.984, 4.484], "texture": "#0"}
			}
		},
		{
			"from": [0, 12.5, 9],
			"to": [1.5, 16, 10],
			"faces": {
				"north": {"uv": [11.984, 0.016, 10.516, 4.484], "texture": "#0"},
				"west": {"uv": [9.016, 0.016, 9.984, 3.484], "texture": "#0", "cullface": "west"},
				"up": {"uv": [9.984, 0.016, 9.016, 1.484], "texture": "#0", "rotation": 270, "cullface": "up"},
				"down": {"uv": [10.484, 2.516, 9.016, 3.484], "texture": "#0"}
			}
		},
		{
			"from": [0, 11.5, 10.5],
			"to": [1.5, 16, 11],
			"faces": {
				"north": {"uv": [11.984, 0.016, 10.516, 4.484], "texture": "#0"},
				"west": {"uv": [10.516, 0.016, 10.984, 4.484], "texture": "#0", "cullface": "west"},
				"up": {"uv": [10.516, 0.016, 10.984, 1.484], "texture": "#0", "rotation": 270, "cullface": "up"},
				"down": {"uv": [10.516, 4.016, 11.984, 4.484], "texture": "#0"}
			}
		},
		{
			"from": [0, 13, 7],
			"to": [1.5, 16, 9],
			"faces": {
				"west": {"uv": [7.016, 0.016, 8.984, 2.984], "texture": "#0", "cullface": "west"},
				"up": {"uv": [8.984, 0.016, 7.016, 1.484], "texture": "#0", "rotation": 270, "cullface": "up"},
				"down": {"uv": [8.984, 1.516, 7.016, 2.984], "texture": "#0", "rotation": 90}
			}
		},
		{
			"from": [0, 12, 10],
			"to": [1.5, 16, 10.5],
			"faces": {
				"north": {"uv": [11.984, 0.016, 10.516, 4.484], "texture": "#0"},
				"west": {"uv": [10.016, 0.016, 10.484, 3.984], "texture": "#0", "cullface": "west"},
				"up": {"uv": [10.016, 0.016, 10.484, 1.484], "texture": "#0", "rotation": 270, "cullface": "up"},
				"down": {"uv": [5.484, 4.016, 4.016, 4.484], "texture": "#0"}
			}
		},
		{
			"from": [0, 12.5, 6],
			"to": [1.5, 16, 7],
			"faces": {
				"south": {"uv": [5.484, 0.016, 4.016, 4.484], "texture": "#0"},
				"west": {"uv": [6.016, 0.016, 6.984, 3.484], "texture": "#0", "cullface": "west"},
				"up": {"uv": [6.984, 0.016, 6.016, 1.484], "texture": "#0", "rotation": 270, "cullface": "up"},
				"down": {"uv": [6.984, 2.516, 5.516, 3.484], "texture": "#0"}
			}
		},
		{
			"from": [0, 11.5, 5],
			"to": [1.5, 16, 5.5],
			"faces": {
				"south": {"uv": [5.484, 0.016, 4.016, 4.484], "texture": "#0"},
				"west": {"uv": [5.016, 0.016, 5.484, 4.484], "texture": "#0", "cullface": "west"},
				"up": {"uv": [5.016, 0.016, 5.484, 1.484], "texture": "#0", "rotation": 270, "cullface": "up"},
				"down": {"uv": [5.484, 4.016, 4.016, 4.484], "texture": "#0"}
			}
		},
		{
			"from": [1.5, 0, 0],
			"to": [3, 6, 16],
			"faces": {
				"north": {"uv": [0.016, 10.016, 1.484, 15.984], "texture": "#0", "cullface": "north"},
				"east": {"uv": [15.984, 10.016, 0.016, 15.984], "texture": "#0"},
				"south": {"uv": [14.516, 10.016, 15.984, 15.984], "texture": "#0", "cullface": "south"},
				"up": {"uv": [0.016, 10.016, 15.984, 11.484], "texture": "#0", "rotation": 90}
			}
		},
		{
			"from": [1.5, 6, 0],
			"to": [3, 10.5, 4.5],
			"faces": {
				"north": {"uv": [0.016, 5.516, 1.484, 9.984], "texture": "#0", "cullface": "north"},
				"east": {"uv": [4.484, 5.516, 0.016, 9.984], "texture": "#0"},
				"south": {"uv": [3.016, 5.516, 4.484, 9.984], "texture": "#0"}
			}
		},
		{
			"from": [1.5, 6, 11.5],
			"to": [3, 10.5, 16],
			"faces": {
				"north": {"uv": [11.516, 5.516, 12.984, 9.984], "texture": "#0"},
				"east": {"uv": [15.984, 5.516, 11.516, 9.984], "texture": "#0"},
				"south": {"uv": [14.516, 5.516, 15.984, 9.984], "texture": "#0", "cullface": "south"}
			}
		},
		{
			"from": [1.5, 10.5, 0],
			"to": [3, 16, 5],
			"faces": {
				"north": {"uv": [1.484, 0.016, 0.016, 5.484], "texture": "#0", "cullface": "north"},
				"east": {"uv": [4.984, 0.016, 0.016, 5.484], "texture": "#0"},
				"south": {"uv": [3.516, 0.016, 4.984, 5.484], "texture": "#0"},
				"up": {"uv": [0.016, 0.016, 4.984, 1.484], "texture": "#0", "rotation": 90, "cullface": "up"},
				"down": {"uv": [4.984, 4.516, 0.016, 5.484], "texture": "#0", "rotation": 90}
			}
		},
		{
			"from": [1.5, 10.5, 11],
			"to": [3, 16, 16],
			"faces": {
				"north": {"uv": [12.484, 0.016, 11.016, 5.484], "texture": "#0"},
				"east": {"uv": [15.984, 0.016, 11.016, 5.484], "texture": "#0"},
				"south": {"uv": [14.516, 0.016, 15.984, 5.484], "texture": "#0", "cullface": "south"},
				"up": {"uv": [11.016, 0.016, 15.984, 1.484], "texture": "#0", "rotation": 90, "cullface": "up"},
				"down": {"uv": [15.984, 4.516, 11.016, 5.484], "texture": "#0", "rotation": 90}
			}
		},
		{
			"from": [1.5, 11.5, 5],
			"to": [3, 16, 5.5],
			"faces": {
				"east": {"uv": [5.484, 0.016, 5.016, 4.484], "texture": "#0"},
				"south": {"uv": [4.016, 0.016, 5.484, 4.484], "texture": "#0"},
				"up": {"uv": [5.484, 0.016, 5.016, 1.484], "texture": "#0", "rotation": 90, "cullface": "up"},
				"down": {"uv": [4.016, 4.016, 5.484, 4.484], "texture": "#0"}
			}
		},
		{
			"from": [1.5, 11.5, 10.5],
			"to": [3, 16, 11],
			"faces": {
				"north": {"uv": [10.516, 0.016, 11.984, 4.484], "texture": "#0"},
				"east": {"uv": [10.984, 0.016, 10.516, 4.484], "texture": "#0"},
				"up": {"uv": [10.984, 0.016, 10.516, 1.484], "texture": "#0", "rotation": 90, "cullface": "up"},
				"down": {"uv": [11.984, 4.016, 10.516, 4.484], "texture": "#0"}
			}
		},
		{
			"from": [1.5, 12, 10],
			"to": [3, 16, 10.5],
			"faces": {
				"north": {"uv": [10.516, 0.016, 11.984, 4.484], "texture": "#0"},
				"east": {"uv": [10.484, 0.016, 10.016, 3.984], "texture": "#0"},
				"up": {"uv": [10.484, 0.016, 10.016, 1.484], "texture": "#0", "rotation": 90, "cullface": "up"},
				"down": {"uv": [4.016, 4.016, 5.484, 4.484], "texture": "#0"}
			}
		},
		{
			"from": [1.5, 12, 5.5],
			"to": [3, 16, 6],
			"faces": {
				"east": {"uv": [5.984, 0.016, 5.516, 3.984], "texture": "#0"},
				"south": {"uv": [4.516, 0.016, 5.984, 3.984], "texture": "#0"},
				"up": {"uv": [5.984, 0.016, 5.516, 1.484], "texture": "#0", "rotation": 90, "cullface": "up"},
				"down": {"uv": [11.984, 4.016, 10.516, 4.484], "texture": "#0"}
			}
		},
		{
			"from": [1.5, 12.5, 6],
			"to": [3, 16, 7],
			"faces": {
				"east": {"uv": [6.984, 0.016, 6.016, 3.484], "texture": "#0"},
				"south": {"uv": [4.016, 0.016, 5.484, 4.484], "texture": "#0"},
				"up": {"uv": [6.016, 0.016, 6.984, 1.484], "texture": "#0", "rotation": 90, "cullface": "up"},
				"down": {"uv": [5.516, 2.516, 6.984, 3.484], "texture": "#0"}
			}
		},
		{
			"from": [1.5, 12.5, 9],
			"to": [3, 16, 10],
			"faces": {
				"north": {"uv": [10.516, 0.016, 11.984, 4.484], "texture": "#0"},
				"east": {"uv": [9.984, 0.016, 9.016, 3.484], "texture": "#0"},
				"up": {"uv": [9.016, 0.016, 9.984, 1.484], "texture": "#0", "rotation": 90, "cullface": "up"},
				"down": {"uv": [9.016, 2.516, 10.484, 3.484], "texture": "#0"}
			}
		},
		{
			"from": [1.5, 13, 7],
			"to": [3, 16, 9],
			"faces": {
				"east": {"uv": [8.984, 0.016, 7.016, 2.984], "texture": "#0"},
				"up": {"uv": [7.016, 0.016, 8.984, 1.484], "texture": "#0", "rotation": 90, "cullface": "up"},
				"down": {"uv": [7.016, 1.516, 8.984, 2.984], "texture": "#0", "rotation": 270}
			}
		}
	]
}