{
	"textures": {
		"0": "block/ladder",
		"particle": "block/ladder"
	},
	"elements": [
		{
			"name": "cube",
			"from": [12, 0, 14.5],
			"to": [13.5, 16, 16],
			"faces": {
				"north": {
					"uv": [13.44, 0.06, 12.06, 15.94],
					"texture": "#0"
				},
				"east": {
					"uv": [3.94, 0.06, 2.56, 15.94],
					"texture": "#0"
				},
				"south": {
					"uv": [13.44, 0.06, 12.06, 15.94],
					"texture": "#0"
				},
				"west": {
					"uv": [3.94, 0.06, 2.56, 15.94],
					"texture": "#0"
				},
				"up": {
					"uv": [2.56, 1.44, 3.94, 0.06],
					"texture": "#0"
				},
				"down": {
					"uv": [2.56, 15.94, 3.94, 14.56],
					"texture": "#0"
				}
			},
			"type": "cube"
		},
		{
			"name": "cube",
			"from": [2.5, 0, 14.5],
			"to": [4, 16, 16],
			"faces": {
				"north": {
					"uv": [3.94, 0.06, 2.56, 15.94],
					"texture": "#0"
				},
				"east": {
					"uv": [13.44, 0.06, 12.06, 15.94],
					"texture": "#0"
				},
				"south": {
					"uv": [13.44, 0.06, 12.06, 15.94],
					"texture": "#0"
				},
				"west": {
					"uv": [13.44, 0.06, 12.06, 15.94],
					"texture": "#0"
				},
				"up": {
					"uv": [2.56, 1.44, 3.94, 0.06],
					"texture": "#0"
				},
				"down": {
					"uv": [2.56, 15.94, 3.94, 14.56],
					"texture": "#0"
				}
			},
			"type": "cube"
		},
		{
			"name": "cube",
			"from": [4, 13.5, 15],
			"to": [12, 14.5, 16],
			"faces": {
				"north": {
					"uv": [11.94, 1.56, 4.06, 2.44],
					"texture": "#0"
				},
				"south": {
					"uv": [11.94, 1.56, 4.06, 2.44],
					"texture": "#0"
				},
				"up": {
					"uv": [4.06, 6.44, 11.94, 5.56],
					"texture": "#0"
				},
				"down": {
					"uv": [4.06, 6.44, 11.94, 5.56],
					"texture": "#0"
				}
			},
			"type": "cube"
		},
		{
			"name": "cube",
			"from": [4, 9.5, 15],
			"to": [12, 10.5, 16],
			"faces": {
				"north": {
					"uv": [11.94, 5.56, 4.06, 6.44],
					"texture": "#0"
				},
				"south": {
					"uv": [11.94, 5.56, 4.06, 6.44],
					"texture": "#0"
				},
				"up": {
					"uv": [4.06, 2.44, 11.94, 1.56],
					"texture": "#0"
				},
				"down": {
					"uv": [4.06, 2.44, 11.94, 1.56],
					"texture": "#0"
				}
			},
			"type": "cube"
		},
		{
			"name": "cube",
			"from": [4, 5.5, 15],
			"to": [12, 6.5, 16],
			"faces": {
				"north": {
					"uv": [11.94, 9.56, 4.06, 10.44],
					"texture": "#0"
				},
				"south": {
					"uv": [11.94, 9.56, 4.06, 10.44],
					"texture": "#0"
				},
				"up": {
					"uv": [4.06, 14.44, 11.94, 13.56],
					"texture": "#0"
				},
				"down": {
					"uv": [4.06, 14.44, 11.94, 13.56],
					"texture": "#0"
				}
			},
			"type": "cube"
		},
		{
			"name": "cube",
			"from": [4, 1.5, 15],
			"to": [12, 2.5, 16],
			"faces": {
				"north": {
					"uv": [11.94, 13.56, 4.06, 14.44],
					"texture": "#0"
				},
				"south": {
					"uv": [11.94, 13.56, 4.06, 14.44],
					"texture": "#0"
				},
				"up": {
					"uv": [4.06, 10.44, 11.94, 9.56],
					"texture": "#0"
				},
				"down": {
					"uv": [4.06, 10.44, 11.94, 9.56],
					"texture": "#0"
				}
			},
			"type": "cube"
		}
	]
}