{
	"parent": "block/cube_all",
	"textures": {
		"1": "block/netherrack",
		"2": "custom/nether_quartz_ore",
		"particle":	"block/netherrack"
	},
	"elements": [
		{
			"name": "block",
			"from": [0, 0, 0],
			"to": [16, 16, 16],
			"faces": {
				"north": {
					"uv": [0.016, 0.016, 15.984, 15.984],
					"texture": "#1",
					"cullface": "north"
				},
				"east": {
					"uv": [0.016, 0.016, 15.984, 15.984],
					"texture": "#1",
					"cullface": "east"
				},
				"south": {
					"uv": [0.016, 0.016, 15.984, 15.984],
					"texture": "#1",
					"cullface": "south"
				},
				"west": {
					"uv": [0.016, 0.016, 15.984, 15.984],
					"texture": "#1",
					"cullface": "west"
				},
				"up": {
					"uv": [0.016, 0.016, 15.984, 15.984],
					"texture": "#1",
					"cullface": "up"
				},
				"down": {
					"uv": [0.016, 0.016, 15.984, 15.984],
					"texture": "#1",
					"cullface": "down"
				}
			},
			"type": "cube"
		},
		{
			"name": "cube",
			"from": [5, 16, 4],
			"to": [6, 16.5, 5],
			"faces": {
				"north": {
					"uv": [4.016, 5.984, 4.984, 5.016],
					"texture": "#2",
					"cullface": "up",
					"rotation": 90
				},
				"east": {
					"uv": [4.016, 5.984, 4.984, 5.016],
					"texture": "#2",
					"cullface": "up"
				},
				"south": {
					"uv": [4.016, 5.984, 4.984, 5.016],
					"texture": "#2",
					"cullface": "up",
					"rotation": 270
				},
				"up": {
					"uv": [4.016, 5.984, 4.984, 5.016],
					"texture": "#2",
					"cullface": "up",
					"rotation": 270
				}
			},
			"type": "cube"
		},
		{
			"name": "cube",
			"from": [9, 16, 12],
			"to": [11, 16.5, 14],
			"faces": {
				"north": {
					"uv": [12.016, 9.984, 13.984, 8.016],
					"texture": "#2",
					"cullface": "up",
					"rotation": 90
				},
				"east": {
					"uv": [12.016, 9.984, 13.984, 8.016],
					"texture": "#2",
					"cullface": "up"
				},
				"south": {
					"uv": [12.016, 9.984, 13.984, 8.016],
					"texture": "#2",
					"cullface": "up",
					"rotation": 270
				},
				"west": {
					"uv": [12.016, 9.984, 13.984, 8.016],
					"texture": "#2",
					"cullface": "up",
					"rotation": 180
				},
				"up": {
					"uv": [12.016, 9.984, 13.984, 8.016],
					"texture": "#2",
					"cullface": "up",
					"rotation": 270
				}
			},
			"type": "cube"
		},
		{
			"name": "cube",
			"from": [9, 16, 4],
			"to": [10, 16.5, 6],
			"faces": {
				"north": {
					"uv": [4.016, 9.984, 5.984, 9.016],
					"texture": "#2",
					"cullface": "up",
					"rotation": 90
				},
				"east": {
					"uv": [4.016, 9.984, 5.984, 9.016],
					"texture": "#2",
					"cullface": "up"
				},
				"south": {
					"uv": [4.016, 9.984, 5.984, 9.016],
					"texture": "#2",
					"cullface": "up",
					"rotation": 270
				},
				"up": {
					"uv": [4.016, 9.984, 5.984, 9.016],
					"texture": "#2",
					"cullface": "up",
					"rotation": 270
				}
			},
			"type": "cube"
		},
		{
			"name": "cube",
			"from": [8, 16, 13],
			"to": [9, 16.5, 15],
			"faces": {
				"north": {
					"uv": [13.016, 7.984, 14.984, 7.016],
					"texture": "#2",
					"cullface": "up",
					"rotation": 90
				},
				"east": {
					"uv": [13.016, 7.984, 14.984, 7.016],
					"texture": "#2",
					"cullface": "up"
				},
				"south": {
					"uv": [13.016, 7.984, 14.984, 7.016],
					"texture": "#2",
					"cullface": "up",
					"rotation": 270
				},
				"west": {
					"uv": [13.016, 7.984, 14.984, 7.016],
					"texture": "#2",
					"cullface": "up",
					"rotation": 180
				},
				"up": {
					"uv": [13.016, 7.984, 14.984, 7.016],
					"texture": "#2",
					"cullface": "up",
					"rotation": 270
				}
			},
			"type": "cube"
		},
		{
			"name": "cube",
			"from": [4, 16, 4],
			"to": [5, 16.5, 6],
			"faces": {
				"north": {
					"uv": [4.016, 4.984, 5.984, 4.016],
					"texture": "#2",
					"cullface": "up",
					"rotation": 90
				},
				"east": {
					"uv": [4.016, 4.984, 5.984, 4.016],
					"texture": "#2",
					"cullface": "up"
				},
				"south": {
					"uv": [4.016, 4.984, 5.984, 4.016],
					"texture": "#2",
					"cullface": "up",
					"rotation": 270
				},
				"west": {
					"uv": [4.016, 4.984, 5.984, 4.016],
					"texture": "#2",
					"cullface": "up",
					"rotation": 180
				},
				"up": {
					"uv": [4.016, 4.984, 5.984, 4.016],
					"texture": "#2",
					"cullface": "up",
					"rotation": 270
				}
			},
			"type": "cube"
		},
		{
			"name": "cube",
			"from": [8, 16, 4],
			"to": [9, 16.5, 7],
			"faces": {
				"north": {
					"uv": [4.016, 8.984, 6.984, 8.016],
					"texture": "#2",
					"cullface": "up",
					"rotation": 90
				},
				"east": {
					"uv": [4.016, 8.984, 6.984, 8.016],
					"texture": "#2",
					"cullface": "up"
				},
				"south": {
					"uv": [4.016, 8.984, 6.984, 8.016],
					"texture": "#2",
					"cullface": "up",
					"rotation": 270
				},
				"west": {
					"uv": [4.016, 8.984, 6.984, 8.016],
					"texture": "#2",
					"cullface": "up",
					"rotation": 180
				},
				"up": {
					"uv": [4.016, 8.984, 6.984, 8.016],
					"texture": "#2",
					"cullface": "up",
					"rotation": 270
				}
			},
			"type": "cube"
		},
		{
			"name": "cube",
			"from": [7, 16, 5],
			"to": [8, 16.5, 8],
			"faces": {
				"north": {
					"uv": [5.016, 7.984, 7.984, 7.016],
					"texture": "#2",
					"cullface": "up",
					"rotation": 90
				},
				"east": {
					"uv": [5.016, 7.984, 7.984, 7.016],
					"texture": "#2",
					"cullface": "up"
				},
				"south": {
					"uv": [5.016, 7.984, 7.984, 7.016],
					"texture": "#2",
					"cullface": "up",
					"rotation": 270
				},
				"west": {
					"uv": [5.016, 7.984, 7.984, 7.016],
					"texture": "#2",
					"cullface": "up",
					"rotation": 180
				},
				"up": {
					"uv": [5.016, 7.984, 7.984, 7.016],
					"texture": "#2",
					"cullface": "up",
					"rotation": 270
				}
			},
			"type": "cube"
		},
		{
			"name": "cube",
			"from": [6, 16, 6],
			"to": [7, 16.5, 9],
			"faces": {
				"north": {
					"uv": [6.016, 6.984, 8.984, 6.016],
					"texture": "#2",
					"cullface": "up",
					"rotation": 90
				},
				"east": {
					"uv": [6.016, 6.984, 8.984, 6.016],
					"texture": "#2",
					"cullface": "up"
				},
				"south": {
					"uv": [6.016, 6.984, 8.984, 6.016],
					"texture": "#2",
					"cullface": "up",
					"rotation": 270
				},
				"west": {
					"uv": [6.016, 6.984, 8.984, 6.016],
					"texture": "#2",
					"cullface": "up",
					"rotation": 180
				},
				"up": {
					"uv": [6.016, 6.984, 8.984, 6.016],
					"texture": "#2",
					"cullface": "up",
					"rotation": 270
				}
			},
			"type": "cube"
		},
		{
			"name": "cube",
			"from": [3, 16, 5],
			"to": [4, 16.5, 8],
			"faces": {
				"north": {
					"uv": [5.016, 3.984, 7.984, 3.016],
					"texture": "#2",
					"cullface": "up",
					"rotation": 90
				},
				"east": {
					"uv": [5.016, 3.984, 7.984, 3.016],
					"texture": "#2",
					"cullface": "up"
				},
				"south": {
					"uv": [5.016, 3.984, 7.984, 3.016],
					"texture": "#2",
					"cullface": "up",
					"rotation": 270
				},
				"west": {
					"uv": [5.016, 3.984, 7.984, 3.016],
					"texture": "#2",
					"cullface": "up",
					"rotation": 180
				},
				"up": {
					"uv": [5.016, 3.984, 7.984, 3.016],
					"texture": "#2",
					"cullface": "up",
					"rotation": 270
				}
			},
			"type": "cube"
		},
		{
			"name": "cube",
			"from": [2, 16, 8],
			"to": [3, 16.5, 9],
			"faces": {
				"north": {
					"uv": [8.016, 2.984, 8.984, 2.016],
					"texture": "#2",
					"cullface": "up",
					"rotation": 90
				},
				"east": {
					"uv": [8.016, 2.984, 8.984, 2.016],
					"texture": "#2",
					"cullface": "up"
				},
				"south": {
					"uv": [8.016, 2.984, 8.984, 2.016],
					"texture": "#2",
					"cullface": "up",
					"rotation": 270
				},
				"west": {
					"uv": [8.016, 2.984, 8.984, 2.016],
					"texture": "#2",
					"cullface": "up",
					"rotation": 180
				},
				"up": {
					"uv": [8.016, 2.984, 8.984, 2.016],
					"texture": "#2",
					"cullface": "up",
					"rotation": 270
				}
			},
			"type": "cube"
		},
		{
			"name": "cube",
			"from": [14, 16, 12],
			"to": [15, 16.5, 13],
			"faces": {
				"north": {
					"uv": [12.016, 13.984, 12.984, 13.016],
					"texture": "#2",
					"cullface": "up",
					"rotation": 90
				},
				"east": {
					"uv": [12.016, 13.984, 12.984, 13.016],
					"texture": "#2",
					"cullface": "up"
				},
				"south": {
					"uv": [12.016, 13.984, 12.984, 13.016],
					"texture": "#2",
					"cullface": "up",
					"rotation": 270
				},
				"west": {
					"uv": [12.016, 13.984, 12.984, 13.016],
					"texture": "#2",
					"cullface": "up",
					"rotation": 180
				},
				"up": {
					"uv": [12.016, 13.984, 12.984, 13.016],
					"texture": "#2",
					"cullface": "up",
					"rotation": 270
				}
			},
			"type": "cube"
		},
		{
			"name": "cube",
			"from": [13, 16, 13],
			"to": [14, 16.5, 14],
			"faces": {
				"north": {
					"uv": [13.016, 12.984, 13.984, 12.016],
					"texture": "#2",
					"cullface": "up",
					"rotation": 90
				},
				"east": {
					"uv": [13.016, 12.984, 13.984, 12.016],
					"texture": "#2",
					"cullface": "up"
				},
				"south": {
					"uv": [13.016, 12.984, 13.984, 12.016],
					"texture": "#2",
					"cullface": "up",
					"rotation": 270
				},
				"west": {
					"uv": [13.016, 12.984, 13.984, 12.016],
					"texture": "#2",
					"cullface": "up",
					"rotation": 180
				},
				"up": {
					"uv": [13.016, 12.984, 13.984, 12.016],
					"texture": "#2",
					"cullface": "up",
					"rotation": 270
				}
			},
			"type": "cube"
		},
		{
			"name": "cube",
			"from": [11, 16, 9],
			"to": [12, 16.5, 10],
			"faces": {
				"north": {
					"uv": [9.016, 11.984, 9.984, 11.016],
					"texture": "#2",
					"cullface": "up",
					"rotation": 90
				},
				"east": {
					"uv": [9.016, 11.984, 9.984, 11.016],
					"texture": "#2",
					"cullface": "up"
				},
				"south": {
					"uv": [9.016, 11.984, 9.984, 11.016],
					"texture": "#2",
					"cullface": "up",
					"rotation": 270
				},
				"west": {
					"uv": [9.016, 11.984, 9.984, 11.016],
					"texture": "#2",
					"cullface": "up",
					"rotation": 180
				},
				"up": {
					"uv": [9.016, 11.984, 9.984, 11.016],
					"texture": "#2",
					"cullface": "up",
					"rotation": 270
				}
			},
			"type": "cube"
		},
		{
			"name": "cube",
			"from": [12, 16, 8],
			"to": [13, 16.5, 9],
			"faces": {
				"north": {
					"uv": [8.016, 12.984, 8.984, 12.016],
					"texture": "#2",
					"cullface": "up",
					"rotation": 90
				},
				"east": {
					"uv": [8.016, 12.984, 8.984, 12.016],
					"texture": "#2",
					"cullface": "up"
				},
				"south": {
					"uv": [8.016, 12.984, 8.984, 12.016],
					"texture": "#2",
					"cullface": "up",
					"rotation": 270
				},
				"west": {
					"uv": [8.016, 12.984, 8.984, 12.016],
					"texture": "#2",
					"cullface": "up",
					"rotation": 180
				},
				"up": {
					"uv": [8.016, 12.984, 8.984, 12.016],
					"texture": "#2",
					"cullface": "up",
					"rotation": 270
				}
			},
			"type": "cube"
		},
		{
			"name": "cube",
			"from": [10, 16, 3],
			"to": [11, 16.5, 4],
			"faces": {
				"north": {
					"uv": [3.016, 10.984, 3.984, 10.016],
					"texture": "#2",
					"cullface": "up",
					"rotation": 90
				},
				"east": {
					"uv": [3.016, 10.984, 3.984, 10.016],
					"texture": "#2",
					"cullface": "up"
				},
				"south": {
					"uv": [3.016, 10.984, 3.984, 10.016],
					"texture": "#2",
					"cullface": "up",
					"rotation": 270
				},
				"west": {
					"uv": [3.016, 10.984, 3.984, 10.016],
					"texture": "#2",
					"cullface": "up",
					"rotation": 180
				},
				"up": {
					"uv": [3.016, 10.984, 3.984, 10.016],
					"texture": "#2",
					"cullface": "up",
					"rotation": 270
				}
			},
			"type": "cube"
		},
		{
			"name": "cube",
			"from": [5, 16, 9],
			"to": [6, 16.5, 10],
			"faces": {
				"north": {
					"uv": [9.016, 5.984, 9.984, 5.016],
					"texture": "#2",
					"cullface": "up",
					"rotation": 90
				},
				"east": {
					"uv": [9.016, 5.984, 9.984, 5.016],
					"texture": "#2",
					"cullface": "up"
				},
				"south": {
					"uv": [9.016, 5.984, 9.984, 5.016],
					"texture": "#2",
					"cullface": "up",
					"rotation": 270
				},
				"west": {
					"uv": [9.016, 5.984, 9.984, 5.016],
					"texture": "#2",
					"cullface": "up",
					"rotation": 180
				},
				"up": {
					"uv": [9.016, 5.984, 9.984, 5.016],
					"texture": "#2",
					"cullface": "up",
					"rotation": 270
				}
			},
			"type": "cube"
		},
		{
			"name": "cube",
			"from": [1, 16, 9],
			"to": [2, 16.5, 10],
			"faces": {
				"north": {
					"uv": [9.016, 1.984, 9.984, 1.016],
					"texture": "#2",
					"cullface": "up",
					"rotation": 90
				},
				"east": {
					"uv": [9.016, 1.984, 9.984, 1.016],
					"texture": "#2",
					"cullface": "up"
				},
				"south": {
					"uv": [9.016, 1.984, 9.984, 1.016],
					"texture": "#2",
					"cullface": "up",
					"rotation": 270
				},
				"west": {
					"uv": [9.016, 1.984, 9.984, 1.016],
					"texture": "#2",
					"cullface": "up",
					"rotation": 180
				},
				"up": {
					"uv": [9.016, 1.984, 9.984, 1.016],
					"texture": "#2",
					"cullface": "up",
					"rotation": 270
				}
			},
			"type": "cube"
		},
		{
			"name": "cube",
			"from": [11, 10, -0.5],
			"to": [12, 11, 0],
			"faces": {
				"north": {
					"uv": [4.016, 5.016, 4.984, 5.984],
					"texture": "#2",
					"cullface": "north"
				},
				"east": {
					"uv": [4.016, 5.016, 4.984, 5.984],
					"texture": "#2",
					"cullface": "north"
				},
				"west": {
					"uv": [4.016, 5.016, 4.984, 5.984],
					"texture": "#2",
					"cullface": "north"
				},
				"down": {
					"uv": [4.016, 5.016, 4.984, 5.984],
					"texture": "#2",
					"cullface": "north"
				}
			},
			"type": "cube"
		},
		{
			"name": "cube",
			"from": [2, 5, -0.5],
			"to": [4, 7, 0],
			"faces": {
				"north": {
					"uv": [12.016, 8.016, 13.984, 9.984],
					"texture": "#2",
					"cullface": "north"
				},
				"east": {
					"uv": [12.016, 8.016, 13.984, 9.984],
					"texture": "#2",
					"cullface": "north"
				},
				"west": {
					"uv": [12.016, 8.016, 13.984, 9.984],
					"texture": "#2",
					"cullface": "north"
				},
				"up": {
					"uv": [12.016, 8.016, 13.984, 9.984],
					"texture": "#2",
					"cullface": "north"
				},
				"down": {
					"uv": [12.016, 8.016, 13.984, 9.984],
					"texture": "#2",
					"cullface": "north"
				}
			},
			"type": "cube"
		},
		{
			"name": "cube",
			"from": [10, 6, -0.5],
			"to": [12, 7, 0],
			"faces": {
				"north": {
					"uv": [4.016, 9.016, 5.984, 9.984],
					"texture": "#2",
					"cullface": "north"
				},
				"east": {
					"uv": [4.016, 9.016, 5.984, 9.984],
					"texture": "#2",
					"cullface": "north"
				},
				"west": {
					"uv": [4.016, 9.016, 5.984, 9.984],
					"texture": "#2",
					"cullface": "north"
				},
				"down": {
					"uv": [4.016, 9.016, 5.984, 9.984],
					"texture": "#2",
					"cullface": "north"
				}
			},
			"type": "cube"
		},
		{
			"name": "cube",
			"from": [1, 7, -0.5],
			"to": [3, 8, 0],
			"faces": {
				"north": {
					"uv": [13.016, 7.016, 14.984, 7.984],
					"texture": "#2",
					"cullface": "north"
				},
				"east": {
					"uv": [13.016, 7.016, 14.984, 7.984],
					"texture": "#2",
					"cullface": "north"
				},
				"west": {
					"uv": [13.016, 7.016, 14.984, 7.984],
					"texture": "#2",
					"cullface": "north"
				},
				"up": {
					"uv": [13.016, 7.016, 14.984, 7.984],
					"texture": "#2",
					"cullface": "north"
				},
				"down": {
					"uv": [13.016, 7.016, 14.984, 7.984],
					"texture": "#2",
					"cullface": "north"
				}
			},
			"type": "cube"
		},
		{
			"name": "cube",
			"from": [10, 11, -0.5],
			"to": [12, 12, 0],
			"faces": {
				"north": {
					"uv": [4.016, 4.016, 5.984, 4.984],
					"texture": "#2",
					"cullface": "north"
				},
				"east": {
					"uv": [4.016, 4.016, 5.984, 4.984],
					"texture": "#2",
					"cullface": "north"
				},
				"west": {
					"uv": [4.016, 4.016, 5.984, 4.984],
					"texture": "#2",
					"cullface": "north"
				},
				"up": {
					"uv": [4.016, 4.016, 5.984, 4.984],
					"texture": "#2",
					"cullface": "north"
				},
				"down": {
					"uv": [4.016, 4.016, 5.984, 4.984],
					"texture": "#2",
					"cullface": "north"
				}
			},
			"type": "cube"
		},
		{
			"name": "cube",
			"from": [9, 7, -0.5],
			"to": [12, 8, 0],
			"faces": {
				"north": {
					"uv": [4.016, 8.016, 6.984, 8.984],
					"texture": "#2",
					"cullface": "north"
				},
				"east": {
					"uv": [4.016, 8.016, 6.984, 8.984],
					"texture": "#2",
					"cullface": "north"
				},
				"west": {
					"uv": [4.016, 8.016, 6.984, 8.984],
					"texture": "#2",
					"cullface": "north"
				},
				"up": {
					"uv": [4.016, 8.016, 6.984, 8.984],
					"texture": "#2",
					"cullface": "north"
				},
				"down": {
					"uv": [4.016, 8.016, 6.984, 8.984],
					"texture": "#2",
					"cullface": "north"
				}
			},
			"type": "cube"
		},
		{
			"name": "cube",
			"from": [8, 8, -0.5],
			"to": [11, 9, 0],
			"faces": {
				"north": {
					"uv": [5.016, 7.016, 7.984, 7.984],
					"texture": "#2",
					"cullface": "north"
				},
				"east": {
					"uv": [5.016, 7.016, 7.984, 7.984],
					"texture": "#2",
					"cullface": "north"
				},
				"west": {
					"uv": [5.016, 7.016, 7.984, 7.984],
					"texture": "#2",
					"cullface": "north"
				},
				"up": {
					"uv": [5.016, 7.016, 7.984, 7.984],
					"texture": "#2",
					"cullface": "north"
				},
				"down": {
					"uv": [5.016, 7.016, 7.984, 7.984],
					"texture": "#2",
					"cullface": "north"
				}
			},
			"type": "cube"
		},
		{
			"name": "cube",
			"from": [7, 9, -0.5],
			"to": [10, 10, 0],
			"faces": {
				"north": {
					"uv": [6.016, 6.016, 8.984, 6.984],
					"texture": "#2",
					"cullface": "north"
				},
				"east": {
					"uv": [6.016, 6.016, 8.984, 6.984],
					"texture": "#2",
					"cullface": "north"
				},
				"west": {
					"uv": [6.016, 6.016, 8.984, 6.984],
					"texture": "#2",
					"cullface": "north"
				},
				"up": {
					"uv": [6.016, 6.016, 8.984, 6.984],
					"texture": "#2",
					"cullface": "north"
				},
				"down": {
					"uv": [6.016, 6.016, 8.984, 6.984],
					"texture": "#2",
					"cullface": "north"
				}
			},
			"type": "cube"
		},
		{
			"name": "cube",
			"from": [8, 12, -0.5],
			"to": [11, 13, 0],
			"faces": {
				"north": {
					"uv": [5.016, 3.016, 7.984, 3.984],
					"texture": "#2",
					"cullface": "north"
				},
				"east": {
					"uv": [5.016, 3.016, 7.984, 3.984],
					"texture": "#2",
					"cullface": "north"
				},
				"west": {
					"uv": [5.016, 3.016, 7.984, 3.984],
					"texture": "#2",
					"cullface": "north"
				},
				"up": {
					"uv": [5.016, 3.016, 7.984, 3.984],
					"texture": "#2",
					"cullface": "north"
				},
				"down": {
					"uv": [5.016, 3.016, 7.984, 3.984],
					"texture": "#2",
					"cullface": "north"
				}
			},
			"type": "cube"
		},
		{
			"name": "cube",
			"from": [7, 13, -0.5],
			"to": [8, 14, 0],
			"faces": {
				"north": {
					"uv": [8.016, 2.016, 8.984, 2.984],
					"texture": "#2",
					"cullface": "north"
				},
				"east": {
					"uv": [8.016, 2.016, 8.984, 2.984],
					"texture": "#2",
					"cullface": "north"
				},
				"west": {
					"uv": [8.016, 2.016, 8.984, 2.984],
					"texture": "#2",
					"cullface": "north"
				},
				"up": {
					"uv": [8.016, 2.016, 8.984, 2.984],
					"texture": "#2",
					"cullface": "north"
				},
				"down": {
					"uv": [8.016, 2.016, 8.984, 2.984],
					"texture": "#2",
					"cullface": "north"
				}
			},
			"type": "cube"
		},
		{
			"name": "cube",
			"from": [3, 1, -0.5],
			"to": [4, 2, 0],
			"faces": {
				"north": {
					"uv": [12.016, 13.016, 12.984, 13.984],
					"texture": "#2",
					"cullface": "north"
				},
				"east": {
					"uv": [12.016, 13.016, 12.984, 13.984],
					"texture": "#2",
					"cullface": "north"
				},
				"west": {
					"uv": [12.016, 13.016, 12.984, 13.984],
					"texture": "#2",
					"cullface": "north"
				},
				"up": {
					"uv": [12.016, 13.016, 12.984, 13.984],
					"texture": "#2",
					"cullface": "north"
				},
				"down": {
					"uv": [12.016, 13.016, 12.984, 13.984],
					"texture": "#2",
					"cullface": "north"
				}
			},
			"type": "cube"
		},
		{
			"name": "cube",
			"from": [2, 2, -0.5],
			"to": [3, 3, 0],
			"faces": {
				"north": {
					"uv": [13.016, 12.016, 13.984, 12.984],
					"texture": "#2",
					"cullface": "north"
				},
				"east": {
					"uv": [13.016, 12.016, 13.984, 12.984],
					"texture": "#2",
					"cullface": "north"
				},
				"west": {
					"uv": [13.016, 12.016, 13.984, 12.984],
					"texture": "#2",
					"cullface": "north"
				},
				"up": {
					"uv": [13.016, 12.016, 13.984, 12.984],
					"texture": "#2",
					"cullface": "north"
				},
				"down": {
					"uv": [13.016, 12.016, 13.984, 12.984],
					"texture": "#2",
					"cullface": "north"
				}
			},
			"type": "cube"
		},
		{
			"name": "cube",
			"from": [6, 4, -0.5],
			"to": [7, 5, 0],
			"faces": {
				"north": {
					"uv": [9.016, 11.016, 9.984, 11.984],
					"texture": "#2",
					"cullface": "north"
				},
				"east": {
					"uv": [9.016, 11.016, 9.984, 11.984],
					"texture": "#2",
					"cullface": "north"
				},
				"west": {
					"uv": [9.016, 11.016, 9.984, 11.984],
					"texture": "#2",
					"cullface": "north"
				},
				"up": {
					"uv": [9.016, 11.016, 9.984, 11.984],
					"texture": "#2",
					"cullface": "north"
				},
				"down": {
					"uv": [9.016, 11.016, 9.984, 11.984],
					"texture": "#2",
					"cullface": "north"
				}
			},
			"type": "cube"
		},
		{
			"name": "cube",
			"from": [7, 3, -0.5],
			"to": [8, 4, 0],
			"faces": {
				"north": {
					"uv": [8.016, 12.016, 8.984, 12.984],
					"texture": "#2",
					"cullface": "north"
				},
				"east": {
					"uv": [8.016, 12.016, 8.984, 12.984],
					"texture": "#2",
					"cullface": "north"
				},
				"west": {
					"uv": [8.016, 12.016, 8.984, 12.984],
					"texture": "#2",
					"cullface": "north"
				},
				"up": {
					"uv": [8.016, 12.016, 8.984, 12.984],
					"texture": "#2",
					"cullface": "north"
				},
				"down": {
					"uv": [8.016, 12.016, 8.984, 12.984],
					"texture": "#2",
					"cullface": "north"
				}
			},
			"type": "cube"
		},
		{
			"name": "cube",
			"from": [12, 5, -0.5],
			"to": [13, 6, 0],
			"faces": {
				"north": {
					"uv": [3.016, 10.016, 3.984, 10.984],
					"texture": "#2",
					"cullface": "north"
				},
				"east": {
					"uv": [3.016, 10.016, 3.984, 10.984],
					"texture": "#2",
					"cullface": "north"
				},
				"west": {
					"uv": [3.016, 10.016, 3.984, 10.984],
					"texture": "#2",
					"cullface": "north"
				},
				"up": {
					"uv": [3.016, 10.016, 3.984, 10.984],
					"texture": "#2",
					"cullface": "north"
				},
				"down": {
					"uv": [3.016, 10.016, 3.984, 10.984],
					"texture": "#2",
					"cullface": "north"
				}
			},
			"type": "cube"
		},
		{
			"name": "cube",
			"from": [6, 10, -0.5],
			"to": [7, 11, 0],
			"faces": {
				"north": {
					"uv": [9.016, 5.016, 9.984, 5.984],
					"texture": "#2",
					"cullface": "north"
				},
				"east": {
					"uv": [9.016, 5.016, 9.984, 5.984],
					"texture": "#2",
					"cullface": "north"
				},
				"west": {
					"uv": [9.016, 5.016, 9.984, 5.984],
					"texture": "#2",
					"cullface": "north"
				},
				"up": {
					"uv": [9.016, 5.016, 9.984, 5.984],
					"texture": "#2",
					"cullface": "north"
				},
				"down": {
					"uv": [9.016, 5.016, 9.984, 5.984],
					"texture": "#2",
					"cullface": "north"
				}
			},
			"type": "cube"
		},
		{
			"name": "cube",
			"from": [6, 14, -0.5],
			"to": [7, 15, 0],
			"faces": {
				"north": {
					"uv": [9.016, 1.016, 9.984, 1.984],
					"texture": "#2",
					"cullface": "north"
				},
				"east": {
					"uv": [9.016, 1.016, 9.984, 1.984],
					"texture": "#2",
					"cullface": "north"
				},
				"west": {
					"uv": [9.016, 1.016, 9.984, 1.984],
					"texture": "#2",
					"cullface": "north"
				},
				"up": {
					"uv": [9.016, 1.016, 9.984, 1.984],
					"texture": "#2",
					"cullface": "north"
				},
				"down": {
					"uv": [9.016, 1.016, 9.984, 1.984],
					"texture": "#2",
					"cullface": "north"
				}
			},
			"type": "cube"
		},
		{
			"name": "cube",
			"from": [16, 10, 11],
			"to": [16.5, 11, 12],
			"faces": {
				"north": {
					"uv": [4.016, 5.016, 4.984, 5.984],
					"texture": "#2",
					"cullface": "east"
				},
				"east": {
					"uv": [4.016, 5.016, 4.984, 5.984],
					"texture": "#2",
					"cullface": "east"
				},
				"south": {
					"uv": [4.016, 5.016, 4.984, 5.984],
					"texture": "#2",
					"cullface": "east"
				},
				"down": {
					"uv": [4.016, 5.016, 4.984, 5.984],
					"texture": "#2",
					"cullface": "east",
					"rotation": 270
				}
			},
			"type": "cube"
		},
		{
			"name": "cube",
			"from": [16, 5, 2],
			"to": [16.5, 7, 4],
			"faces": {
				"north": {
					"uv": [12.016, 8.016, 13.984, 9.984],
					"texture": "#2",
					"cullface": "east"
				},
				"east": {
					"uv": [12.016, 8.016, 13.984, 9.984],
					"texture": "#2",
					"cullface": "east"
				},
				"south": {
					"uv": [12.016, 8.016, 13.984, 9.984],
					"texture": "#2",
					"cullface": "east"
				},
				"up": {
					"uv": [12.016, 8.016, 13.984, 9.984],
					"texture": "#2",
					"cullface": "east",
					"rotation": 90
				},
				"down": {
					"uv": [12.016, 8.016, 13.984, 9.984],
					"texture": "#2",
					"cullface": "east",
					"rotation": 270
				}
			},
			"type": "cube"
		},
		{
			"name": "cube",
			"from": [16, 6, 10],
			"to": [16.5, 7, 12],
			"faces": {
				"north": {
					"uv": [4.016, 9.016, 5.984, 9.984],
					"texture": "#2",
					"cullface": "east"
				},
				"east": {
					"uv": [4.016, 9.016, 5.984, 9.984],
					"texture": "#2",
					"cullface": "east"
				},
				"south": {
					"uv": [4.016, 9.016, 5.984, 9.984],
					"texture": "#2",
					"cullface": "east"
				},
				"down": {
					"uv": [4.016, 9.016, 5.984, 9.984],
					"texture": "#2",
					"cullface": "east",
					"rotation": 270
				}
			},
			"type": "cube"
		},
		{
			"name": "cube",
			"from": [16, 7, 1],
			"to": [16.5, 8, 3],
			"faces": {
				"north": {
					"uv": [13.016, 7.016, 14.984, 7.984],
					"texture": "#2",
					"cullface": "east"
				},
				"east": {
					"uv": [13.016, 7.016, 14.984, 7.984],
					"texture": "#2",
					"cullface": "east"
				},
				"south": {
					"uv": [13.016, 7.016, 14.984, 7.984],
					"texture": "#2",
					"cullface": "east"
				},
				"up": {
					"uv": [13.016, 7.016, 14.984, 7.984],
					"texture": "#2",
					"cullface": "east",
					"rotation": 90
				},
				"down": {
					"uv": [13.016, 7.016, 14.984, 7.984],
					"texture": "#2",
					"cullface": "east",
					"rotation": 270
				}
			},
			"type": "cube"
		},
		{
			"name": "cube",
			"from": [16, 11, 10],
			"to": [16.5, 12, 12],
			"faces": {
				"north": {
					"uv": [4.016, 4.016, 5.984, 4.984],
					"texture": "#2",
					"cullface": "east"
				},
				"east": {
					"uv": [4.016, 4.016, 5.984, 4.984],
					"texture": "#2",
					"cullface": "east"
				},
				"south": {
					"uv": [4.016, 4.016, 5.984, 4.984],
					"texture": "#2",
					"cullface": "east"
				},
				"up": {
					"uv": [4.016, 4.016, 5.984, 4.984],
					"texture": "#2",
					"cullface": "east",
					"rotation": 90
				},
				"down": {
					"uv": [4.016, 4.016, 5.984, 4.984],
					"texture": "#2",
					"cullface": "east",
					"rotation": 270
				}
			},
			"type": "cube"
		},
		{
			"name": "cube",
			"from": [16, 7, 9],
			"to": [16.5, 8, 12],
			"faces": {
				"north": {
					"uv": [4.016, 8.016, 6.984, 8.984],
					"texture": "#2",
					"cullface": "east"
				},
				"east": {
					"uv": [4.016, 8.016, 6.984, 8.984],
					"texture": "#2",
					"cullface": "east"
				},
				"south": {
					"uv": [4.016, 8.016, 6.984, 8.984],
					"texture": "#2",
					"cullface": "east"
				},
				"up": {
					"uv": [4.016, 8.016, 6.984, 8.984],
					"texture": "#2",
					"cullface": "east",
					"rotation": 90
				},
				"down": {
					"uv": [4.016, 8.016, 6.984, 8.984],
					"texture": "#2",
					"cullface": "east",
					"rotation": 270
				}
			},
			"type": "cube"
		},
		{
			"name": "cube",
			"from": [16, 8, 8],
			"to": [16.5, 9, 11],
			"faces": {
				"north": {
					"uv": [5.016, 7.016, 7.984, 7.984],
					"texture": "#2",
					"cullface": "east"
				},
				"east": {
					"uv": [5.016, 7.016, 7.984, 7.984],
					"texture": "#2",
					"cullface": "east"
				},
				"south": {
					"uv": [5.016, 7.016, 7.984, 7.984],
					"texture": "#2",
					"cullface": "east"
				},
				"up": {
					"uv": [5.016, 7.016, 7.984, 7.984],
					"texture": "#2",
					"cullface": "east",
					"rotation": 90
				},
				"down": {
					"uv": [5.016, 7.016, 7.984, 7.984],
					"texture": "#2",
					"cullface": "east",
					"rotation": 270
				}
			},
			"type": "cube"
		},
		{
			"name": "cube",
			"from": [16, 9, 7],
			"to": [16.5, 10, 10],
			"faces": {
				"north": {
					"uv": [6.016, 6.016, 8.984, 6.984],
					"texture": "#2",
					"cullface": "east"
				},
				"east": {
					"uv": [6.016, 6.016, 8.984, 6.984],
					"texture": "#2",
					"cullface": "east"
				},
				"south": {
					"uv": [6.016, 6.016, 8.984, 6.984],
					"texture": "#2",
					"cullface": "east"
				},
				"up": {
					"uv": [6.016, 6.016, 8.984, 6.984],
					"texture": "#2",
					"cullface": "east",
					"rotation": 90
				},
				"down": {
					"uv": [6.016, 6.016, 8.984, 6.984],
					"texture": "#2",
					"cullface": "east",
					"rotation": 270
				}
			},
			"type": "cube"
		},
		{
			"name": "cube",
			"from": [16, 12, 8],
			"to": [16.5, 13, 11],
			"faces": {
				"north": {
					"uv": [5.016, 3.016, 7.984, 3.984],
					"texture": "#2",
					"cullface": "east"
				},
				"east": {
					"uv": [5.016, 3.016, 7.984, 3.984],
					"texture": "#2",
					"cullface": "east"
				},
				"south": {
					"uv": [5.016, 3.016, 7.984, 3.984],
					"texture": "#2",
					"cullface": "east"
				},
				"up": {
					"uv": [5.016, 3.016, 7.984, 3.984],
					"texture": "#2",
					"cullface": "east",
					"rotation": 90
				},
				"down": {
					"uv": [5.016, 3.016, 7.984, 3.984],
					"texture": "#2",
					"cullface": "east",
					"rotation": 270
				}
			},
			"type": "cube"
		},
		{
			"name": "cube",
			"from": [16, 13, 7],
			"to": [16.5, 14, 8],
			"faces": {
				"north": {
					"uv": [8.016, 2.016, 8.984, 2.984],
					"texture": "#2",
					"cullface": "east"
				},
				"east": {
					"uv": [8.016, 2.016, 8.984, 2.984],
					"texture": "#2",
					"cullface": "east"
				},
				"south": {
					"uv": [8.016, 2.016, 8.984, 2.984],
					"texture": "#2",
					"cullface": "east"
				},
				"up": {
					"uv": [8.016, 2.016, 8.984, 2.984],
					"texture": "#2",
					"cullface": "east",
					"rotation": 90
				},
				"down": {
					"uv": [8.016, 2.016, 8.984, 2.984],
					"texture": "#2",
					"cullface": "east",
					"rotation": 270
				}
			},
			"type": "cube"
		},
		{
			"name": "cube",
			"from": [16, 1, 3],
			"to": [16.5, 2, 4],
			"faces": {
				"north": {
					"uv": [12.016, 13.016, 12.984, 13.984],
					"texture": "#2",
					"cullface": "east"
				},
				"east": {
					"uv": [12.016, 13.016, 12.984, 13.984],
					"texture": "#2",
					"cullface": "east"
				},
				"south": {
					"uv": [12.016, 13.016, 12.984, 13.984],
					"texture": "#2",
					"cullface": "east"
				},
				"up": {
					"uv": [12.016, 13.016, 12.984, 13.984],
					"texture": "#2",
					"cullface": "east",
					"rotation": 90
				},
				"down": {
					"uv": [12.016, 13.016, 12.984, 13.984],
					"texture": "#2",
					"cullface": "east",
					"rotation": 270
				}
			},
			"type": "cube"
		},
		{
			"name": "cube",
			"from": [16, 2, 2],
			"to": [16.5, 3, 3],
			"faces": {
				"north": {
					"uv": [13.016, 12.016, 13.984, 12.984],
					"texture": "#2",
					"cullface": "east"
				},
				"east": {
					"uv": [13.016, 12.016, 13.984, 12.984],
					"texture": "#2",
					"cullface": "east"
				},
				"south": {
					"uv": [13.016, 12.016, 13.984, 12.984],
					"texture": "#2",
					"cullface": "east"
				},
				"up": {
					"uv": [13.016, 12.016, 13.984, 12.984],
					"texture": "#2",
					"cullface": "east",
					"rotation": 90
				},
				"down": {
					"uv": [13.016, 12.016, 13.984, 12.984],
					"texture": "#2",
					"cullface": "east",
					"rotation": 270
				}
			},
			"type": "cube"
		},
		{
			"name": "cube",
			"from": [16, 4, 6],
			"to": [16.5, 5, 7],
			"faces": {
				"north": {
					"uv": [9.016, 11.016, 9.984, 11.984],
					"texture": "#2",
					"cullface": "east"
				},
				"east": {
					"uv": [9.016, 11.016, 9.984, 11.984],
					"texture": "#2",
					"cullface": "east"
				},
				"south": {
					"uv": [9.016, 11.016, 9.984, 11.984],
					"texture": "#2",
					"cullface": "east"
				},
				"up": {
					"uv": [9.016, 11.016, 9.984, 11.984],
					"texture": "#2",
					"cullface": "east",
					"rotation": 90
				},
				"down": {
					"uv": [9.016, 11.016, 9.984, 11.984],
					"texture": "#2",
					"cullface": "east",
					"rotation": 270
				}
			},
			"type": "cube"
		},
		{
			"name": "cube",
			"from": [16, 3, 7],
			"to": [16.5, 4, 8],
			"faces": {
				"north": {
					"uv": [8.016, 12.016, 8.984, 12.984],
					"texture": "#2",
					"cullface": "east"
				},
				"east": {
					"uv": [8.016, 12.016, 8.984, 12.984],
					"texture": "#2",
					"cullface": "east"
				},
				"south": {
					"uv": [8.016, 12.016, 8.984, 12.984],
					"texture": "#2",
					"cullface": "east"
				},
				"up": {
					"uv": [8.016, 12.016, 8.984, 12.984],
					"texture": "#2",
					"cullface": "east",
					"rotation": 90
				},
				"down": {
					"uv": [8.016, 12.016, 8.984, 12.984],
					"texture": "#2",
					"cullface": "east",
					"rotation": 270
				}
			},
			"type": "cube"
		},
		{
			"name": "cube",
			"from": [16, 5, 12],
			"to": [16.5, 6, 13],
			"faces": {
				"north": {
					"uv": [3.016, 10.016, 3.984, 10.984],
					"texture": "#2",
					"cullface": "east"
				},
				"east": {
					"uv": [3.016, 10.016, 3.984, 10.984],
					"texture": "#2",
					"cullface": "east"
				},
				"south": {
					"uv": [3.016, 10.016, 3.984, 10.984],
					"texture": "#2",
					"cullface": "east"
				},
				"up": {
					"uv": [3.016, 10.016, 3.984, 10.984],
					"texture": "#2",
					"cullface": "east",
					"rotation": 90
				},
				"down": {
					"uv": [3.016, 10.016, 3.984, 10.984],
					"texture": "#2",
					"cullface": "east",
					"rotation": 270
				}
			},
			"type": "cube"
		},
		{
			"name": "cube",
			"from": [16, 10, 6],
			"to": [16.5, 11, 7],
			"faces": {
				"north": {
					"uv": [9.016, 5.016, 9.984, 5.984],
					"texture": "#2",
					"cullface": "east"
				},
				"east": {
					"uv": [9.016, 5.016, 9.984, 5.984],
					"texture": "#2",
					"cullface": "east"
				},
				"south": {
					"uv": [9.016, 5.016, 9.984, 5.984],
					"texture": "#2",
					"cullface": "east"
				},
				"up": {
					"uv": [9.016, 5.016, 9.984, 5.984],
					"texture": "#2",
					"cullface": "east",
					"rotation": 90
				},
				"down": {
					"uv": [9.016, 5.016, 9.984, 5.984],
					"texture": "#2",
					"cullface": "east",
					"rotation": 270
				}
			},
			"type": "cube"
		},
		{
			"name": "cube",
			"from": [16, 14, 6],
			"to": [16.5, 15, 7],
			"faces": {
				"north": {
					"uv": [9.016, 1.016, 9.984, 1.984],
					"texture": "#2",
					"cullface": "east"
				},
				"east": {
					"uv": [9.016, 1.016, 9.984, 1.984],
					"texture": "#2",
					"cullface": "east"
				},
				"south": {
					"uv": [9.016, 1.016, 9.984, 1.984],
					"texture": "#2",
					"cullface": "east"
				},
				"up": {
					"uv": [9.016, 1.016, 9.984, 1.984],
					"texture": "#2",
					"cullface": "east",
					"rotation": 90
				},
				"down": {
					"uv": [9.016, 1.016, 9.984, 1.984],
					"texture": "#2",
					"cullface": "east",
					"rotation": 270
				}
			},
			"type": "cube"
		},
		{
			"name": "cube",
			"from": [4, 10, 16],
			"to": [5, 11, 16.5],
			"faces": {
				"east": {
					"uv": [4.016, 5.016, 4.984, 5.984],
					"texture": "#2",
					"cullface": "south"
				},
				"south": {
					"uv": [4.016, 5.016, 4.984, 5.984],
					"texture": "#2",
					"cullface": "south"
				},
				"west": {
					"uv": [4.016, 5.016, 4.984, 5.984],
					"texture": "#2",
					"cullface": "south"
				},
				"down": {
					"uv": [4.016, 5.016, 4.984, 5.984],
					"texture": "#2",
					"cullface": "south",
					"rotation": 180
				}
			},
			"type": "cube"
		},
		{
			"name": "cube",
			"from": [12, 5, 16],
			"to": [14, 7, 16.5],
			"faces": {
				"east": {
					"uv": [12.016, 8.016, 13.984, 9.984],
					"texture": "#2",
					"cullface": "south"
				},
				"south": {
					"uv": [12.016, 8.016, 13.984, 9.984],
					"texture": "#2",
					"cullface": "south"
				},
				"west": {
					"uv": [12.016, 8.016, 13.984, 9.984],
					"texture": "#2",
					"cullface": "south"
				},
				"up": {
					"uv": [12.016, 8.016, 13.984, 9.984],
					"texture": "#2",
					"cullface": "south",
					"rotation": 180
				},
				"down": {
					"uv": [12.016, 8.016, 13.984, 9.984],
					"texture": "#2",
					"cullface": "south",
					"rotation": 180
				}
			},
			"type": "cube"
		},
		{
			"name": "cube",
			"from": [4, 6, 16],
			"to": [6, 7, 16.5],
			"faces": {
				"east": {
					"uv": [4.016, 9.016, 5.984, 9.984],
					"texture": "#2",
					"cullface": "south"
				},
				"south": {
					"uv": [4.016, 9.016, 5.984, 9.984],
					"texture": "#2",
					"cullface": "south"
				},
				"west": {
					"uv": [4.016, 9.016, 5.984, 9.984],
					"texture": "#2",
					"cullface": "south"
				},
				"down": {
					"uv": [4.016, 9.016, 5.984, 9.984],
					"texture": "#2",
					"cullface": "south",
					"rotation": 180
				}
			},
			"type": "cube"
		},
		{
			"name": "cube",
			"from": [13, 7, 16],
			"to": [15, 8, 16.5],
			"faces": {
				"east": {
					"uv": [13.016, 7.016, 14.984, 7.984],
					"texture": "#2",
					"cullface": "south"
				},
				"south": {
					"uv": [13.016, 7.016, 14.984, 7.984],
					"texture": "#2",
					"cullface": "south"
				},
				"west": {
					"uv": [13.016, 7.016, 14.984, 7.984],
					"texture": "#2",
					"cullface": "south"
				},
				"up": {
					"uv": [13.016, 7.016, 14.984, 7.984],
					"texture": "#2",
					"cullface": "south",
					"rotation": 180
				},
				"down": {
					"uv": [13.016, 7.016, 14.984, 7.984],
					"texture": "#2",
					"cullface": "south",
					"rotation": 180
				}
			},
			"type": "cube"
		},
		{
			"name": "cube",
			"from": [4, 11, 16],
			"to": [6, 12, 16.5],
			"faces": {
				"east": {
					"uv": [4.016, 4.016, 5.984, 4.984],
					"texture": "#2",
					"cullface": "south"
				},
				"south": {
					"uv": [4.016, 4.016, 5.984, 4.984],
					"texture": "#2",
					"cullface": "south"
				},
				"west": {
					"uv": [4.016, 4.016, 5.984, 4.984],
					"texture": "#2",
					"cullface": "south"
				},
				"up": {
					"uv": [4.016, 4.016, 5.984, 4.984],
					"texture": "#2",
					"cullface": "south",
					"rotation": 180
				},
				"down": {
					"uv": [4.016, 4.016, 5.984, 4.984],
					"texture": "#2",
					"cullface": "south",
					"rotation": 180
				}
			},
			"type": "cube"
		},
		{
			"name": "cube",
			"from": [4, 7, 16],
			"to": [7, 8, 16.5],
			"faces": {
				"east": {
					"uv": [4.016, 8.016, 6.984, 8.984],
					"texture": "#2",
					"cullface": "south"
				},
				"south": {
					"uv": [4.016, 8.016, 6.984, 8.984],
					"texture": "#2",
					"cullface": "south"
				},
				"west": {
					"uv": [4.016, 8.016, 6.984, 8.984],
					"texture": "#2",
					"cullface": "south"
				},
				"up": {
					"uv": [4.016, 8.016, 6.984, 8.984],
					"texture": "#2",
					"cullface": "south",
					"rotation": 180
				},
				"down": {
					"uv": [4.016, 8.016, 6.984, 8.984],
					"texture": "#2",
					"cullface": "south",
					"rotation": 180
				}
			},
			"type": "cube"
		},
		{
			"name": "cube",
			"from": [5, 8, 16],
			"to": [8, 9, 16.5],
			"faces": {
				"east": {
					"uv": [5.016, 7.016, 7.984, 7.984],
					"texture": "#2",
					"cullface": "south"
				},
				"south": {
					"uv": [5.016, 7.016, 7.984, 7.984],
					"texture": "#2",
					"cullface": "south"
				},
				"west": {
					"uv": [5.016, 7.016, 7.984, 7.984],
					"texture": "#2",
					"cullface": "south"
				},
				"up": {
					"uv": [5.016, 7.016, 7.984, 7.984],
					"texture": "#2",
					"cullface": "south",
					"rotation": 180
				},
				"down": {
					"uv": [5.016, 7.016, 7.984, 7.984],
					"texture": "#2",
					"cullface": "south",
					"rotation": 180
				}
			},
			"type": "cube"
		},
		{
			"name": "cube",
			"from": [6, 9, 16],
			"to": [9, 10, 16.5],
			"faces": {
				"east": {
					"uv": [6.016, 6.016, 8.984, 6.984],
					"texture": "#2",
					"cullface": "south"
				},
				"south": {
					"uv": [6.016, 6.016, 8.984, 6.984],
					"texture": "#2",
					"cullface": "south"
				},
				"west": {
					"uv": [6.016, 6.016, 8.984, 6.984],
					"texture": "#2",
					"cullface": "south"
				},
				"up": {
					"uv": [6.016, 6.016, 8.984, 6.984],
					"texture": "#2",
					"cullface": "south",
					"rotation": 180
				},
				"down": {
					"uv": [6.016, 6.016, 8.984, 6.984],
					"texture": "#2",
					"cullface": "south",
					"rotation": 180
				}
			},
			"type": "cube"
		},
		{
			"name": "cube",
			"from": [5, 12, 16],
			"to": [8, 13, 16.5],
			"faces": {
				"east": {
					"uv": [5.016, 3.016, 7.984, 3.984],
					"texture": "#2",
					"cullface": "south"
				},
				"south": {
					"uv": [5.016, 3.016, 7.984, 3.984],
					"texture": "#2",
					"cullface": "south"
				},
				"west": {
					"uv": [5.016, 3.016, 7.984, 3.984],
					"texture": "#2",
					"cullface": "south"
				},
				"up": {
					"uv": [5.016, 3.016, 7.984, 3.984],
					"texture": "#2",
					"cullface": "south",
					"rotation": 180
				},
				"down": {
					"uv": [5.016, 3.016, 7.984, 3.984],
					"texture": "#2",
					"cullface": "south",
					"rotation": 180
				}
			},
			"type": "cube"
		},
		{
			"name": "cube",
			"from": [8, 13, 16],
			"to": [9, 14, 16.5],
			"faces": {
				"east": {
					"uv": [8.016, 2.016, 8.984, 2.984],
					"texture": "#2",
					"cullface": "south"
				},
				"south": {
					"uv": [8.016, 2.016, 8.984, 2.984],
					"texture": "#2",
					"cullface": "south"
				},
				"west": {
					"uv": [8.016, 2.016, 8.984, 2.984],
					"texture": "#2",
					"cullface": "south"
				},
				"up": {
					"uv": [8.016, 2.016, 8.984, 2.984],
					"texture": "#2",
					"cullface": "south",
					"rotation": 180
				},
				"down": {
					"uv": [8.016, 2.016, 8.984, 2.984],
					"texture": "#2",
					"cullface": "south",
					"rotation": 180
				}
			},
			"type": "cube"
		},
		{
			"name": "cube",
			"from": [12, 1, 16],
			"to": [13, 2, 16.5],
			"faces": {
				"east": {
					"uv": [12.016, 13.016, 12.984, 13.984],
					"texture": "#2",
					"cullface": "south"
				},
				"south": {
					"uv": [12.016, 13.016, 12.984, 13.984],
					"texture": "#2",
					"cullface": "south"
				},
				"west": {
					"uv": [12.016, 13.016, 12.984, 13.984],
					"texture": "#2",
					"cullface": "south"
				},
				"up": {
					"uv": [12.016, 13.016, 12.984, 13.984],
					"texture": "#2",
					"cullface": "south",
					"rotation": 180
				},
				"down": {
					"uv": [12.016, 13.016, 12.984, 13.984],
					"texture": "#2",
					"cullface": "south",
					"rotation": 180
				}
			},
			"type": "cube"
		},
		{
			"name": "cube",
			"from": [13, 2, 16],
			"to": [14, 3, 16.5],
			"faces": {
				"east": {
					"uv": [13.016, 12.016, 13.984, 12.984],
					"texture": "#2",
					"cullface": "south"
				},
				"south": {
					"uv": [13.016, 12.016, 13.984, 12.984],
					"texture": "#2",
					"cullface": "south"
				},
				"west": {
					"uv": [13.016, 12.016, 13.984, 12.984],
					"texture": "#2",
					"cullface": "south"
				},
				"up": {
					"uv": [13.016, 12.016, 13.984, 12.984],
					"texture": "#2",
					"cullface": "south",
					"rotation": 180
				},
				"down": {
					"uv": [13.016, 12.016, 13.984, 12.984],
					"texture": "#2",
					"cullface": "south",
					"rotation": 180
				}
			},
			"type": "cube"
		},
		{
			"name": "cube",
			"from": [9, 4, 16],
			"to": [10, 5, 16.5],
			"faces": {
				"east": {
					"uv": [9.016, 11.016, 9.984, 11.984],
					"texture": "#2",
					"cullface": "south"
				},
				"south": {
					"uv": [9.016, 11.016, 9.984, 11.984],
					"texture": "#2",
					"cullface": "south"
				},
				"west": {
					"uv": [9.016, 11.016, 9.984, 11.984],
					"texture": "#2",
					"cullface": "south"
				},
				"up": {
					"uv": [9.016, 11.016, 9.984, 11.984],
					"texture": "#2",
					"cullface": "south",
					"rotation": 180
				},
				"down": {
					"uv": [9.016, 11.016, 9.984, 11.984],
					"texture": "#2",
					"cullface": "south",
					"rotation": 180
				}
			},
			"type": "cube"
		},
		{
			"name": "cube",
			"from": [8, 3, 16],
			"to": [9, 4, 16.5],
			"faces": {
				"east": {
					"uv": [8.016, 12.016, 8.984, 12.984],
					"texture": "#2",
					"cullface": "south"
				},
				"south": {
					"uv": [8.016, 12.016, 8.984, 12.984],
					"texture": "#2",
					"cullface": "south"
				},
				"west": {
					"uv": [8.016, 12.016, 8.984, 12.984],
					"texture": "#2",
					"cullface": "south"
				},
				"up": {
					"uv": [8.016, 12.016, 8.984, 12.984],
					"texture": "#2",
					"cullface": "south",
					"rotation": 180
				},
				"down": {
					"uv": [8.016, 12.016, 8.984, 12.984],
					"texture": "#2",
					"cullface": "south",
					"rotation": 180
				}
			},
			"type": "cube"
		},
		{
			"name": "cube",
			"from": [3, 5, 16],
			"to": [4, 6, 16.5],
			"faces": {
				"east": {
					"uv": [3.016, 10.016, 3.984, 10.984],
					"texture": "#2",
					"cullface": "south"
				},
				"south": {
					"uv": [3.016, 10.016, 3.984, 10.984],
					"texture": "#2",
					"cullface": "south"
				},
				"west": {
					"uv": [3.016, 10.016, 3.984, 10.984],
					"texture": "#2",
					"cullface": "south"
				},
				"up": {
					"uv": [3.016, 10.016, 3.984, 10.984],
					"texture": "#2",
					"cullface": "south",
					"rotation": 180
				},
				"down": {
					"uv": [3.016, 10.016, 3.984, 10.984],
					"texture": "#2",
					"cullface": "south",
					"rotation": 180
				}
			},
			"type": "cube"
		},
		{
			"name": "cube",
			"from": [9, 10, 16],
			"to": [10, 11, 16.5],
			"faces": {
				"east": {
					"uv": [9.016, 5.016, 9.984, 5.984],
					"texture": "#2",
					"cullface": "south"
				},
				"south": {
					"uv": [9.016, 5.016, 9.984, 5.984],
					"texture": "#2",
					"cullface": "south"
				},
				"west": {
					"uv": [9.016, 5.016, 9.984, 5.984],
					"texture": "#2",
					"cullface": "south"
				},
				"up": {
					"uv": [9.016, 5.016, 9.984, 5.984],
					"texture": "#2",
					"cullface": "south",
					"rotation": 180
				},
				"down": {
					"uv": [9.016, 5.016, 9.984, 5.984],
					"texture": "#2",
					"cullface": "south",
					"rotation": 180
				}
			},
			"type": "cube"
		},
		{
			"name": "cube",
			"from": [9, 14, 16],
			"to": [10, 15, 16.5],
			"faces": {
				"east": {
					"uv": [9.016, 1.016, 9.984, 1.984],
					"texture": "#2",
					"cullface": "south"
				},
				"south": {
					"uv": [9.016, 1.016, 9.984, 1.984],
					"texture": "#2",
					"cullface": "south"
				},
				"west": {
					"uv": [9.016, 1.016, 9.984, 1.984],
					"texture": "#2",
					"cullface": "south"
				},
				"up": {
					"uv": [9.016, 1.016, 9.984, 1.984],
					"texture": "#2",
					"cullface": "south",
					"rotation": 180
				},
				"down": {
					"uv": [9.016, 1.016, 9.984, 1.984],
					"texture": "#2",
					"cullface": "south",
					"rotation": 180
				}
			},
			"type": "cube"
		},
		{
			"name": "cube",
			"from": [-0.3999999999999986, 10, 4],
			"to": [0.10000000000000142, 11, 5],
			"faces": {
				"north": {
					"uv": [4.016, 5.016, 4.984, 5.984],
					"texture": "#2",
					"cullface": "west"
				},
				"south": {
					"uv": [4.016, 5.016, 4.984, 5.984],
					"texture": "#2",
					"cullface": "west"
				},
				"west": {
					"uv": [4.016, 5.016, 4.984, 5.984],
					"texture": "#2",
					"cullface": "west"
				},
				"down": {
					"uv": [4.016, 5.016, 4.984, 5.984],
					"texture": "#2",
					"cullface": "west",
					"rotation": 90
				}
			},
			"type": "cube"
		},
		{
			"name": "cube",
			"from": [-0.3999999999999986, 5, 12],
			"to": [0.10000000000000142, 7, 14],
			"faces": {
				"north": {
					"uv": [12.016, 8.016, 13.984, 9.984],
					"texture": "#2",
					"cullface": "west"
				},
				"south": {
					"uv": [12.016, 8.016, 13.984, 9.984],
					"texture": "#2",
					"cullface": "west"
				},
				"west": {
					"uv": [12.016, 8.016, 13.984, 9.984],
					"texture": "#2",
					"cullface": "west"
				},
				"up": {
					"uv": [12.016, 8.016, 13.984, 9.984],
					"texture": "#2",
					"cullface": "west",
					"rotation": 270
				},
				"down": {
					"uv": [12.016, 8.016, 13.984, 9.984],
					"texture": "#2",
					"cullface": "west",
					"rotation": 90
				}
			},
			"type": "cube"
		},
		{
			"name": "cube",
			"from": [-0.3999999999999986, 6, 4],
			"to": [0.10000000000000142, 7, 6],
			"faces": {
				"north": {
					"uv": [4.016, 9.016, 5.984, 9.984],
					"texture": "#2",
					"cullface": "west"
				},
				"south": {
					"uv": [4.016, 9.016, 5.984, 9.984],
					"texture": "#2",
					"cullface": "west"
				},
				"west": {
					"uv": [4.016, 9.016, 5.984, 9.984],
					"texture": "#2",
					"cullface": "west"
				},
				"down": {
					"uv": [4.016, 9.016, 5.984, 9.984],
					"texture": "#2",
					"cullface": "west",
					"rotation": 90
				}
			},
			"type": "cube"
		},
		{
			"name": "cube",
			"from": [-0.3999999999999986, 7, 13],
			"to": [0.10000000000000142, 8, 15],
			"faces": {
				"north": {
					"uv": [13.016, 7.016, 14.984, 7.984],
					"texture": "#2",
					"cullface": "west"
				},
				"south": {
					"uv": [13.016, 7.016, 14.984, 7.984],
					"texture": "#2",
					"cullface": "west"
				},
				"west": {
					"uv": [13.016, 7.016, 14.984, 7.984],
					"texture": "#2",
					"cullface": "west"
				},
				"up": {
					"uv": [13.016, 7.016, 14.984, 7.984],
					"texture": "#2",
					"cullface": "west",
					"rotation": 270
				},
				"down": {
					"uv": [13.016, 7.016, 14.984, 7.984],
					"texture": "#2",
					"cullface": "west",
					"rotation": 90
				}
			},
			"type": "cube"
		},
		{
			"name": "cube",
			"from": [-0.3999999999999986, 11, 4],
			"to": [0.10000000000000142, 12, 6],
			"faces": {
				"north": {
					"uv": [4.016, 4.016, 5.984, 4.984],
					"texture": "#2",
					"cullface": "west"
				},
				"south": {
					"uv": [4.016, 4.016, 5.984, 4.984],
					"texture": "#2",
					"cullface": "west"
				},
				"west": {
					"uv": [4.016, 4.016, 5.984, 4.984],
					"texture": "#2",
					"cullface": "west"
				},
				"up": {
					"uv": [4.016, 4.016, 5.984, 4.984],
					"texture": "#2",
					"cullface": "west",
					"rotation": 270
				},
				"down": {
					"uv": [4.016, 4.016, 5.984, 4.984],
					"texture": "#2",
					"cullface": "west",
					"rotation": 90
				}
			},
			"type": "cube"
		},
		{
			"name": "cube",
			"from": [-0.3999999999999986, 7, 4],
			"to": [0.10000000000000142, 8, 7],
			"faces": {
				"north": {
					"uv": [4.016, 8.016, 6.984, 8.984],
					"texture": "#2",
					"cullface": "west"
				},
				"south": {
					"uv": [4.016, 8.016, 6.984, 8.984],
					"texture": "#2",
					"cullface": "west"
				},
				"west": {
					"uv": [4.016, 8.016, 6.984, 8.984],
					"texture": "#2",
					"cullface": "west"
				},
				"up": {
					"uv": [4.016, 8.016, 6.984, 8.984],
					"texture": "#2",
					"cullface": "west",
					"rotation": 270
				},
				"down": {
					"uv": [4.016, 8.016, 6.984, 8.984],
					"texture": "#2",
					"cullface": "west",
					"rotation": 90
				}
			},
			"type": "cube"
		},
		{
			"name": "cube",
			"from": [-0.3999999999999986, 8, 5],
			"to": [0.10000000000000142, 9, 8],
			"faces": {
				"north": {
					"uv": [5.016, 7.016, 7.984, 7.984],
					"texture": "#2",
					"cullface": "west"
				},
				"south": {
					"uv": [5.016, 7.016, 7.984, 7.984],
					"texture": "#2",
					"cullface": "west"
				},
				"west": {
					"uv": [5.016, 7.016, 7.984, 7.984],
					"texture": "#2",
					"cullface": "west"
				},
				"up": {
					"uv": [5.016, 7.016, 7.984, 7.984],
					"texture": "#2",
					"cullface": "west",
					"rotation": 270
				},
				"down": {
					"uv": [5.016, 7.016, 7.984, 7.984],
					"texture": "#2",
					"cullface": "west",
					"rotation": 90
				}
			},
			"type": "cube"
		},
		{
			"name": "cube",
			"from": [-0.3999999999999986, 9, 6],
			"to": [0.10000000000000142, 10, 9],
			"faces": {
				"north": {
					"uv": [6.016, 6.016, 8.984, 6.984],
					"texture": "#2",
					"cullface": "west"
				},
				"south": {
					"uv": [6.016, 6.016, 8.984, 6.984],
					"texture": "#2",
					"cullface": "west"
				},
				"west": {
					"uv": [6.016, 6.016, 8.984, 6.984],
					"texture": "#2",
					"cullface": "west"
				},
				"up": {
					"uv": [6.016, 6.016, 8.984, 6.984],
					"texture": "#2",
					"cullface": "west",
					"rotation": 270
				},
				"down": {
					"uv": [6.016, 6.016, 8.984, 6.984],
					"texture": "#2",
					"cullface": "west",
					"rotation": 90
				}
			},
			"type": "cube"
		},
		{
			"name": "cube",
			"from": [-0.3999999999999986, 12, 5],
			"to": [0.10000000000000142, 13, 8],
			"faces": {
				"north": {
					"uv": [5.016, 3.016, 7.984, 3.984],
					"texture": "#2",
					"cullface": "west"
				},
				"south": {
					"uv": [5.016, 3.016, 7.984, 3.984],
					"texture": "#2",
					"cullface": "west"
				},
				"west": {
					"uv": [5.016, 3.016, 7.984, 3.984],
					"texture": "#2",
					"cullface": "west"
				},
				"up": {
					"uv": [5.016, 3.016, 7.984, 3.984],
					"texture": "#2",
					"cullface": "west",
					"rotation": 270
				},
				"down": {
					"uv": [5.016, 3.016, 7.984, 3.984],
					"texture": "#2",
					"cullface": "west",
					"rotation": 90
				}
			},
			"type": "cube"
		},
		{
			"name": "cube",
			"from": [-0.3999999999999986, 13, 8],
			"to": [0.10000000000000142, 14, 9],
			"faces": {
				"north": {
					"uv": [8.016, 2.016, 8.984, 2.984],
					"texture": "#2",
					"cullface": "west"
				},
				"south": {
					"uv": [8.016, 2.016, 8.984, 2.984],
					"texture": "#2",
					"cullface": "west"
				},
				"west": {
					"uv": [8.016, 2.016, 8.984, 2.984],
					"texture": "#2",
					"cullface": "west"
				},
				"up": {
					"uv": [8.016, 2.016, 8.984, 2.984],
					"texture": "#2",
					"cullface": "west",
					"rotation": 270
				},
				"down": {
					"uv": [8.016, 2.016, 8.984, 2.984],
					"texture": "#2",
					"cullface": "west",
					"rotation": 90
				}
			},
			"type": "cube"
		},
		{
			"name": "cube",
			"from": [-0.3999999999999986, 1, 12],
			"to": [0.10000000000000142, 2, 13],
			"faces": {
				"north": {
					"uv": [12.016, 13.016, 12.984, 13.984],
					"texture": "#2",
					"cullface": "west"
				},
				"south": {
					"uv": [12.016, 13.016, 12.984, 13.984],
					"texture": "#2",
					"cullface": "west"
				},
				"west": {
					"uv": [12.016, 13.016, 12.984, 13.984],
					"texture": "#2",
					"cullface": "west"
				},
				"up": {
					"uv": [12.016, 13.016, 12.984, 13.984],
					"texture": "#2",
					"cullface": "west",
					"rotation": 270
				},
				"down": {
					"uv": [12.016, 13.016, 12.984, 13.984],
					"texture": "#2",
					"cullface": "west",
					"rotation": 90
				}
			},
			"type": "cube"
		},
		{
			"name": "cube",
			"from": [-0.3999999999999986, 2, 13],
			"to": [0.10000000000000142, 3, 14],
			"faces": {
				"north": {
					"uv": [13.016, 12.016, 13.984, 12.984],
					"texture": "#2",
					"cullface": "west"
				},
				"south": {
					"uv": [13.016, 12.016, 13.984, 12.984],
					"texture": "#2",
					"cullface": "west"
				},
				"west": {
					"uv": [13.016, 12.016, 13.984, 12.984],
					"texture": "#2",
					"cullface": "west"
				},
				"up": {
					"uv": [13.016, 12.016, 13.984, 12.984],
					"texture": "#2",
					"cullface": "west",
					"rotation": 270
				},
				"down": {
					"uv": [13.016, 12.016, 13.984, 12.984],
					"texture": "#2",
					"cullface": "west",
					"rotation": 90
				}
			},
			"type": "cube"
		},
		{
			"name": "cube",
			"from": [-0.3999999999999986, 4, 9],
			"to": [0.10000000000000142, 5, 10],
			"faces": {
				"north": {
					"uv": [9.016, 11.016, 9.984, 11.984],
					"texture": "#2",
					"cullface": "west"
				},
				"south": {
					"uv": [9.016, 11.016, 9.984, 11.984],
					"texture": "#2",
					"cullface": "west"
				},
				"west": {
					"uv": [9.016, 11.016, 9.984, 11.984],
					"texture": "#2",
					"cullface": "west"
				},
				"up": {
					"uv": [9.016, 11.016, 9.984, 11.984],
					"texture": "#2",
					"cullface": "west",
					"rotation": 270
				},
				"down": {
					"uv": [9.016, 11.016, 9.984, 11.984],
					"texture": "#2",
					"cullface": "west",
					"rotation": 90
				}
			},
			"type": "cube"
		},
		{
			"name": "cube",
			"from": [-0.3999999999999986, 3, 8],
			"to": [0.10000000000000142, 4, 9],
			"faces": {
				"north": {
					"uv": [8.016, 12.016, 8.984, 12.984],
					"texture": "#2",
					"cullface": "west"
				},
				"south": {
					"uv": [8.016, 12.016, 8.984, 12.984],
					"texture": "#2",
					"cullface": "west"
				},
				"west": {
					"uv": [8.016, 12.016, 8.984, 12.984],
					"texture": "#2",
					"cullface": "west"
				},
				"up": {
					"uv": [8.016, 12.016, 8.984, 12.984],
					"texture": "#2",
					"cullface": "west",
					"rotation": 270
				},
				"down": {
					"uv": [8.016, 12.016, 8.984, 12.984],
					"texture": "#2",
					"cullface": "west",
					"rotation": 90
				}
			},
			"type": "cube"
		},
		{
			"name": "cube",
			"from": [-0.3999999999999986, 5, 3],
			"to": [0.10000000000000142, 6, 4],
			"faces": {
				"north": {
					"uv": [3.016, 10.016, 3.984, 10.984],
					"texture": "#2",
					"cullface": "west"
				},
				"south": {
					"uv": [3.016, 10.016, 3.984, 10.984],
					"texture": "#2",
					"cullface": "west"
				},
				"west": {
					"uv": [3.016, 10.016, 3.984, 10.984],
					"texture": "#2",
					"cullface": "west"
				},
				"up": {
					"uv": [3.016, 10.016, 3.984, 10.984],
					"texture": "#2",
					"cullface": "west",
					"rotation": 270
				},
				"down": {
					"uv": [3.016, 10.016, 3.984, 10.984],
					"texture": "#2",
					"cullface": "west",
					"rotation": 90
				}
			},
			"type": "cube"
		},
		{
			"name": "cube",
			"from": [-0.3999999999999986, 10, 9],
			"to": [0.10000000000000142, 11, 10],
			"faces": {
				"north": {
					"uv": [9.016, 5.016, 9.984, 5.984],
					"texture": "#2",
					"cullface": "west"
				},
				"south": {
					"uv": [9.016, 5.016, 9.984, 5.984],
					"texture": "#2",
					"cullface": "west"
				},
				"west": {
					"uv": [9.016, 5.016, 9.984, 5.984],
					"texture": "#2",
					"cullface": "west"
				},
				"up": {
					"uv": [9.016, 5.016, 9.984, 5.984],
					"texture": "#2",
					"cullface": "west",
					"rotation": 270
				},
				"down": {
					"uv": [9.016, 5.016, 9.984, 5.984],
					"texture": "#2",
					"cullface": "west",
					"rotation": 90
				}
			},
			"type": "cube"
		},
		{
			"name": "cube",
			"from": [-0.3999999999999986, 14, 9],
			"to": [0.10000000000000142, 15, 10],
			"faces": {
				"north": {
					"uv": [9.016, 1.016, 9.984, 1.984],
					"texture": "#2",
					"cullface": "west"
				},
				"south": {
					"uv": [9.016, 1.016, 9.984, 1.984],
					"texture": "#2",
					"cullface": "west"
				},
				"west": {
					"uv": [9.016, 1.016, 9.984, 1.984],
					"texture": "#2",
					"cullface": "west"
				},
				"up": {
					"uv": [9.016, 1.016, 9.984, 1.984],
					"texture": "#2",
					"cullface": "west",
					"rotation": 270
				},
				"down": {
					"uv": [9.016, 1.016, 9.984, 1.984],
					"texture": "#2",
					"cullface": "west",
					"rotation": 90
				}
			},
			"type": "cube"
		},
		{
			"name": "cube",
			"from": [5, -0.5, 4],
			"to": [6, 0, 5],
			"faces": {
				"north": {
					"uv": [4.016, 5.016, 4.984, 5.984],
					"texture": "#2",
					"cullface": "down",
					"rotation": 90
				},
				"east": {
					"uv": [4.016, 5.016, 4.984, 5.984],
					"texture": "#2",
					"cullface": "down"
				},
				"south": {
					"uv": [4.016, 5.016, 4.984, 5.984],
					"texture": "#2",
					"cullface": "down",
					"rotation": 270
				},
				"down": {
					"uv": [4.016, 5.016, 4.984, 5.984],
					"texture": "#2",
					"cullface": "down",
					"rotation": 270
				}
			},
			"type": "cube"
		},
		{
			"name": "cube",
			"from": [9, -0.5, 12],
			"to": [11, 0, 14],
			"faces": {
				"north": {
					"uv": [12.016, 8.016, 13.984, 9.984],
					"texture": "#2",
					"cullface": "down",
					"rotation": 90
				},
				"east": {
					"uv": [12.016, 8.016, 13.984, 9.984],
					"texture": "#2",
					"cullface": "down"
				},
				"south": {
					"uv": [12.016, 8.016, 13.984, 9.984],
					"texture": "#2",
					"cullface": "down",
					"rotation": 270
				},
				"west": {
					"uv": [12.016, 8.016, 13.984, 9.984],
					"texture": "#2",
					"cullface": "down",
					"rotation": 180
				},
				"down": {
					"uv": [12.016, 8.016, 13.984, 9.984],
					"texture": "#2",
					"cullface": "down",
					"rotation": 270
				}
			},
			"type": "cube"
		},
		{
			"name": "cube",
			"from": [9, -0.5, 4],
			"to": [10, 0, 6],
			"faces": {
				"north": {
					"uv": [4.016, 9.016, 5.984, 9.984],
					"texture": "#2",
					"cullface": "down",
					"rotation": 90
				},
				"east": {
					"uv": [4.016, 9.016, 5.984, 9.984],
					"texture": "#2",
					"cullface": "down"
				},
				"south": {
					"uv": [4.016, 9.016, 5.984, 9.984],
					"texture": "#2",
					"cullface": "down",
					"rotation": 270
				},
				"down": {
					"uv": [4.016, 9.016, 5.984, 9.984],
					"texture": "#2",
					"cullface": "down",
					"rotation": 270
				}
			},
			"type": "cube"
		},
		{
			"name": "cube",
			"from": [8, -0.5, 13],
			"to": [9, 0, 15],
			"faces": {
				"north": {
					"uv": [13.016, 7.016, 14.984, 7.984],
					"texture": "#2",
					"cullface": "down",
					"rotation": 90
				},
				"east": {
					"uv": [13.016, 7.016, 14.984, 7.984],
					"texture": "#2",
					"cullface": "down"
				},
				"south": {
					"uv": [13.016, 7.016, 14.984, 7.984],
					"texture": "#2",
					"cullface": "down",
					"rotation": 270
				},
				"west": {
					"uv": [13.016, 7.016, 14.984, 7.984],
					"texture": "#2",
					"cullface": "down",
					"rotation": 180
				},
				"down": {
					"uv": [13.016, 7.016, 14.984, 7.984],
					"texture": "#2",
					"cullface": "down",
					"rotation": 270
				}
			},
			"type": "cube"
		},
		{
			"name": "cube",
			"from": [4, -0.5, 4],
			"to": [5, 0, 6],
			"faces": {
				"north": {
					"uv": [4.016, 4.016, 5.984, 4.984],
					"texture": "#2",
					"cullface": "down",
					"rotation": 90
				},
				"east": {
					"uv": [4.016, 4.016, 5.984, 4.984],
					"texture": "#2",
					"cullface": "down"
				},
				"south": {
					"uv": [4.016, 4.016, 5.984, 4.984],
					"texture": "#2",
					"cullface": "down",
					"rotation": 270
				},
				"west": {
					"uv": [4.016, 4.016, 5.984, 4.984],
					"texture": "#2",
					"cullface": "down",
					"rotation": 180
				},
				"down": {
					"uv": [4.016, 4.016, 5.984, 4.984],
					"texture": "#2",
					"cullface": "down",
					"rotation": 270
				}
			},
			"type": "cube"
		},
		{
			"name": "cube",
			"from": [8, -0.5, 4],
			"to": [9, 0, 7],
			"faces": {
				"north": {
					"uv": [4.016, 8.016, 6.984, 8.984],
					"texture": "#2",
					"cullface": "down",
					"rotation": 90
				},
				"east": {
					"uv": [4.016, 8.016, 6.984, 8.984],
					"texture": "#2",
					"cullface": "down"
				},
				"south": {
					"uv": [4.016, 8.016, 6.984, 8.984],
					"texture": "#2",
					"cullface": "down",
					"rotation": 270
				},
				"west": {
					"uv": [4.016, 8.016, 6.984, 8.984],
					"texture": "#2",
					"cullface": "down",
					"rotation": 180
				},
				"down": {
					"uv": [4.016, 8.016, 6.984, 8.984],
					"texture": "#2",
					"cullface": "down",
					"rotation": 270
				}
			},
			"type": "cube"
		},
		{
			"name": "cube",
			"from": [7, -0.5, 5],
			"to": [8, 0, 8],
			"faces": {
				"north": {
					"uv": [5.016, 7.016, 7.984, 7.984],
					"texture": "#2",
					"cullface": "down",
					"rotation": 90
				},
				"east": {
					"uv": [5.016, 7.016, 7.984, 7.984],
					"texture": "#2",
					"cullface": "down"
				},
				"south": {
					"uv": [5.016, 7.016, 7.984, 7.984],
					"texture": "#2",
					"cullface": "down",
					"rotation": 270
				},
				"west": {
					"uv": [5.016, 7.016, 7.984, 7.984],
					"texture": "#2",
					"cullface": "down",
					"rotation": 180
				},
				"down": {
					"uv": [5.016, 7.016, 7.984, 7.984],
					"texture": "#2",
					"cullface": "down",
					"rotation": 270
				}
			},
			"type": "cube"
		},
		{
			"name": "cube",
			"from": [6, -0.5, 6],
			"to": [7, 0, 9],
			"faces": {
				"north": {
					"uv": [6.016, 6.016, 8.984, 6.984],
					"texture": "#2",
					"cullface": "down",
					"rotation": 90
				},
				"east": {
					"uv": [6.016, 6.016, 8.984, 6.984],
					"texture": "#2",
					"cullface": "down"
				},
				"south": {
					"uv": [6.016, 6.016, 8.984, 6.984],
					"texture": "#2",
					"cullface": "down",
					"rotation": 270
				},
				"west": {
					"uv": [6.016, 6.016, 8.984, 6.984],
					"texture": "#2",
					"cullface": "down",
					"rotation": 180
				},
				"down": {
					"uv": [6.016, 6.016, 8.984, 6.984],
					"texture": "#2",
					"cullface": "down",
					"rotation": 270
				}
			},
			"type": "cube"
		},
		{
			"name": "cube",
			"from": [3, -0.5, 5],
			"to": [4, 0, 8],
			"faces": {
				"north": {
					"uv": [5.016, 3.016, 7.984, 3.984],
					"texture": "#2",
					"cullface": "down",
					"rotation": 90
				},
				"east": {
					"uv": [5.016, 3.016, 7.984, 3.984],
					"texture": "#2",
					"cullface": "down"
				},
				"south": {
					"uv": [5.016, 3.016, 7.984, 3.984],
					"texture": "#2",
					"cullface": "down",
					"rotation": 270
				},
				"west": {
					"uv": [5.016, 3.016, 7.984, 3.984],
					"texture": "#2",
					"cullface": "down",
					"rotation": 180
				},
				"down": {
					"uv": [5.016, 3.016, 7.984, 3.984],
					"texture": "#2",
					"cullface": "down",
					"rotation": 270
				}
			},
			"type": "cube"
		},
		{
			"name": "cube",
			"from": [2, -0.5, 8],
			"to": [3, 0, 9],
			"faces": {
				"north": {
					"uv": [8.016, 2.016, 8.984, 2.984],
					"texture": "#2",
					"cullface": "down",
					"rotation": 90
				},
				"east": {
					"uv": [8.016, 2.016, 8.984, 2.984],
					"texture": "#2",
					"cullface": "down"
				},
				"south": {
					"uv": [8.016, 2.016, 8.984, 2.984],
					"texture": "#2",
					"cullface": "down",
					"rotation": 270
				},
				"west": {
					"uv": [8.016, 2.016, 8.984, 2.984],
					"texture": "#2",
					"cullface": "down",
					"rotation": 180
				},
				"down": {
					"uv": [8.016, 2.016, 8.984, 2.984],
					"texture": "#2",
					"cullface": "down",
					"rotation": 270
				}
			},
			"type": "cube"
		},
		{
			"name": "cube",
			"from": [14, -0.5, 12],
			"to": [15, 0, 13],
			"faces": {
				"north": {
					"uv": [12.016, 13.016, 12.984, 13.984],
					"texture": "#2",
					"cullface": "down",
					"rotation": 90
				},
				"east": {
					"uv": [12.016, 13.016, 12.984, 13.984],
					"texture": "#2",
					"cullface": "down"
				},
				"south": {
					"uv": [12.016, 13.016, 12.984, 13.984],
					"texture": "#2",
					"cullface": "down",
					"rotation": 270
				},
				"west": {
					"uv": [12.016, 13.016, 12.984, 13.984],
					"texture": "#2",
					"cullface": "down",
					"rotation": 180
				},
				"down": {
					"uv": [12.016, 13.016, 12.984, 13.984],
					"texture": "#2",
					"cullface": "down",
					"rotation": 270
				}
			},
			"type": "cube"
		},
		{
			"name": "cube",
			"from": [13, -0.5, 13],
			"to": [14, 0, 14],
			"faces": {
				"north": {
					"uv": [13.016, 12.016, 13.984, 12.984],
					"texture": "#2",
					"cullface": "down",
					"rotation": 90
				},
				"east": {
					"uv": [13.016, 12.016, 13.984, 12.984],
					"texture": "#2",
					"cullface": "down"
				},
				"south": {
					"uv": [13.016, 12.016, 13.984, 12.984],
					"texture": "#2",
					"cullface": "down",
					"rotation": 270
				},
				"west": {
					"uv": [13.016, 12.016, 13.984, 12.984],
					"texture": "#2",
					"cullface": "down",
					"rotation": 180
				},
				"down": {
					"uv": [13.016, 12.016, 13.984, 12.984],
					"texture": "#2",
					"cullface": "down",
					"rotation": 270
				}
			},
			"type": "cube"
		},
		{
			"name": "cube",
			"from": [11, -0.5, 9],
			"to": [12, 0, 10],
			"faces": {
				"north": {
					"uv": [9.016, 11.016, 9.984, 11.984],
					"texture": "#2",
					"cullface": "down",
					"rotation": 90
				},
				"east": {
					"uv": [9.016, 11.016, 9.984, 11.984],
					"texture": "#2",
					"cullface": "down"
				},
				"south": {
					"uv": [9.016, 11.016, 9.984, 11.984],
					"texture": "#2",
					"cullface": "down",
					"rotation": 270
				},
				"west": {
					"uv": [9.016, 11.016, 9.984, 11.984],
					"texture": "#2",
					"cullface": "down",
					"rotation": 180
				},
				"down": {
					"uv": [9.016, 11.016, 9.984, 11.984],
					"texture": "#2",
					"cullface": "down",
					"rotation": 270
				}
			},
			"type": "cube"
		},
		{
			"name": "cube",
			"from": [12, -0.5, 8],
			"to": [13, 0, 9],
			"faces": {
				"north": {
					"uv": [8.016, 12.016, 8.984, 12.984],
					"texture": "#2",
					"cullface": "down",
					"rotation": 90
				},
				"east": {
					"uv": [8.016, 12.016, 8.984, 12.984],
					"texture": "#2",
					"cullface": "down"
				},
				"south": {
					"uv": [8.016, 12.016, 8.984, 12.984],
					"texture": "#2",
					"cullface": "down",
					"rotation": 270
				},
				"west": {
					"uv": [8.016, 12.016, 8.984, 12.984],
					"texture": "#2",
					"cullface": "down",
					"rotation": 180
				},
				"down": {
					"uv": [8.016, 12.016, 8.984, 12.984],
					"texture": "#2",
					"cullface": "down",
					"rotation": 270
				}
			},
			"type": "cube"
		},
		{
			"name": "cube",
			"from": [10, -0.5, 3],
			"to": [11, 0, 4],
			"faces": {
				"north": {
					"uv": [3.016, 10.016, 3.984, 10.984],
					"texture": "#2",
					"cullface": "down",
					"rotation": 90
				},
				"east": {
					"uv": [3.016, 10.016, 3.984, 10.984],
					"texture": "#2",
					"cullface": "down"
				},
				"south": {
					"uv": [3.016, 10.016, 3.984, 10.984],
					"texture": "#2",
					"cullface": "down",
					"rotation": 270
				},
				"west": {
					"uv": [3.016, 10.016, 3.984, 10.984],
					"texture": "#2",
					"cullface": "down",
					"rotation": 180
				},
				"down": {
					"uv": [3.016, 10.016, 3.984, 10.984],
					"texture": "#2",
					"cullface": "down",
					"rotation": 270
				}
			},
			"type": "cube"
		},
		{
			"name": "cube",
			"from": [5, -0.5, 9],
			"to": [6, 0, 10],
			"faces": {
				"north": {
					"uv": [9.016, 5.016, 9.984, 5.984],
					"texture": "#2",
					"cullface": "down",
					"rotation": 90
				},
				"east": {
					"uv": [9.016, 5.016, 9.984, 5.984],
					"texture": "#2",
					"cullface": "down"
				},
				"south": {
					"uv": [9.016, 5.016, 9.984, 5.984],
					"texture": "#2",
					"cullface": "down",
					"rotation": 270
				},
				"west": {
					"uv": [9.016, 5.016, 9.984, 5.984],
					"texture": "#2",
					"cullface": "down",
					"rotation": 180
				},
				"down": {
					"uv": [9.016, 5.016, 9.984, 5.984],
					"texture": "#2",
					"cullface": "down",
					"rotation": 270
				}
			},
			"type": "cube"
		},
		{
			"name": "cube",
			"from": [1, -0.5, 9],
			"to": [2, 0, 10],
			"faces": {
				"north": {
					"uv": [9.016, 1.016, 9.984, 1.984],
					"texture": "#2",
					"cullface": "down",
					"rotation": 90
				},
				"east": {
					"uv": [9.016, 1.016, 9.984, 1.984],
					"texture": "#2",
					"cullface": "down"
				},
				"south": {
					"uv": [9.016, 1.016, 9.984, 1.984],
					"texture": "#2",
					"cullface": "down",
					"rotation": 270
				},
				"west": {
					"uv": [9.016, 1.016, 9.984, 1.984],
					"texture": "#2",
					"cullface": "down",
					"rotation": 180
				},
				"down": {
					"uv": [9.016, 1.016, 9.984, 1.984],
					"texture": "#2",
					"cullface": "down",
					"rotation": 270
				}
			},
			"type": "cube"
		}
	],
	"groups": [
		0,
		{
			"name": "ore",
			"isOpen": false,
			"display": {"visibility": true, "autouv": true},
			"children": [
				1,
				2,
				3,
				4,
				5,
				6,
				7,
				8,
				9,
				10,
				11,
				12,
				13,
				14,
				15,
				16,
				17
			]
		},
		{
			"name": "ore",
			"isOpen": false,
			"display": {"visibility": true, "autouv": true},
			"children": [
				18,
				19,
				20,
				21,
				22,
				23,
				24,
				25,
				26,
				27,
				28,
				29,
				30,
				31,
				32,
				33,
				34
			]
		},
		{
			"name": "ore",
			"display": {"visibility": true, "autouv": true},
			"children": [
				35,
				36,
				37,
				38,
				39,
				40,
				41,
				42,
				43,
				44,
				45,
				46,
				47,
				48,
				49,
				50,
				51
			]
		},
		{
			"name": "ore",
			"display": {"visibility": true, "autouv": true},
			"children": [
				52,
				53,
				54,
				55,
				56,
				57,
				58,
				59,
				60,
				61,
				62,
				63,
				64,
				65,
				66,
				67,
				68
			]
		},
		{
			"name": "ore",
			"display": {"visibility": true, "autouv": true},
			"children": [
				69,
				70,
				71,
				72,
				73,
				74,
				75,
				76,
				77,
				78,
				79,
				80,
				81,
				82,
				83,
				84,
				85
			]
		},
		{
			"name": "ore",
			"display": {"visibility": true, "autouv": true},
			"children": [
				86,
				87,
				88,
				89,
				90,
				91,
				92,
				93,
				94,
				95,
				96,
				97,
				98,
				99,
				100,
				101,
				102
			]
		}
	],
	"display": {
		"thirdperson_righthand": {
			"scale": [0.375, 0.375, 0.375],
			"rotation": [75, 45, 0],
			"translation": [0, 2.5, 0]
		},
		"thirdperson_lefthand": {
			"scale": [0.375, 0.375, 0.375],
			"rotation": [75, 45, 0],
			"translation": [0, 2.5, 0]
		},
		"firstperson_righthand": {
			"scale": [0.4, 0.4, 0.4],
			"rotation": [0, 45, 0],
			"translation": [0, 0, 0]
		},
		"firstperson_lefthand": {
			"scale": [0.4, 0.4, 0.4],
			"rotation": [0, 225, 0],
			"translation": [0, 0, 0]
		},
		"ground": {
			"scale": [0.25, 0.25, 0.25],
			"rotation": [0, 0, 0],
			"translation": [0, 3, 0]
		},
		"fixed": {
			"scale": [0.5, 0.5, 0.5],
			"rotation": [0, 0, 0],
			"translation": [0, 0, 0]
		},
		"gui": {
			"scale": [0.625, 0.625, 0.625],
			"rotation": [30, 225, 0],
			"translation": [0, 0, 0]
		}
	}
}