{
	"credit": "Made with Blockbench",
	"parent": "block/door_top",
	"textures": {
		"top": "block/oak_door_bottom",
		"particle": "block/oak_door_bottom"
	},
	"elements": [
		{
			"from": [0, 0, 0],
			"to": [1.5, 16, 16],
			"faces": {
				"north": {"uv": [1.484, 0.016, 0.016, 15.984], "texture": "#top", "cullface": "north"},
				"south": {"uv": [15.984, 0.016, 14.516, 15.984], "texture": "#top", "cullface": "south"},
				"west": {"uv": [0.016, 0.016, 15.984, 15.984], "texture": "#top", "cullface": "west"},
				"down": {"uv": [0.016, 14.516, 15.984, 15.984], "texture": "#top", "rotation": 90, "cullface": "down"}
			}
		},
		{
			"from": [1.5, 0, 0],
			"to": [3, 16, 16],
			"faces": {
				"north": {"uv": [0.016, 0.016, 1.484, 15.984], "texture": "#top", "cullface": "north"},
				"east": {"uv": [15.984, 0.016, 0.016, 15.984], "texture": "#top"},
				"south": {"uv": [14.516, 0.016, 15.984, 15.984], "texture": "#top", "cullface": "south"},
				"down": {"uv": [15.984, 14.516, 0.016, 15.984], "texture": "#top", "rotation": 270, "cullface": "down"}
			}
		}
	]
}