{
	"ambientocclusion": false,
	"textures": {
		"0": "block/oak_log",
		"2": "custom/leaves_coloured/leaves_oak",
		"particle":	"block/oak_sapling"
	},
	"elements": [
		{
			"name": "cube",
			"from": [7.625, 0, 7.625],
			"to": [8.375, 9.75, 8.375],
			"faces": {
				"north": {"uv": [6, 0, 7, 15], "texture": "#0"},
				"east": {"uv": [6, 0, 7, 15], "texture": "#0"},
				"south": {"uv": [6, 0, 7, 15], "texture": "#0"},
				"west": {"uv": [6, 0, 7, 15], "texture": "#0"},
				"up": {"uv": [0, 0, 0.5, 0.5], "texture": "#0"},
				"down": {"uv": [6, 0, 7, 15], "texture": "#0"}
			},
			"type": "cube"
		},
		{
			"name": "cube",
			"from": [8.375, 9.75, 7.625],
			"to": [9.125, 10.5, 8.375],
			"faces": {
				"north": {"uv": [7, 0, 8, 1], "texture": "#0"},
				"east": {"uv": [7, 0, 8, 1], "texture": "#0"},
				"south": {"uv": [7, 0, 8, 1], "texture": "#0"},
				"west": {"uv": [7, 0, 8, 1], "texture": "#0"},
				"up": {"uv": [7, 0, 8, 1], "texture": "#0"},
				"down": {"uv": [7, 0, 8, 1], "texture": "#0"}
			},
			"type": "cube"
		},
		{
			"name": "cube",
			"from": [6.875, 9.75, 8.375],
			"to": [7.625, 10.5, 9.125],
			"faces": {
				"north": {"uv": [7, 0, 8, 1], "texture": "#0"},
				"east": {"uv": [7, 0, 8, 1], "texture": "#0"},
				"south": {"uv": [7, 0, 8, 1], "texture": "#0"},
				"west": {"uv": [7, 0, 8, 1], "texture": "#0"},
				"up": {"uv": [7, 0, 8, 1], "texture": "#0"},
				"down": {"uv": [7, 0, 8, 1], "texture": "#0"}
			},
			"type": "cube"
		},
		{
			"name": "cube",
			"from": [6.125, 10.5, 9.125],
			"to": [6.875, 11.25, 9.875],
			"faces": {
				"north": {"uv": [7, 0, 8, 1], "texture": "#0"},
				"east": {"uv": [7, 0, 8, 1], "texture": "#0"},
				"south": {"uv": [7, 0, 8, 1], "texture": "#0"},
				"west": {"uv": [7, 0, 8, 1], "texture": "#0"},
				"up": {"uv": [7, 0, 8, 1], "texture": "#0"},
				"down": {"uv": [7, 0, 8, 1], "texture": "#0"}
			},
			"type": "cube"
		},
		{
			"name": "cube",
			"from": [6.875, 8.881784197001252e-16, 8.375],
			"to": [7.625, 0.7500000000000009, 9.125],
			"faces": {
				"north": {"uv": [7, 0, 8, 1], "texture": "#0"},
				"east": {"uv": [7, 0, 8, 1], "texture": "#0"},
				"south": {"uv": [7, 0, 8, 1], "texture": "#0"},
				"west": {"uv": [7, 0, 8, 1], "texture": "#0"},
				"up": {"uv": [7, 0, 8, 1], "texture": "#0"},
				"down": {"uv": [7, 0, 8, 1], "texture": "#0"}
			},
			"type": "cube"
		},
		{
			"name": "cube",
			"from": [7.625, 3.750000000000001, 6.875],
			"to": [8.375, 4.500000000000001, 7.625],
			"faces": {
				"north": {"uv": [7, 0, 8, 1], "texture": "#0"},
				"east": {"uv": [7, 0, 8, 1], "texture": "#0"},
				"south": {"uv": [7, 0, 8, 1], "texture": "#0"},
				"west": {"uv": [7, 0, 8, 1], "texture": "#0"},
				"up": {"uv": [7, 0, 8, 1], "texture": "#0"},
				"down": {"uv": [7, 0, 8, 1], "texture": "#0"}
			},
			"type": "cube"
		},
		{
			"name": "cube",
			"from": [8.375, 5.250000000000001, 8.375],
			"to": [9.125, 6.000000000000001, 9.125],
			"faces": {
				"north": {"uv": [7, 0, 8, 1], "texture": "#0"},
				"east": {"uv": [7, 0, 8, 1], "texture": "#0"},
				"south": {"uv": [7, 0, 8, 1], "texture": "#0"},
				"west": {"uv": [7, 0, 8, 1], "texture": "#0"},
				"up": {"uv": [7, 0, 8, 1], "texture": "#0"},
				"down": {"uv": [7, 0, 8, 1], "texture": "#0"}
			},
			"type": "cube"
		},
		{
			"name": "cube",
			"from": [9.875, 4.500000000000001, 10.625],
			"to": [10.625, 5.250000000000001, 11.375],
			"faces": {
				"north": {"uv": [7, 2, 8, 3], "texture": "#2"},
				"east": {"uv": [7, 2, 8, 3], "texture": "#2"},
				"south": {"uv": [7, 2, 8, 3], "texture": "#2"},
				"west": {"uv": [7, 2, 8, 3], "texture": "#2"},
				"up": {"uv": [7, 2, 8, 3], "texture": "#2"},
				"down": {"uv": [7, 2, 8, 3], "texture": "#2"}
			},
			"type": "cube"
		},
		{
			"name": "cube",
			"from": [10.625, 4.500000000000001, 9.875],
			"to": [11.375, 5.250000000000001, 10.625],
			"faces": {
				"north": {"uv": [7, 2, 8, 3], "texture": "#2"},
				"east": {"uv": [7, 2, 8, 3], "texture": "#2"},
				"south": {"uv": [7, 2, 8, 3], "texture": "#2"},
				"west": {"uv": [7, 2, 8, 3], "texture": "#2"},
				"up": {"uv": [7, 2, 8, 3], "texture": "#2"},
				"down": {"uv": [7, 2, 8, 3], "texture": "#2"}
			},
			"type": "cube"
		},
		{
			"name": "cube",
			"from": [9.875, 4.500000000000001, 9.875],
			"to": [10.625, 5.250000000000001, 10.625],
			"faces": {
				"north": {"uv": [7, 2, 8, 3], "texture": "#2"},
				"east": {"uv": [7, 2, 8, 3], "texture": "#2"},
				"south": {"uv": [7, 2, 8, 3], "texture": "#2"},
				"west": {"uv": [7, 2, 8, 3], "texture": "#2"},
				"up": {"uv": [7, 2, 8, 3], "texture": "#2"},
				"down": {"uv": [7, 2, 8, 3], "texture": "#2"}
			},
			"type": "cube"
		},
		{
			"name": "cube",
			"from": [9.125, 5.250000000000001, 9.875],
			"to": [9.875, 6.000000000000001, 10.625],
			"faces": {
				"north": {"uv": [7, 2, 8, 3], "texture": "#2"},
				"east": {"uv": [7, 2, 8, 3], "texture": "#2"},
				"south": {"uv": [7, 2, 8, 3], "texture": "#2"},
				"west": {"uv": [7, 2, 8, 3], "texture": "#2"},
				"up": {"uv": [7, 2, 8, 3], "texture": "#2"},
				"down": {"uv": [7, 2, 8, 3], "texture": "#2"}
			},
			"type": "cube"
		},
		{
			"name": "cube",
			"from": [9.875, 5.250000000000001, 9.125],
			"to": [10.625, 6.000000000000001, 9.875],
			"faces": {
				"north": {"uv": [7, 2, 8, 3], "texture": "#2"},
				"east": {"uv": [7, 2, 8, 3], "texture": "#2"},
				"south": {"uv": [7, 2, 8, 3], "texture": "#2"},
				"west": {"uv": [7, 2, 8, 3], "texture": "#2"},
				"up": {"uv": [7, 2, 8, 3], "texture": "#2"},
				"down": {"uv": [7, 2, 8, 3], "texture": "#2"}
			},
			"type": "cube"
		},
		{
			"name": "cube",
			"from": [9.125, 5.250000000000001, 9.125],
			"to": [9.875, 6.000000000000001, 9.875],
			"faces": {
				"north": {"uv": [7, 2, 8, 3], "texture": "#2"},
				"east": {"uv": [7, 2, 8, 3], "texture": "#2"},
				"south": {"uv": [7, 2, 8, 3], "texture": "#2"},
				"west": {"uv": [7, 2, 8, 3], "texture": "#2"},
				"up": {"uv": [7, 2, 8, 3], "texture": "#2"},
				"down": {"uv": [7, 2, 8, 3], "texture": "#2"}
			},
			"type": "cube"
		},
		{
			"name": "cube",
			"from": [5.375, 11.25, 6.125],
			"to": [6.125, 12, 6.875],
			"faces": {
				"north": {
					"uv": [3.5, 8.5, 4.5, 9.5],
					"texture": "#2"
				},
				"east": {
					"uv": [3.5, 8.5, 4.5, 9.5],
					"texture": "#2"
				},
				"south": {
					"uv": [3.5, 8.5, 4.5, 9.5],
					"texture": "#2"
				},
				"west": {
					"uv": [3.5, 8.5, 4.5, 9.5],
					"texture": "#2"
				},
				"up": {"uv": [3.5, 8.5, 4.5, 9.5], "texture": "#2"},
				"down": {
					"uv": [3.5, 8.5, 4.5, 9.5],
					"texture": "#2"
				}
			},
			"type": "cube"
		},
		{
			"name": "cube",
			"from": [5.375, 10.5, 7.625],
			"to": [6.125, 11.25, 8.375],
			"faces": {
				"north": {
					"uv": [3.5, 8.5, 4.5, 9.5],
					"texture": "#2"
				},
				"east": {
					"uv": [3.5, 8.5, 4.5, 9.5],
					"texture": "#2"
				},
				"south": {
					"uv": [3.5, 8.5, 4.5, 9.5],
					"texture": "#2"
				},
				"west": {
					"uv": [3.5, 8.5, 4.5, 9.5],
					"texture": "#2"
				},
				"up": {"uv": [3.5, 8.5, 4.5, 9.5], "texture": "#2"},
				"down": {
					"uv": [3.5, 8.5, 4.5, 9.5],
					"texture": "#2"
				}
			},
			"type": "cube"
		},
		{
			"name": "cube",
			"from": [4.625, 11.25, 6.875],
			"to": [5.375, 12, 7.625],
			"faces": {
				"north": {
					"uv": [3.5, 8.5, 4.5, 9.5],
					"texture": "#2"
				},
				"east": {
					"uv": [3.5, 8.5, 4.5, 9.5],
					"texture": "#2"
				},
				"south": {
					"uv": [3.5, 8.5, 4.5, 9.5],
					"texture": "#2"
				},
				"west": {
					"uv": [3.5, 8.5, 4.5, 9.5],
					"texture": "#2"
				},
				"up": {"uv": [3.5, 8.5, 4.5, 9.5], "texture": "#2"},
				"down": {
					"uv": [3.5, 8.5, 4.5, 9.5],
					"texture": "#2"
				}
			},
			"type": "cube"
		},
		{
			"name": "cube",
			"from": [5.375, 11.25, 6.875],
			"to": [6.125, 12, 7.625],
			"faces": {
				"north": {
					"uv": [3.5, 8.5, 4.5, 9.5],
					"texture": "#2"
				},
				"east": {
					"uv": [3.5, 8.5, 4.5, 9.5],
					"texture": "#2"
				},
				"south": {
					"uv": [3.5, 8.5, 4.5, 9.5],
					"texture": "#2"
				},
				"west": {
					"uv": [3.5, 8.5, 4.5, 9.5],
					"texture": "#2"
				},
				"up": {"uv": [3.5, 8.5, 4.5, 9.5], "texture": "#2"},
				"down": {
					"uv": [3.5, 8.5, 4.5, 9.5],
					"texture": "#2"
				}
			},
			"type": "cube"
		},
		{
			"name": "cube",
			"from": [6.125, 10.5, 7.625],
			"to": [6.875, 11.25, 8.375],
			"faces": {
				"north": {
					"uv": [3.5, 8.5, 4.5, 9.5],
					"texture": "#2"
				},
				"east": {
					"uv": [3.5, 8.5, 4.5, 9.5],
					"texture": "#2"
				},
				"south": {
					"uv": [3.5, 8.5, 4.5, 9.5],
					"texture": "#2"
				},
				"west": {
					"uv": [3.5, 8.5, 4.5, 9.5],
					"texture": "#2"
				},
				"up": {"uv": [3.5, 8.5, 4.5, 9.5], "texture": "#2"},
				"down": {
					"uv": [3.5, 8.5, 4.5, 9.5],
					"texture": "#2"
				}
			},
			"type": "cube"
		},
		{
			"name": "cube",
			"from": [6.125, 10.5, 6.875],
			"to": [6.875, 11.25, 7.625],
			"faces": {
				"north": {
					"uv": [3.5, 8.5, 4.5, 9.5],
					"texture": "#2"
				},
				"east": {
					"uv": [3.5, 8.5, 4.5, 9.5],
					"texture": "#2"
				},
				"south": {
					"uv": [3.5, 8.5, 4.5, 9.5],
					"texture": "#2"
				},
				"west": {
					"uv": [3.5, 8.5, 4.5, 9.5],
					"texture": "#2"
				},
				"up": {"uv": [3.5, 8.5, 4.5, 9.5], "texture": "#2"},
				"down": {
					"uv": [3.5, 8.5, 4.5, 9.5],
					"texture": "#2"
				}
			},
			"type": "cube"
		},
		{
			"name": "cube",
			"from": [10.625, 11.25, 6.125],
			"to": [11.375, 12, 6.875],
			"faces": {
				"north": {"uv": [7.5, 5, 8.5, 6], "texture": "#2"},
				"east": {"uv": [7.5, 5, 8.5, 6], "texture": "#2"},
				"south": {"uv": [7.5, 5, 8.5, 6], "texture": "#2"},
				"west": {"uv": [7.5, 5, 8.5, 6], "texture": "#2"},
				"up": {
					"uv": [7.5, 5, 8.5, 6],
					"rotation": 90,
					"texture": "#2"
				},
				"down": {
					"uv": [7.5, 5, 8.5, 6],
					"rotation": 270,
					"texture": "#2"
				}
			},
			"type": "cube"
		},
		{
			"name": "cube",
			"from": [9.125, 10.5, 6.125],
			"to": [9.875, 11.25, 6.875],
			"faces": {
				"north": {"uv": [7.5, 5, 8.5, 6], "texture": "#2"},
				"east": {"uv": [7.5, 5, 8.5, 6], "texture": "#2"},
				"south": {"uv": [7.5, 5, 8.5, 6], "texture": "#2"},
				"west": {"uv": [7.5, 5, 8.5, 6], "texture": "#2"},
				"up": {
					"uv": [7.5, 5, 8.5, 6],
					"rotation": 90,
					"texture": "#2"
				},
				"down": {
					"uv": [7.5, 5, 8.5, 6],
					"rotation": 270,
					"texture": "#2"
				}
			},
			"type": "cube"
		},
		{
			"name": "cube",
			"from": [9.875, 11.25, 5.375],
			"to": [10.625, 12, 6.125],
			"faces": {
				"north": {"uv": [7.5, 5, 8.5, 6], "texture": "#2"},
				"east": {"uv": [7.5, 5, 8.5, 6], "texture": "#2"},
				"south": {"uv": [7.5, 5, 8.5, 6], "texture": "#2"},
				"west": {"uv": [7.5, 5, 8.5, 6], "texture": "#2"},
				"up": {
					"uv": [7.5, 5, 8.5, 6],
					"rotation": 90,
					"texture": "#2"
				},
				"down": {
					"uv": [7.5, 5, 8.5, 6],
					"rotation": 270,
					"texture": "#2"
				}
			},
			"type": "cube"
		},
		{
			"name": "cube",
			"from": [9.875, 11.25, 6.125],
			"to": [10.625, 12, 6.875],
			"faces": {
				"north": {"uv": [7.5, 5, 8.5, 6], "texture": "#2"},
				"east": {"uv": [7.5, 5, 8.5, 6], "texture": "#2"},
				"south": {"uv": [7.5, 5, 8.5, 6], "texture": "#2"},
				"west": {"uv": [7.5, 5, 8.5, 6], "texture": "#2"},
				"up": {
					"uv": [7.5, 5, 8.5, 6],
					"rotation": 90,
					"texture": "#2"
				},
				"down": {
					"uv": [7.5, 5, 8.5, 6],
					"rotation": 270,
					"texture": "#2"
				}
			},
			"type": "cube"
		},
		{
			"name": "cube",
			"from": [9.125, 10.5, 6.875],
			"to": [9.875, 11.25, 7.625],
			"faces": {
				"north": {"uv": [7.5, 5, 8.5, 6], "texture": "#2"},
				"east": {"uv": [7.5, 5, 8.5, 6], "texture": "#2"},
				"south": {"uv": [7.5, 5, 8.5, 6], "texture": "#2"},
				"west": {"uv": [7.5, 5, 8.5, 6], "texture": "#2"},
				"up": {
					"uv": [7.5, 5, 8.5, 6],
					"rotation": 90,
					"texture": "#2"
				},
				"down": {
					"uv": [7.5, 5, 8.5, 6],
					"rotation": 270,
					"texture": "#2"
				}
			},
			"type": "cube"
		},
		{
			"name": "cube",
			"from": [9.875, 10.5, 6.875],
			"to": [10.625, 11.25, 7.625],
			"faces": {
				"north": {"uv": [7.5, 5, 8.5, 6], "texture": "#2"},
				"east": {"uv": [7.5, 5, 8.5, 6], "texture": "#2"},
				"south": {"uv": [7.5, 5, 8.5, 6], "texture": "#2"},
				"west": {"uv": [7.5, 5, 8.5, 6], "texture": "#2"},
				"up": {
					"uv": [7.5, 5, 8.5, 6],
					"rotation": 90,
					"texture": "#2"
				},
				"down": {
					"uv": [7.5, 5, 8.5, 6],
					"rotation": 270,
					"texture": "#2"
				}
			},
			"type": "cube"
		},
		{
			"name": "cube",
			"from": [9.125, 5.250000000000001, 5.375],
			"to": [9.875, 6.000000000000001, 6.125],
			"faces": {
				"north": {
					"uv": [11.5, 13, 12.5, 14],
					"rotation": 90,
					"texture": "#2"
				},
				"east": {
					"uv": [11.5, 13, 12.5, 14],
					"rotation": 90,
					"texture": "#2"
				},
				"south": {
					"uv": [11.5, 13, 12.5, 14],
					"rotation": 90,
					"texture": "#2"
				},
				"west": {
					"uv": [11.5, 13, 12.5, 14],
					"rotation": 90,
					"texture": "#2"
				},
				"up": {
					"uv": [11.5, 13, 12.5, 14],
					"rotation": 90,
					"texture": "#2"
				},
				"down": {
					"uv": [11.5, 13, 12.5, 14],
					"rotation": 90,
					"texture": "#2"
				}
			},
			"type": "cube"
		},
		{
			"name": "cube",
			"from": [7.625, 4.500000000000001, 5.375],
			"to": [8.375, 5.250000000000001, 6.125],
			"faces": {
				"north": {
					"uv": [11.5, 13, 12.5, 14],
					"rotation": 90,
					"texture": "#2"
				},
				"east": {
					"uv": [11.5, 13, 12.5, 14],
					"rotation": 90,
					"texture": "#2"
				},
				"south": {
					"uv": [11.5, 13, 12.5, 14],
					"rotation": 90,
					"texture": "#2"
				},
				"west": {
					"uv": [11.5, 13, 12.5, 14],
					"rotation": 90,
					"texture": "#2"
				},
				"up": {
					"uv": [11.5, 13, 12.5, 14],
					"rotation": 90,
					"texture": "#2"
				},
				"down": {
					"uv": [11.5, 13, 12.5, 14],
					"rotation": 90,
					"texture": "#2"
				}
			},
			"type": "cube"
		},
		{
			"name": "cube",
			"from": [8.375, 5.250000000000001, 4.625],
			"to": [9.125, 6.000000000000001, 5.375],
			"faces": {
				"north": {
					"uv": [11.5, 13, 12.5, 14],
					"rotation": 90,
					"texture": "#2"
				},
				"east": {
					"uv": [11.5, 13, 12.5, 14],
					"rotation": 90,
					"texture": "#2"
				},
				"south": {
					"uv": [11.5, 13, 12.5, 14],
					"rotation": 90,
					"texture": "#2"
				},
				"west": {
					"uv": [11.5, 13, 12.5, 14],
					"rotation": 90,
					"texture": "#2"
				},
				"up": {
					"uv": [11.5, 13, 12.5, 14],
					"rotation": 90,
					"texture": "#2"
				},
				"down": {
					"uv": [11.5, 13, 12.5, 14],
					"rotation": 90,
					"texture": "#2"
				}
			},
			"type": "cube"
		},
		{
			"name": "cube",
			"from": [8.375, 5.250000000000001, 5.375],
			"to": [9.125, 6.000000000000001, 6.125],
			"faces": {
				"north": {
					"uv": [11.5, 13, 12.5, 14],
					"rotation": 90,
					"texture": "#2"
				},
				"east": {
					"uv": [11.5, 13, 12.5, 14],
					"rotation": 90,
					"texture": "#2"
				},
				"south": {
					"uv": [11.5, 13, 12.5, 14],
					"rotation": 90,
					"texture": "#2"
				},
				"west": {
					"uv": [11.5, 13, 12.5, 14],
					"rotation": 90,
					"texture": "#2"
				},
				"up": {
					"uv": [11.5, 13, 12.5, 14],
					"rotation": 90,
					"texture": "#2"
				},
				"down": {
					"uv": [11.5, 13, 12.5, 14],
					"rotation": 90,
					"texture": "#2"
				}
			},
			"type": "cube"
		},
		{
			"name": "cube",
			"from": [7.625, 4.500000000000001, 6.125],
			"to": [8.375, 5.250000000000001, 6.875],
			"faces": {
				"north": {
					"uv": [11.5, 13, 12.5, 14],
					"rotation": 90,
					"texture": "#2"
				},
				"east": {
					"uv": [11.5, 13, 12.5, 14],
					"rotation": 90,
					"texture": "#2"
				},
				"south": {
					"uv": [11.5, 13, 12.5, 14],
					"rotation": 90,
					"texture": "#2"
				},
				"west": {
					"uv": [11.5, 13, 12.5, 14],
					"rotation": 90,
					"texture": "#2"
				},
				"up": {
					"uv": [11.5, 13, 12.5, 14],
					"rotation": 90,
					"texture": "#2"
				},
				"down": {
					"uv": [11.5, 13, 12.5, 14],
					"rotation": 90,
					"texture": "#2"
				}
			},
			"type": "cube"
		},
		{
			"name": "cube",
			"from": [8.375, 4.500000000000001, 6.125],
			"to": [9.125, 5.250000000000001, 6.875],
			"faces": {
				"north": {
					"uv": [11.5, 13, 12.5, 14],
					"rotation": 90,
					"texture": "#2"
				},
				"east": {
					"uv": [11.5, 13, 12.5, 14],
					"rotation": 90,
					"texture": "#2"
				},
				"south": {
					"uv": [11.5, 13, 12.5, 14],
					"rotation": 90,
					"texture": "#2"
				},
				"west": {
					"uv": [11.5, 13, 12.5, 14],
					"rotation": 90,
					"texture": "#2"
				},
				"up": {
					"uv": [11.5, 13, 12.5, 14],
					"rotation": 90,
					"texture": "#2"
				},
				"down": {
					"uv": [11.5, 13, 12.5, 14],
					"rotation": 90,
					"texture": "#2"
				}
			},
			"type": "cube"
		},
		{
			"name": "cube",
			"from": [4.625, 10.5, 11.375],
			"to": [5.375, 11.25, 12.125],
			"faces": {
				"north": {"uv": [0, 1, 1, 2], "texture": "#2"},
				"east": {"uv": [0, 1, 1, 2], "texture": "#2"},
				"south": {"uv": [0, 1, 1, 2], "texture": "#2"},
				"west": {"uv": [0, 1, 1, 2], "texture": "#2"},
				"up": {"uv": [0, 1, 1, 2], "texture": "#2"},
				"down": {"uv": [0, 1, 1, 2], "texture": "#2"}
			},
			"type": "cube"
		},
		{
			"name": "cube",
			"from": [3.875, 10.5, 10.625],
			"to": [4.625, 11.25, 11.375],
			"faces": {
				"north": {"uv": [0, 1, 1, 2], "texture": "#2"},
				"east": {"uv": [0, 1, 1, 2], "texture": "#2"},
				"south": {"uv": [0, 1, 1, 2], "texture": "#2"},
				"west": {"uv": [0, 1, 1, 2], "texture": "#2"},
				"up": {"uv": [0, 1, 1, 2], "texture": "#2"},
				"down": {"uv": [0, 1, 1, 2], "texture": "#2"}
			},
			"type": "cube"
		},
		{
			"name": "cube",
			"from": [4.625, 10.5, 10.625],
			"to": [5.375, 11.25, 11.375],
			"faces": {
				"north": {"uv": [0, 1, 1, 2], "texture": "#2"},
				"east": {"uv": [0, 1, 1, 2], "texture": "#2"},
				"south": {"uv": [0, 1, 1, 2], "texture": "#2"},
				"west": {"uv": [0, 1, 1, 2], "texture": "#2"},
				"up": {"uv": [0, 1, 1, 2], "texture": "#2"},
				"down": {"uv": [0, 1, 1, 2], "texture": "#2"}
			},
			"type": "cube"
		},
		{
			"name": "cube",
			"from": [5.375, 11.25, 10.625],
			"to": [6.125, 12, 11.375],
			"faces": {
				"north": {"uv": [0, 1, 1, 2], "texture": "#2"},
				"east": {"uv": [0, 1, 1, 2], "texture": "#2"},
				"south": {"uv": [0, 1, 1, 2], "texture": "#2"},
				"west": {"uv": [0, 1, 1, 2], "texture": "#2"},
				"up": {"uv": [0, 1, 1, 2], "texture": "#2"},
				"down": {"uv": [0, 1, 1, 2], "texture": "#2"}
			},
			"type": "cube"
		},
		{
			"name": "cube",
			"from": [4.625, 11.25, 9.875],
			"to": [5.375, 12, 10.625],
			"faces": {
				"north": {"uv": [0, 1, 1, 2], "texture": "#2"},
				"east": {"uv": [0, 1, 1, 2], "texture": "#2"},
				"south": {"uv": [0, 1, 1, 2], "texture": "#2"},
				"west": {"uv": [0, 1, 1, 2], "texture": "#2"},
				"up": {"uv": [0, 1, 1, 2], "texture": "#2"},
				"down": {"uv": [0, 1, 1, 2], "texture": "#2"}
			},
			"type": "cube"
		},
		{
			"name": "cube",
			"from": [5.375, 11.25, 9.875],
			"to": [6.125, 12, 10.625],
			"faces": {
				"north": {"uv": [0, 1, 1, 2], "texture": "#2"},
				"east": {"uv": [0, 1, 1, 2], "texture": "#2"},
				"south": {"uv": [0, 1, 1, 2], "texture": "#2"},
				"west": {"uv": [0, 1, 1, 2], "texture": "#2"},
				"up": {"uv": [0, 1, 1, 2], "texture": "#2"},
				"down": {"uv": [0, 1, 1, 2], "texture": "#2"}
			},
			"type": "cube"
		}
	],
	"groups": [
		{
			"name": "Tronc",
			"isOpen": true,
			"display": {"visibility": true, "autouv": true},
			"children": [0, 1, 2, 3, 4, 5, 6]
		},
		{
			"name": "Feuille1",
			"isOpen": false,
			"display": {"visibility": true, "autouv": true},
			"children": [7, 8, 9, 10, 11, 12]
		},
		{
			"name": "Feuille2",
			"isOpen": false,
			"display": {"visibility": true, "autouv": true},
			"children": [13, 14, 15, 16, 17, 18]
		},
		{
			"name": "Feuille3",
			"display": {"visibility": true, "autouv": true},
			"children": [19, 20, 21, 22, 23, 24]
		},
		{
			"name": "Feuille4",
			"isOpen": true,
			"display": {"visibility": true, "autouv": true},
			"children": [25, 26, 27, 28, 29, 30]
		},
		{
			"name": "Feuille5",
			"display": {"visibility": true, "autouv": true},
			"children": [31, 32, 33, 34, 35, 36]
		}
	]
}