{
	"credit": "Made with Blockbench",
	"parent": "block/door_top",
	"textures": {
		"top": "block/oak_door_top",
		"particle": "block/oak_door_top"
	},
	"elements": [
		{
			"from": [0, 1.5, 0],
			"to": [1.5, 13, 3],
			"faces": {
				"north": {"uv": [14.516, 3.016, 15.984, 14.484], "texture": "#top", "cullface": "north"},
				"south": {"uv": [9.484, 3.016, 8.016, 14.484], "texture": "#top"},
				"west": {"uv": [15.984, 3.016, 13.016, 14.484], "texture": "#top", "cullface": "west"}
			}
		},
		{
			"from": [0, 1.5, 13],
			"to": [1.5, 13, 16],
			"faces": {
				"north": {"uv": [7.984, 3.016, 6.516, 14.484], "texture": "#top"},
				"south": {"uv": [0.016, 3.016, 1.484, 14.484], "texture": "#top", "cullface": "south"},
				"west": {"uv": [2.984, 3.016, 0.016, 14.484], "texture": "#top", "cullface": "west"}
			}
		},
		{
			"from": [0, 1.5, 6.5],
			"to": [1.5, 13, 9.5],
			"faces": {
				"north": {"uv": [14.484, 3.016, 13.016, 14.484], "texture": "#top"},
				"south": {"uv": [2.984, 3.016, 1.516, 14.484], "texture": "#top"},
				"west": {"uv": [9.484, 3.016, 6.516, 14.484], "texture": "#top", "cullface": "west"}
			}
		},
		{
			"from": [0, 13, 0],
			"to": [1.5, 16, 16],
			"faces": {
				"north": {"uv": [14.516, 0.016, 15.984, 2.984], "texture": "#top", "cullface": "north"},
				"south": {"uv": [0.016, 0.016, 1.484, 2.984], "texture": "#top", "cullface": "south"},
				"west": {"uv": [15.984, 0.016, 0.016, 2.984], "texture": "#top", "cullface": "west"},
				"up": {"uv": [0.016, 1.484, 15.984, 0.016], "texture": "#top", "rotation": 90, "cullface": "up"},
				"down": {"uv": [0.016, 2.984, 15.984, 1.516], "texture": "#top", "rotation": 270}
			}
		},
		{
			"from": [0, 0, 0],
			"to": [1.5, 1.5, 16],
			"faces": {
				"north": {"uv": [14.516, 14.516, 15.984, 15.984], "texture": "#top", "cullface": "north"},
				"south": {"uv": [0.016, 14.516, 1.484, 15.984], "texture": "#top", "cullface": "south"},
				"west": {"uv": [15.984, 14.516, 0.016, 15.984], "texture": "#top", "cullface": "west"},
				"up": {"uv": [0.016, 15.984, 15.984, 14.516], "texture": "#top", "rotation": 90}
			}
		},
		{
			"from": [1.5, 1.5, 0],
			"to": [3, 13, 3],
			"faces": {
				"north": {"uv": [15.984, 3.016, 14.516, 14.484], "texture": "#top", "cullface": "north"},
				"east": {"uv": [13.016, 3.016, 15.984, 14.484], "texture": "#top"},
				"south": {"uv": [8.016, 3.016, 9.484, 14.484], "texture": "#top"}
			}
		},
		{
			"from": [1.5, 1.5, 13],
			"to": [3, 13, 16],
			"faces": {
				"north": {"uv": [6.516, 3.016, 7.984, 14.484], "texture": "#top"},
				"east": {"uv": [0.016, 3.016, 2.984, 14.484], "texture": "#top"},
				"south": {"uv": [1.484, 3.016, 0.016, 14.484], "texture": "#top", "cullface": "south"}
			}
		},
		{
			"from": [1.5, 1.5, 6.5],
			"to": [3, 13, 9.5],
			"faces": {
				"north": {"uv": [13.016, 3.016, 14.484, 14.484], "texture": "#top"},
				"east": {"uv": [6.516, 3.016, 9.484, 14.484], "texture": "#top"},
				"south": {"uv": [1.516, 3.016, 2.984, 14.484], "texture": "#top"}
			}
		},
		{
			"from": [1.5, 13, 0],
			"to": [3, 16, 16],
			"faces": {
				"north": {"uv": [15.984, 0.016, 14.516, 2.984], "texture": "#top", "cullface": "north"},
				"east": {"uv": [0.016, 0.016, 15.984, 2.984], "texture": "#top"},
				"south": {"uv": [1.484, 0.016, 0.016, 2.984], "texture": "#top", "cullface": "south"},
				"up": {"uv": [15.984, 1.484, 0.016, 0.016], "texture": "#top", "rotation": 270, "cullface": "up"},
				"down": {"uv": [15.984, 2.984, 0.016, 1.516], "texture": "#top", "rotation": 90}
			}
		},
		{
			"from": [1.5, 0, 0],
			"to": [3, 1.5, 16],
			"faces": {
				"north": {"uv": [15.984, 14.516, 14.516, 15.984], "texture": "#top", "cullface": "north"},
				"east": {"uv": [0.016, 14.516, 15.984, 15.984], "texture": "#top"},
				"south": {"uv": [1.484, 14.516, 0.016, 15.984], "texture": "#top", "cullface": "south"},
				"up": {"uv": [15.984, 15.984, 0.016, 14.516], "texture": "#top", "rotation": 270}
			}
		}
	]
}