{
	"credit": "Made with Blockbench",
	"textures": {
		"0": "block/oak_trapdoor",
		"particle": "block/oak_trapdoor"
	},
	"elements": [
		{
			"from": [13, 0, 13],
			"to": [16, 16, 16],
			"faces": {
				"north": {"uv": [13, 0, 16, 16], "texture": "#0", "rotation": 180},
				"east": {"uv": [0, 6.5, 16, 9.5], "texture": "#0", "rotation": 90, "cullface": "east"},
				"south": {"uv": [13, 0, 16, 16], "texture": "#0", "cullface": "south"},
				"west": {"uv": [0, 6.5, 16, 9.5], "texture": "#0", "rotation": 270},
				"up": {"uv": [13, 6.5, 16, 9.5], "texture": "#0", "cullface": "up"},
				"down": {"uv": [0, 6.5, 3, 9.5], "texture": "#0", "rotation": 180, "cullface": "down"}
			}
		},
		{
			"from": [6, 0, 13],
			"to": [10, 16, 16],
			"faces": {
				"north": {"uv": [6, 0, 10, 16], "texture": "#0", "rotation": 180},
				"east": {"uv": [0, 0, 16, 3], "texture": "#0", "rotation": 90},
				"south": {"uv": [6, 0, 10, 16], "texture": "#0", "cullface": "south"},
				"west": {"uv": [0, 0, 16, 3], "texture": "#0", "rotation": 270},
				"up": {"uv": [6, 6.5, 10, 9.5], "texture": "#0", "cullface": "up"},
				"down": {"uv": [6, 6.5, 10, 9.5], "texture": "#0", "rotation": 180, "cullface": "down"}
			}
		},
		{
			"from": [0, 0, 13],
			"to": [3, 16, 16],
			"faces": {
				"north": {"uv": [0, 0, 3, 16], "texture": "#0", "rotation": 180},
				"east": {"uv": [0, 6.5, 16, 9.5], "texture": "#0", "rotation": 90},
				"south": {"uv": [0, 0, 3, 16], "texture": "#0", "cullface": "south"},
				"west": {"uv": [0, 6.5, 16, 9.5], "texture": "#0", "rotation": 270, "cullface": "west"},
				"up": {"uv": [0, 6.5, 3, 9.5], "texture": "#0", "cullface": "up"},
				"down": {"uv": [13, 6.5, 16, 9.5], "texture": "#0", "rotation": 180, "cullface": "down"}
			}
		},
		{
			"from": [3, 13, 13],
			"to": [6, 16, 16],
			"faces": {
				"north": {"uv": [3, 13, 6, 16], "texture": "#0", "rotation": 180},
				"south": {"uv": [3, 0, 6, 3], "texture": "#0", "cullface": "south"},
				"up": {"uv": [3, 6.5, 6, 9.5], "texture": "#0", "cullface": "up"},
				"down": {"uv": [10, 6.5, 13, 9.5], "texture": "#0", "rotation": 180}
			}
		},
		{
			"from": [10, 6, 13],
			"to": [13, 10, 16],
			"faces": {
				"north": {"uv": [10, 6, 13, 10], "texture": "#0", "rotation": 180},
				"south": {"uv": [10, 6, 13, 10], "texture": "#0", "cullface": "south"},
				"up": {"uv": [10, 6.5, 13, 9.5], "texture": "#0"},
				"down": {"uv": [3, 6.5, 6, 9.5], "texture": "#0", "rotation": 180}
			}
		},
		{
			"from": [3, 6, 13],
			"to": [6, 10, 16],
			"faces": {
				"north": {"uv": [3, 6, 6, 10], "texture": "#0", "rotation": 180},
				"south": {"uv": [3, 6, 6, 10], "texture": "#0", "cullface": "south"},
				"up": {"uv": [3, 6.5, 6, 9.5], "texture": "#0"},
				"down": {"uv": [10, 6.5, 13, 9.5], "texture": "#0", "rotation": 180}
			}
		},
		{
			"from": [10, 13, 13],
			"to": [13, 16, 16],
			"faces": {
				"north": {"uv": [10, 13, 13, 16], "texture": "#0", "rotation": 180},
				"south": {"uv": [10, 0, 13, 3], "texture": "#0", "cullface": "south"},
				"up": {"uv": [10, 6.5, 13, 9.5], "texture": "#0", "cullface": "up"},
				"down": {"uv": [3, 6.5, 6, 9.5], "texture": "#0", "rotation": 180}
			}
		},
		{
			"from": [10, 0, 13],
			"to": [13, 3, 16],
			"faces": {
				"north": {"uv": [10, 0, 13, 3], "texture": "#0", "rotation": 180},
				"south": {"uv": [10, 13, 13, 16], "texture": "#0", "cullface": "south"},
				"up": {"uv": [10, 6.5, 13, 9.5], "texture": "#0"},
				"down": {"uv": [3, 6.5, 6, 9.5], "texture": "#0", "rotation": 180, "cullface": "down"}
			}
		},
		{
			"from": [3, 0, 13],
			"to": [6, 3, 16],
			"faces": {
				"north": {"uv": [3, 0, 6, 3], "texture": "#0", "rotation": 180},
				"south": {"uv": [3, 13, 6, 16], "texture": "#0", "cullface": "south"},
				"up": {"uv": [3, 6.5, 6, 9.5], "texture": "#0"},
				"down": {"uv": [10, 6.5, 13, 9.5], "texture": "#0", "rotation": 180, "cullface": "down"}
			}
		}
	],
	"display": {
		"thirdperson_righthand": {
			"scale": [0.375, 0.375, 0.375],
			"rotation": [75, 45, 0],
			"translation": [0, 2.5, 2]
		},
		"thirdperson_lefthand": {
			"scale": [0.375, 0.375, 0.375],
			"rotation": [75, 45, 0],
			"translation": [0, 2.5, 2]
		},
		"firstperson_righthand": {
			"scale": [0.4, 0.4, 0.4],
			"rotation": [0, 45, 0],
			"translation": [0, 0, 0]
		},
		"firstperson_lefthand": {
			"scale": [0.4, 0.4, 0.4],
			"rotation": [0, 225, 0],
			"translation": [0, 0, 0]
		},
		"ground": {
			"scale": [0.25, 0.25, 0.25],
			"rotation": [0, 0, 0],
			"translation": [0, 3, 0]
		},
		"fixed": {
			"scale": [0.5, 0.5, 0.5],
			"rotation": [0, 0, 0],
			"translation": [0, 0, 0]
		},
		"gui": {
			"scale": [0.625, 0.625, 0.625],
			"rotation": [30, 225, 0],
			"translation": [0, 0, 0]
		}
	}
}