{
	"credit": "Made with Blockbench",
	"textures": {
		"1": "block/powered_rail",
		"particle": "block/powered_rail",
		"east": "block/rail"
	},
	"elements": [
		{
			"from": [4, 0, 13],
			"to": [12, 1, 15],
			"faces": {
				"north": {"uv": [4.008, 13.008, 11.895, 13.974], "texture": "#east", "cullface": "false"},
				"south": {"uv": [4.008, 13.008, 11.992, 13.992], "texture": "#east", "cullface": "false"},
				"up": {"uv": [4.008, 13.008, 11.992, 14.992], "texture": "#1", "cullface": "false"},
				"down": {"uv": [4.008, 13.008, 11.992, 14.992], "rotation": 180, "texture": "#east", "cullface": "false"}
			}
		},
		{
			"from": [4, 0, 9],
			"to": [12, 1, 11],
			"faces": {
				"north": {"uv": [4.008, 9.008, 11.992, 9.992], "texture": "#east", "cullface": "false"},
				"south": {"uv": [4.008, 9.008, 11.992, 9.992], "texture": "#east", "cullface": "false"},
				"up": {"uv": [4.008, 9.008, 11.992, 10.992], "texture": "#1", "cullface": "false"},
				"down": {"uv": [4.008, 9.008, 11.992, 10.992], "rotation": 180, "texture": "#east", "cullface": "false"}
			}
		},
		{
			"from": [4, 0, 5],
			"to": [12, 1, 7],
			"faces": {
				"north": {"uv": [4.008, 5.008, 11.992, 5.992], "texture": "#east", "cullface": "false"},
				"south": {"uv": [4.008, 5.008, 11.992, 5.992], "texture": "#east", "cullface": "false"},
				"up": {"uv": [4.008, 5.008, 11.992, 6.992], "texture": "#1", "cullface": "false"},
				"down": {"uv": [4.008, 5.008, 11.992, 6.992], "rotation": 180, "texture": "#east", "cullface": "false"}
			}
		},
		{
			"from": [4, 0, 1],
			"to": [12, 1, 3],
			"faces": {
				"north": {"uv": [4.008, 1.008, 11.992, 1.992], "texture": "#east", "cullface": "false"},
				"south": {"uv": [4.008, 1.008, 11.992, 1.992], "texture": "#east", "cullface": "false"},
				"up": {"uv": [4.008, 1.008, 11.992, 2.992], "texture": "#1", "cullface": "false"},
				"down": {"uv": [4.008, 1.008, 11.992, 2.992], "rotation": 180, "texture": "#east", "cullface": "false"}
			}
		},
		{
			"from": [12, 1, 0],
			"to": [14, 1.5, 16],
			"faces": {
				"north": {"uv": [2.008, 0.008, 3.992, 0.492], "texture": "#east", "cullface": "false"},
				"east": {"uv": [13.5, 0, 13.984, 15.984], "rotation": 90, "texture": "#east", "cullface": "false"},
				"south": {"uv": [12.008, 15.508, 13.992, 15.992], "texture": "#east", "cullface": "false"},
				"up": {"uv": [12.008, 0.008, 13.992, 15.992], "texture": "#east", "cullface": "false"},
				"down": {"uv": [12.008, 0.008, 13.992, 15.992], "texture": "#east", "cullface": "false"}
			}
		},
		{
			"from": [2, 1, 0],
			"to": [4, 1.5, 16],
			"faces": {
				"north": {"uv": [12.008, 0.008, 13.992, 0.492], "texture": "#east", "cullface": "false"},
				"south": {"uv": [2.008, 15.508, 3.992, 15.992], "texture": "#east", "cullface": "false"},
				"west": {"uv": [2, 0, 2.484, 15.984], "rotation": 270, "texture": "#east", "cullface": "false"},
				"up": {"uv": [2.008, 0.008, 3.992, 15.992], "texture": "#east", "cullface": "false"},
				"down": {"uv": [2.008, 0.008, 3.992, 15.992], "texture": "#east", "cullface": "false"}
			}
		},
		{
			"from": [4, 1, 0],
			"to": [5, 1.5, 16],
			"faces": {
				"north": {"uv": [4.008, 0.008, 4.992, 0.492], "texture": "#1", "cullface": "false"},
				"east": {"uv": [4.008, 0.008, 4.484, 15.984], "rotation": 90, "texture": "#1", "cullface": "false"},
				"south": {"uv": [4.008, 15.508, 4.992, 15.992], "texture": "#1", "cullface": "false"},
				"up": {"uv": [4.008, 0.008, 4.984, 15.984], "texture": "#1", "cullface": "false"},
				"down": {"uv": [11.008, 0.008, 11.992, 15.992], "texture": "#1", "cullface": "false"}
			}
		},
		{
			"from": [11, 1, 0],
			"to": [12, 1.5, 16],
			"faces": {
				"north": {"uv": [11.008, 0.008, 11.992, 0.492], "texture": "#1", "cullface": "false"},
				"south": {"uv": [11.008, 15.508, 11.992, 15.992], "texture": "#1", "cullface": "false"},
				"west": {"uv": [11.508, 0.008, 11.984, 15.984], "rotation": 270, "texture": "#1", "cullface": "false"},
				"up": {"uv": [11.008, 0.008, 11.984, 15.984], "texture": "#1", "cullface": "false"},
				"down": {"uv": [4.008, 0.008, 4.992, 15.992], "texture": "#1", "cullface": "false"}
			}
		},
		{
			"from": [1, 0, 1],
			"to": [4, 1, 3],
			"faces": {
				"north": {"uv": [9.008, 1.008, 11.992, 1.992], "texture": "#east"},
				"south": {"uv": [4.008, 1.008, 6.992, 1.992], "texture": "#east"},
				"west": {"uv": [1.008, 1.008, 1.992, 2.992], "rotation": 270, "texture": "#east"},
				"up": {"uv": [1.008, 1.008, 3.992, 2.992], "texture": "#east"},
				"down": {"uv": [9.008, 1.008, 11.992, 2.992], "rotation": 180, "texture": "#east"}
			}
		},
		{
			"from": [12, 0, 1],
			"to": [15, 1, 3],
			"faces": {
				"north": {"uv": [4.008, 1.008, 6.992, 1.992], "texture": "#east"},
				"east": {"uv": [14.008, 1.008, 14.992, 2.992], "rotation": 90, "texture": "#east"},
				"south": {"uv": [9.008, 1.008, 11.992, 1.992], "texture": "#east"},
				"up": {"uv": [12.008, 1.008, 14.992, 2.992], "texture": "#east"},
				"down": {"uv": [4.008, 1.008, 6.992, 2.992], "rotation": 180, "texture": "#east"}
			}
		},
		{
			"from": [1, 0, 5],
			"to": [4, 1, 7],
			"faces": {
				"north": {"uv": [9.008, 5.008, 11.992, 5.992], "texture": "#east"},
				"south": {"uv": [4.008, 5.008, 6.992, 5.992], "texture": "#east"},
				"west": {"uv": [1.008, 5.008, 1.992, 6.992], "rotation": 270, "texture": "#east"},
				"up": {"uv": [1.008, 5.008, 3.992, 6.992], "texture": "#east"},
				"down": {"uv": [9.008, 5.008, 11.992, 6.992], "rotation": 180, "texture": "#east"}
			}
		},
		{
			"from": [12, 0, 5],
			"to": [15, 1, 7],
			"faces": {
				"north": {"uv": [4.008, 5.008, 6.992, 5.992], "texture": "#east"},
				"east": {"uv": [14.008, 5.008, 14.992, 6.992], "rotation": 90, "texture": "#east"},
				"south": {"uv": [9.008, 5.008, 11.992, 5.992], "texture": "#east"},
				"up": {"uv": [12.008, 5.008, 14.992, 6.992], "texture": "#east"},
				"down": {"uv": [4.008, 5.008, 6.992, 6.992], "rotation": 180, "texture": "#east"}
			}
		},
		{
			"from": [1, 0, 9],
			"to": [4, 1, 11],
			"faces": {
				"north": {"uv": [9.008, 9.008, 11.992, 9.992], "texture": "#east"},
				"south": {"uv": [4.008, 9.008, 6.992, 9.992], "texture": "#east"},
				"west": {"uv": [1.008, 9.008, 1.992, 10.992], "rotation": 270, "texture": "#east"},
				"up": {"uv": [1.008, 9.008, 3.992, 10.992], "texture": "#east"},
				"down": {"uv": [9.008, 9.008, 11.992, 10.992], "rotation": 180, "texture": "#east"}
			}
		},
		{
			"from": [12, 0, 9],
			"to": [15, 1, 11],
			"faces": {
				"north": {"uv": [4.008, 9.008, 6.992, 9.992], "texture": "#east"},
				"east": {"uv": [14.008, 9.008, 14.992, 10.992], "rotation": 90, "texture": "#east"},
				"south": {"uv": [9.008, 9.008, 11.992, 9.992], "texture": "#east"},
				"up": {"uv": [12.008, 9.008, 14.992, 10.992], "texture": "#east"},
				"down": {"uv": [4.008, 9.008, 6.992, 10.992], "rotation": 180, "texture": "#east"}
			}
		},
		{
			"from": [1, 0, 13],
			"to": [4, 1, 15],
			"faces": {
				"north": {"uv": [9.008, 13.008, 11.992, 13.992], "texture": "#east"},
				"south": {"uv": [4.008, 13.008, 6.992, 13.992], "texture": "#east"},
				"west": {"uv": [1.008, 13.008, 1.992, 14.992], "rotation": 270, "texture": "#east"},
				"up": {"uv": [1.008, 13.008, 3.992, 14.992], "texture": "#east"},
				"down": {"uv": [9.008, 13.008, 11.992, 14.992], "rotation": 180, "texture": "#east"}
			}
		},
		{
			"from": [12, 0, 13],
			"to": [15, 1, 15],
			"faces": {
				"north": {"uv": [4.008, 13.008, 6.992, 13.992], "texture": "#east"},
				"east": {"uv": [14.008, 13.008, 14.992, 14.992], "rotation": 90, "texture": "#east"},
				"south": {"uv": [9.008, 13.008, 11.992, 13.992], "texture": "#east"},
				"up": {"uv": [12.008, 13.008, 14.992, 14.992], "texture": "#east"},
				"down": {"uv": [4.008, 13.008, 6.992, 14.992], "rotation": 180, "texture": "#east"}
			}
		}
	]
}