{
	"credit": "Made with Blockbench",
	"ambientocclusion": false,
	"textures": {
		"down": "block/rail_corner",
		"up": "block/rail_corner",
		"north": "block/rail_corner",
		"south": "block/rail_corner",
		"west": "block/rail_corner",
		"east": "block/rail_corner",
		"texture": "block/rail_corner",
		"particle": "block/rail_corner"
	},
	"elements": [
		{
			"from": [11, 0, 1.5],
			"to": [12.5, 1, 2.5],
			"faces": {
				"north": {"uv": [11.492, 14.008, 10.008, 14.992], "texture": "#north", "cullface": "false"},
				"east": {"uv": [6.492, 13.008, 5.508, 13.992], "texture": "#east", "cullface": "false"},
				"west": {"uv": [5.508, 13.008, 6.492, 13.992], "texture": "#west", "cullface": "false"},
				"up": {"uv": [11.008, 1.008, 12.492, 1.992], "texture": "#up", "cullface": "false"},
				"down": {"uv": [11.008, 1.008, 12.492, 1.992], "texture": "#down", "cullface": "false"}
			}
		},
		{
			"from": [11, 0, 2.5],
			"to": [13.5, 1, 4],
			"faces": {
				"north": {"uv": [11.492, 14.008, 9.008, 14.992], "texture": "#north", "cullface": "false"},
				"east": {"uv": [6.992, 13.008, 5.508, 13.992], "texture": "#east", "cullface": "false"},
				"south": {"uv": [9.008, 14.008, 11.492, 14.992], "texture": "#south", "cullface": "false"},
				"west": {"uv": [5.508, 13.008, 6.992, 13.992], "texture": "#west", "cullface": "false"},
				"up": {"uv": [12.008, 5.508, 13.992, 6.492], "texture": "#up", "cullface": "false"},
				"down": {"uv": [12.008, 5.508, 13.992, 6.492], "texture": "#down", "cullface": "false"}
			}
		},
		{
			"from": [11.5, 0, 4],
			"to": [13.5, 1, 5.5],
			"faces": {
				"east": {"uv": [5.008, 12.008, 6.492, 12.992], "texture": "#east", "cullface": "false"},
				"south": {"uv": [11.508, 15.008, 13.492, 15.992], "texture": "#south", "cullface": "false"},
				"west": {"uv": [5.008, 12.008, 6.492, 12.992], "texture": "#west", "cullface": "false"},
				"up": {"uv": [12.008, 4.008, 13.992, 5.492], "texture": "#up", "cullface": "false"},
				"down": {"uv": [12.008, 4.008, 13.992, 5.492], "texture": "#down", "cullface": "false"}
			}
		},
		{
			"from": [12, 0, 5.5],
			"to": [14, 1, 7],
			"faces": {
				"north": {"uv": [11.992, 14.008, 10.008, 14.992], "texture": "#north", "cullface": "false"},
				"east": {"uv": [6.992, 13.008, 5.508, 13.992], "texture": "#east", "cullface": "false"},
				"south": {"uv": [10.008, 14.008, 11.992, 14.992], "texture": "#south", "cullface": "false"},
				"west": {"uv": [5.508, 13.008, 6.992, 13.992], "texture": "#west", "cullface": "false"},
				"up": {"uv": [12.008, 5.508, 13.992, 6.992], "texture": "#up", "cullface": "false"},
				"down": {"uv": [12.008, 5.508, 13.992, 6.992], "texture": "#down", "cullface": "false"}
			}
		},
		{
			"from": [12.5, 0, 7],
			"to": [14.5, 1, 8.5],
			"faces": {
				"north": {"uv": [11.492, 14.008, 9.508, 14.992], "texture": "#north", "cullface": "false"},
				"east": {"uv": [8.492, 13.008, 7.008, 13.992], "texture": "#east", "cullface": "false"},
				"south": {"uv": [9.508, 14.008, 11.492, 14.992], "texture": "#south", "cullface": "false"},
				"west": {"uv": [7.008, 13.008, 8.492, 13.992], "texture": "#west", "cullface": "false"},
				"up": {"uv": [12.508, 7.008, 14.492, 8.492], "texture": "#up", "cullface": "false"},
				"down": {"uv": [12.508, 7.008, 14.492, 8.492], "texture": "#down", "cullface": "false"}
			}
		},
		{
			"from": [13, 0, 8.5],
			"to": [15, 1, 10],
			"faces": {
				"north": {"uv": [11.992, 14.008, 10.008, 14.992], "texture": "#north", "cullface": "false"},
				"east": {"uv": [9.992, 14.008, 8.508, 14.992], "texture": "#east", "cullface": "false"},
				"south": {"uv": [10.008, 14.008, 11.992, 14.992], "texture": "#south", "cullface": "false"},
				"west": {"uv": [8.508, 14.008, 9.992, 14.992], "texture": "#west", "cullface": "false"},
				"up": {"uv": [13.008, 8.508, 14.992, 9.992], "texture": "#up", "cullface": "false"},
				"down": {"uv": [13.008, 8.508, 14.992, 9.992], "texture": "#down", "cullface": "false"}
			}
		},
		{
			"from": [13.5, 0, 10],
			"to": [15.5, 1, 11.5],
			"faces": {
				"north": {"uv": [11.492, 14.008, 9.508, 14.992], "texture": "#north", "cullface": "false"},
				"east": {"uv": [11.492, 14.008, 10.008, 14.992], "texture": "#east", "cullface": "false"},
				"south": {"uv": [9.508, 14.008, 11.492, 14.992], "texture": "#south", "cullface": "false"},
				"west": {"uv": [10.008, 14.008, 11.492, 14.992], "texture": "#west", "cullface": "false"},
				"up": {"uv": [13.508, 10.008, 15.492, 11.492], "texture": "#up", "cullface": "false"},
				"down": {"uv": [13.508, 10.008, 15.492, 11.492], "texture": "#down", "cullface": "false"}
			}
		},
		{
			"from": [14, 0, 11.5],
			"to": [16, 1, 12.5],
			"faces": {
				"north": {"uv": [11.492, 13.508, 9.508, 14.492], "texture": "#north", "cullface": "false"},
				"east": {"uv": [11.492, 14.008, 10.508, 14.992], "texture": "#east", "cullface": "false"},
				"south": {"uv": [9.508, 13.508, 11.492, 14.492], "texture": "#south", "cullface": "false"},
				"west": {"uv": [10.508, 14.008, 11.492, 14.992], "texture": "#west", "cullface": "false"},
				"up": {"uv": [14.008, 11.008, 15.992, 11.992], "texture": "#up", "cullface": "false"},
				"down": {"uv": [14.008, 14.008, 15.992, 14.992], "texture": "#down", "cullface": "false"}
			}
		},
		{
			"from": [12.5, 0, 14.5],
			"to": [14, 1, 16],
			"faces": {
				"north": {"uv": [11.492, 13.508, 10.008, 14.492], "texture": "#north", "cullface": "false"},
				"south": {"uv": [10.008, 13.508, 11.492, 14.492], "texture": "#south", "cullface": "false"},
				"down": {"uv": [10.508, 14.008, 11.992, 15.492], "texture": "#down", "cullface": "false"}
			}
		},
		{
			"from": [2.5, 0, 11],
			"to": [3, 1, 12.5],
			"faces": {
				"north": {"uv": [5.992, 13.008, 5.508, 13.992], "texture": "#north", "cullface": "false"},
				"south": {"uv": [5.508, 13.008, 5.992, 13.992], "texture": "#south", "cullface": "false"},
				"up": {"uv": [1.508, 11.008, 1.992, 12.492], "texture": "#up", "cullface": "false"},
				"down": {"uv": [1.508, 11.008, 1.992, 12.492], "texture": "#down", "cullface": "false"}
			}
		},
		{
			"from": [3, 0, 11],
			"to": [4.5, 1, 13],
			"faces": {
				"north": {"uv": [7.492, 13.008, 6.008, 13.992], "texture": "#north", "cullface": "false"},
				"east": {"uv": [11.992, 14.008, 10.008, 14.992], "texture": "#east", "cullface": "false"},
				"south": {"uv": [6.008, 13.008, 7.492, 13.992], "texture": "#south", "cullface": "false"},
				"west": {"uv": [10.008, 14.008, 11.992, 14.992], "texture": "#west", "cullface": "false"},
				"down": {"uv": [4.008, 12.008, 5.492, 13.992], "texture": "#down", "cullface": "false"}
			}
		},
		{
			"from": [4, 0, 11.5],
			"to": [5.5, 1, 13.5],
			"faces": {
				"north": {"uv": [7.492, 13.008, 6.008, 13.992], "texture": "#north", "cullface": "false"},
				"east": {"uv": [11.492, 14.008, 9.508, 14.992], "texture": "#east", "cullface": "false"},
				"south": {"uv": [5.008, 13.008, 6.492, 13.992], "texture": "#south", "cullface": "false"},
				"west": {"uv": [9.508, 14.008, 11.492, 14.992], "texture": "#west", "cullface": "false"},
				"up": {"uv": [4.008, 11.508, 5.492, 13.492], "texture": "#up", "cullface": "false"},
				"down": {"uv": [4.008, 12.008, 5.492, 13.992], "texture": "#down", "cullface": "false"}
			}
		},
		{
			"from": [5.5, 0, 12],
			"to": [7, 1, 14],
			"faces": {
				"north": {"uv": [6.992, 13.008, 5.508, 13.992], "texture": "#north", "cullface": "false"},
				"east": {"uv": [11.992, 14.008, 10.008, 14.992], "texture": "#east", "cullface": "false"},
				"south": {"uv": [5.508, 13.008, 6.992, 13.992], "texture": "#south", "cullface": "false"},
				"west": {"uv": [10.008, 14.008, 11.992, 14.992], "texture": "#west", "cullface": "false"},
				"up": {"uv": [5.508, 12.008, 6.992, 13.992], "texture": "#up", "cullface": "false"},
				"down": {"uv": [5.508, 12.008, 6.992, 13.992], "texture": "#down", "cullface": "false"}
			}
		},
		{
			"from": [7, 0, 12.5],
			"to": [8.5, 1, 14.5],
			"faces": {
				"north": {"uv": [8.492, 13.008, 7.008, 13.992], "texture": "#north", "cullface": "false"},
				"east": {"uv": [11.492, 14.008, 9.508, 14.992], "texture": "#east", "cullface": "false"},
				"south": {"uv": [7.008, 13.008, 8.492, 13.992], "texture": "#south", "cullface": "false"},
				"west": {"uv": [9.508, 14.008, 11.492, 14.992], "texture": "#west", "cullface": "false"},
				"up": {"uv": [7.008, 12.508, 8.492, 14.492], "texture": "#up", "cullface": "false"},
				"down": {"uv": [7.008, 12.508, 8.492, 14.492], "texture": "#down", "cullface": "false"}
			}
		},
		{
			"from": [8.5, 0, 13],
			"to": [10, 1, 15],
			"faces": {
				"north": {"uv": [9.992, 14.008, 8.508, 14.992], "texture": "#north", "cullface": "false"},
				"east": {"uv": [11.992, 14.008, 10.008, 14.992], "texture": "#east", "cullface": "false"},
				"south": {"uv": [8.508, 14.008, 9.992, 14.992], "texture": "#south", "cullface": "false"},
				"west": {"uv": [10.008, 14.008, 11.992, 14.992], "texture": "#west", "cullface": "false"},
				"up": {"uv": [8.508, 13.008, 9.992, 14.992], "texture": "#up", "cullface": "false"},
				"down": {"uv": [8.508, 13.008, 9.992, 14.992], "texture": "#down", "cullface": "false"}
			}
		},
		{
			"from": [10, 0, 13.5],
			"to": [11.5, 1, 15.5],
			"faces": {
				"north": {"uv": [11.492, 14.008, 10.008, 14.992], "texture": "#north", "cullface": "false"},
				"east": {"uv": [14.008, 14.008, 15.992, 14.992], "texture": "#east", "cullface": "false"},
				"south": {"uv": [10.008, 14.008, 11.492, 14.992], "texture": "#south", "cullface": "false"},
				"west": {"uv": [9.508, 14.008, 11.492, 14.992], "texture": "#west", "cullface": "false"},
				"up": {"uv": [10.008, 13.508, 11.492, 15.492], "texture": "#up", "cullface": "false"},
				"down": {"uv": [10.008, 13.508, 11.492, 15.492], "texture": "#down", "cullface": "false"}
			}
		},
		{
			"from": [11.5, 0, 14],
			"to": [12.5, 1, 16],
			"faces": {
				"north": {"uv": [11.992, 14.508, 11.008, 15.492], "texture": "#north", "cullface": "false"},
				"east": {"uv": [11.992, 14.008, 10.008, 14.992], "texture": "#east", "cullface": "false"},
				"south": {"uv": [11.008, 14.508, 11.992, 15.492], "texture": "#south", "cullface": "false"},
				"west": {"uv": [10.008, 14.008, 11.992, 14.992], "texture": "#west", "cullface": "false"},
				"up": {"uv": [11.008, 14.008, 11.992, 15.992], "texture": "#up", "cullface": "false"},
				"down": {"uv": [11.008, 14.008, 11.992, 15.992], "texture": "#down", "cullface": "false"}
			}
		},
		{
			"from": [14, 0, 15],
			"to": [14.5, 1, 16],
			"faces": {
				"east": {"uv": [14.992, 15.008, 14.008, 15.992], "texture": "#east", "cullface": "false"},
				"south": {"uv": [14.008, 15.008, 14.992, 15.992], "texture": "#south", "cullface": "false"},
				"up": {"uv": [14.008, 15.008, 14.992, 15.992], "texture": "#up", "cullface": "false"},
				"down": {"uv": [14.008, 15.008, 14.992, 15.992], "texture": "#down", "cullface": "false"}
			}
		},
		{
			"from": [15, 0, 13.5],
			"to": [16, 1, 14.5],
			"faces": {
				"east": {"uv": [14.008, 15.008, 14.992, 15.992], "texture": "#east", "cullface": "false"},
				"south": {"uv": [14.008, 15.008, 14.992, 15.992], "texture": "#south", "cullface": "false"},
				"up": {"uv": [15.008, 13.508, 15.992, 14.492], "texture": "#up", "cullface": "false"},
				"down": {"uv": [15.008, 14.008, 15.992, 14.992], "texture": "#down", "cullface": "false"}
			}
		},
		{
			"from": [14, 0, 13],
			"to": [15, 1, 15],
			"faces": {
				"north": {"uv": [14.992, 15.008, 14.008, 15.992], "texture": "#north", "cullface": "false"},
				"east": {"uv": [14.992, 15.008, 13.008, 15.992], "texture": "#east", "cullface": "false"},
				"south": {"uv": [14.008, 15.008, 14.992, 15.992], "texture": "#south", "cullface": "false"},
				"up": {"uv": [14.008, 13.008, 14.992, 14.992], "texture": "#up", "cullface": "false"},
				"down": {"uv": [14.008, 14.008, 14.992, 15.992], "texture": "#down", "cullface": "false"}
			}
		},
		{
			"from": [13, 0, 12.5],
			"to": [14, 1, 14.5],
			"faces": {
				"north": {"uv": [11.992, 14.008, 11.008, 14.992], "texture": "#north", "cullface": "false"},
				"east": {"uv": [15.992, 14.008, 14.008, 14.992], "texture": "#east", "cullface": "false"},
				"west": {"uv": [14.008, 14.008, 15.992, 14.992], "texture": "#west", "cullface": "false"},
				"up": {"uv": [13.008, 12.508, 13.992, 14.492], "texture": "#up", "cullface": "false"},
				"down": {"uv": [14.008, 14.008, 14.992, 15.992], "texture": "#down", "cullface": "false"}
			}
		},
		{
			"from": [5.5, 0, 5],
			"to": [6.5, 1, 5.5],
			"faces": {
				"north": {"uv": [6.492, 12.008, 5.508, 12.992], "texture": "#north", "cullface": "false"},
				"east": {"uv": [5.492, 12.008, 5.008, 12.992], "texture": "#east", "cullface": "false"},
				"west": {"uv": [5.008, 12.008, 5.492, 12.992], "texture": "#west", "cullface": "false"},
				"up": {"uv": [5.508, 5.008, 6.492, 5.492], "texture": "#up", "cullface": "false"},
				"down": {"uv": [5.508, 5.008, 6.492, 5.492], "texture": "#down", "cullface": "false"}
			}
		},
		{
			"from": [5, 0, 5.5],
			"to": [6, 1, 6.5],
			"faces": {
				"north": {"uv": [5.992, 12.008, 5.008, 12.992], "texture": "#north", "cullface": "false"},
				"south": {"uv": [5.008, 12.008, 5.992, 12.992], "texture": "#south", "cullface": "false"},
				"west": {"uv": [5.508, 13.008, 6.492, 13.992], "texture": "#west", "cullface": "false"},
				"up": {"uv": [5.008, 5.508, 5.992, 6.492], "texture": "#up", "cullface": "false"},
				"down": {"uv": [5.008, 5.508, 5.992, 6.492], "texture": "#down", "cullface": "false"}
			}
		},
		{
			"from": [6, 0, 5.5],
			"to": [7, 1, 7.5],
			"faces": {
				"north": {"uv": [6.992, 12.008, 6.008, 12.992], "texture": "#north", "cullface": "false"},
				"east": {"uv": [7.492, 13.008, 5.508, 13.992], "texture": "#east", "cullface": "false"},
				"south": {"uv": [6.008, 13.008, 6.992, 13.992], "texture": "#south", "cullface": "false"},
				"west": {"uv": [5.508, 13.008, 7.492, 13.992], "texture": "#west", "cullface": "false"},
				"up": {"uv": [6.008, 5.508, 6.992, 7.492], "texture": "#up", "cullface": "false"},
				"down": {"uv": [7.008, 7.008, 7.992, 8.992], "texture": "#down", "cullface": "false"}
			}
		},
		{
			"from": [7, 0, 6.5],
			"to": [8, 1, 8.5],
			"faces": {
				"north": {"uv": [7.992, 13.008, 7.008, 13.992], "texture": "#north", "cullface": "false"},
				"east": {"uv": [8.492, 13.008, 6.508, 13.992], "texture": "#east", "cullface": "false"},
				"south": {"uv": [7.008, 13.008, 7.992, 13.992], "texture": "#south", "cullface": "false"},
				"west": {"uv": [6.508, 13.008, 8.492, 13.992], "texture": "#west", "cullface": "false"},
				"up": {"uv": [7.008, 6.508, 7.992, 8.492], "texture": "#up", "cullface": "false"},
				"down": {"uv": [7.008, 7.008, 7.992, 8.992], "texture": "#down", "cullface": "false"}
			}
		},
		{
			"from": [8, 0, 7.5],
			"to": [9, 1, 9.5],
			"faces": {
				"north": {"uv": [8.992, 13.008, 8.008, 13.992], "texture": "#north", "cullface": "false"},
				"east": {"uv": [9.492, 13.008, 7.508, 13.992], "texture": "#east", "cullface": "false"},
				"south": {"uv": [8.008, 13.008, 8.992, 13.992], "texture": "#south", "cullface": "false"},
				"west": {"uv": [7.508, 13.008, 9.492, 13.992], "texture": "#west", "cullface": "false"},
				"up": {"uv": [8.008, 7.508, 8.992, 9.492], "texture": "#up", "cullface": "false"},
				"down": {"uv": [8.008, 7.508, 8.992, 9.492], "texture": "#down", "cullface": "false"}
			}
		},
		{
			"from": [9, 0, 8.5],
			"to": [10, 1, 10.5],
			"faces": {
				"north": {"uv": [9.992, 14.008, 9.008, 14.992], "texture": "#north", "cullface": "false"},
				"east": {"uv": [10.492, 14.008, 8.508, 14.992], "texture": "#east", "cullface": "false"},
				"south": {"uv": [9.008, 14.008, 9.992, 14.992], "texture": "#south", "cullface": "false"},
				"west": {"uv": [8.508, 14.008, 10.492, 14.992], "texture": "#west", "cullface": "false"},
				"up": {"uv": [9.008, 8.508, 9.992, 10.492], "texture": "#up", "cullface": "false"},
				"down": {"uv": [9.008, 8.508, 9.992, 10.492], "texture": "#down", "cullface": "false"}
			}
		},
		{
			"from": [10, 0, 9.5],
			"to": [11, 1, 11.5],
			"faces": {
				"north": {"uv": [10.992, 14.008, 10.008, 14.992], "texture": "#north", "cullface": "false"},
				"east": {"uv": [11.492, 14.008, 9.508, 14.992], "texture": "#east", "cullface": "false"},
				"south": {"uv": [10.008, 14.008, 10.992, 14.992], "texture": "#south", "cullface": "false"},
				"west": {"uv": [9.508, 14.008, 11.492, 14.992], "texture": "#west", "cullface": "false"},
				"up": {"uv": [10.008, 9.508, 10.992, 11.492], "texture": "#up", "cullface": "false"},
				"down": {"uv": [10.008, 9.508, 10.992, 11.492], "texture": "#down", "cullface": "false"}
			}
		},
		{
			"from": [11, 0, 10.5],
			"to": [12, 1, 12.5],
			"faces": {
				"north": {"uv": [11.992, 14.008, 11.008, 14.992], "texture": "#north", "cullface": "false"},
				"east": {"uv": [11.492, 14.008, 9.508, 14.992], "texture": "#east", "cullface": "false"},
				"south": {"uv": [11.008, 14.008, 11.992, 14.992], "texture": "#south", "cullface": "false"},
				"west": {"uv": [9.508, 14.008, 11.492, 14.992], "texture": "#west", "cullface": "false"},
				"up": {"uv": [11.008, 10.508, 11.992, 12.492], "texture": "#up", "cullface": "false"},
				"down": {"uv": [11.008, 10.508, 11.992, 12.492], "texture": "#down", "cullface": "false"}
			}
		},
		{
			"from": [12, 0, 11.5],
			"to": [13, 1, 13.5],
			"faces": {
				"north": {"uv": [11.992, 14.008, 11.008, 14.992], "texture": "#north", "cullface": "false"},
				"east": {"uv": [11.492, 14.008, 9.508, 14.992], "texture": "#east", "cullface": "false"},
				"south": {"uv": [11.008, 14.008, 11.992, 14.992], "texture": "#south", "cullface": "false"},
				"west": {"uv": [9.508, 14.008, 11.492, 14.992], "texture": "#west", "cullface": "false"},
				"up": {"uv": [12.008, 11.508, 12.992, 13.492], "texture": "#up", "cullface": "false"},
				"down": {"uv": [12.008, 11.508, 12.992, 13.492], "texture": "#down", "cullface": "false"}
			}
		},
		{
			"from": [2, 1, 13.5],
			"to": [4, 1.5, 16],
			"faces": {
				"north": {"uv": [2.008, 14.008, 3.992, 14.992], "texture": "#north", "cullface": "false"},
				"east": {"uv": [15.008, 12.008, 15.992, 12.992], "texture": "#east", "cullface": "false"},
				"south": {"uv": [2.008, 14.008, 3.992, 14.992], "texture": "#south", "cullface": "false"},
				"west": {"uv": [15.008, 13.008, 15.992, 13.992], "texture": "#west", "cullface": "false"},
				"up": {"uv": [2.008, 15.008, 3.992, 15.992], "texture": "#up", "cullface": "false"},
				"down": {"uv": [2.008, 15.008, 3.992, 15.992], "texture": "#down", "cullface": "false"}
			}
		},
		{
			"from": [2.5, 1, 12],
			"to": [4.5, 1.5, 13.5],
			"faces": {
				"north": {"uv": [2.992, 14.008, 2.008, 14.992], "texture": "#north", "cullface": "false"},
				"east": {"uv": [14.008, 3.008, 15.492, 3.992], "texture": "#east", "cullface": "false"},
				"south": {"uv": [3.008, 14.008, 3.992, 14.992], "texture": "#south", "cullface": "false"},
				"west": {"uv": [14.508, 2.008, 15.992, 2.492], "texture": "#west", "cullface": "false"},
				"up": {"uv": [2.008, 12.008, 3.992, 13.492], "texture": "#up", "cullface": "false"},
				"down": {"uv": [2.508, 12.008, 4.492, 13.492], "texture": "#down", "cullface": "false"}
			}
		},
		{
			"from": [3, 1, 10],
			"to": [5, 1.5, 12],
			"faces": {
				"north": {"uv": [3.992, 14.008, 2.008, 14.992], "texture": "#north", "cullface": "false"},
				"east": {"uv": [15.992, 3.008, 14.008, 3.992], "texture": "#east", "cullface": "false"},
				"south": {"uv": [2.008, 14.008, 3.992, 14.992], "texture": "#south", "cullface": "false"},
				"west": {"uv": [14.008, 2.008, 15.992, 2.492], "texture": "#west", "cullface": "false"},
				"up": {"uv": [2.008, 14.008, 3.992, 15.992], "texture": "#up", "cullface": "false"},
				"down": {"uv": [2.008, 14.008, 3.992, 15.992], "texture": "#down", "cullface": "false"}
			}
		},
		{
			"from": [3.5, 1, 9],
			"to": [5.5, 1.5, 10],
			"faces": {
				"north": {"uv": [3.992, 14.008, 2.008, 14.992], "texture": "#north", "cullface": "false"},
				"east": {"uv": [3.992, 14.008, 3.008, 14.992], "texture": "#east", "cullface": "false"},
				"south": {"uv": [2.008, 14.008, 3.992, 14.992], "texture": "#south", "cullface": "false"},
				"west": {"uv": [2.008, 14.008, 2.992, 14.992], "texture": "#west", "cullface": "false"},
				"up": {"uv": [3.008, 10.008, 4.992, 10.992], "texture": "#up", "cullface": "false"},
				"down": {"uv": [3.008, 10.008, 4.992, 10.992], "texture": "#down", "cullface": "false"}
			}
		},
		{
			"from": [4.5, 1, 7.5],
			"to": [6.5, 1.5, 9],
			"faces": {
				"north": {"uv": [3.992, 14.008, 2.008, 14.992], "texture": "#north", "cullface": "false"},
				"east": {"uv": [3.992, 14.008, 3.008, 14.992], "texture": "#east", "cullface": "false"},
				"south": {"uv": [2.008, 14.008, 3.992, 14.992], "texture": "#south", "cullface": "false"},
				"west": {"uv": [2.008, 14.008, 2.992, 14.992], "texture": "#west", "cullface": "false"},
				"up": {"uv": [2.008, 14.008, 3.992, 14.992], "texture": "#up", "cullface": "false"},
				"down": {"uv": [2.008, 14.008, 3.992, 14.992], "texture": "#down", "cullface": "false"}
			}
		},
		{
			"from": [5.5, 1, 6.5],
			"to": [8, 1.5, 7.5],
			"faces": {
				"north": {"uv": [3.992, 14.008, 2.008, 14.992], "texture": "#north", "cullface": "false"},
				"east": {"uv": [3.992, 14.008, 3.008, 14.992], "texture": "#east", "cullface": "false"},
				"south": {"uv": [2.008, 14.008, 3.992, 14.992], "texture": "#south", "cullface": "false"},
				"west": {"uv": [2.008, 14.008, 2.992, 14.992], "texture": "#west", "cullface": "false"},
				"up": {"uv": [2.008, 14.008, 3.992, 14.992], "texture": "#up", "cullface": "false"},
				"down": {"uv": [2.008, 14.008, 3.992, 14.992], "texture": "#down", "cullface": "false"}
			}
		},
		{
			"from": [7, 1, 5.5],
			"to": [9.5, 1.5, 6.5],
			"faces": {
				"north": {"uv": [3.008, 13.508, 3.992, 13.992], "texture": "#north"},
				"east": {"uv": [3.508, 13.008, 3.992, 13.492], "texture": "#east"},
				"south": {"uv": [2.008, 13.508, 2.992, 13.992], "texture": "#south"},
				"up": {"uv": [7.508, 5.008, 9.992, 5.992], "texture": "#up"},
				"down": {"uv": [8.992, 6.492, 6.508, 5.508], "texture": "#down"}
			}
		},
		{
			"from": [7.5, 1, 4.5],
			"to": [10.5, 1.5, 5.5],
			"faces": {
				"north": {"uv": [3.992, 14.008, 2.008, 14.992], "texture": "#north", "cullface": "false"},
				"east": {"uv": [3.992, 14.008, 3.008, 14.992], "texture": "#east", "cullface": "false"},
				"south": {"uv": [2.008, 14.008, 3.992, 14.992], "texture": "#south", "cullface": "false"},
				"west": {"uv": [3.008, 14.008, 3.992, 14.492], "texture": "#west", "cullface": "false"},
				"up": {"uv": [2.008, 14.008, 3.992, 14.992], "texture": "#up", "cullface": "false"},
				"down": {"uv": [2.008, 14.008, 3.992, 14.992], "texture": "#down", "cullface": "false"}
			}
		},
		{
			"from": [9, 1, 3.5],
			"to": [10.5, 1.5, 4.5],
			"faces": {
				"north": {"uv": [3.992, 14.008, 3.008, 14.992], "texture": "#north", "cullface": "false"},
				"west": {"uv": [3.008, 14.008, 3.992, 14.492], "texture": "#west", "cullface": "false"},
				"up": {"uv": [14.008, 2.008, 15.492, 2.992], "texture": "#up", "cullface": "false"},
				"down": {"uv": [14.008, 2.008, 15.492, 2.992], "texture": "#down", "cullface": "false"}
			}
		},
		{
			"from": [10.5, 1, 3],
			"to": [11.5, 1.5, 5],
			"faces": {
				"north": {"uv": [2.992, 15.008, 2.008, 15.992], "texture": "#north", "cullface": "false"},
				"east": {"uv": [3.992, 14.008, 2.008, 14.992], "texture": "#east", "cullface": "false"},
				"south": {"uv": [3.008, 14.008, 3.992, 14.992], "texture": "#south", "cullface": "false"},
				"west": {"uv": [2.008, 14.008, 3.992, 14.992], "texture": "#west", "cullface": "false"},
				"up": {"uv": [10.508, 3.008, 11.492, 4.992], "texture": "#up", "cullface": "false"},
				"down": {"uv": [10.508, 4.992, 11.492, 3.008], "texture": "#down", "cullface": "false"}
			}
		},
		{
			"from": [11.5, 1, 2.5],
			"to": [13.5, 1.5, 4.5],
			"faces": {
				"north": {"uv": [15.992, 2.008, 14.008, 2.992], "texture": "#north", "cullface": "false"},
				"east": {"uv": [3.992, 14.008, 2.008, 14.992], "texture": "#east", "cullface": "false"},
				"south": {"uv": [14.008, 3.008, 15.992, 3.992], "texture": "#south", "cullface": "false"},
				"west": {"uv": [2.008, 14.008, 3.992, 14.992], "texture": "#west", "cullface": "false"},
				"up": {"uv": [12.008, 2.008, 13.992, 3.992], "texture": "#up", "cullface": "false"}
			}
		},
		{
			"from": [13.5, 1, 2],
			"to": [16, 1.5, 4],
			"faces": {
				"north": {"uv": [15.992, 2.008, 14.008, 2.992], "texture": "#north", "cullface": "false"},
				"east": {"uv": [3.992, 14.008, 2.008, 14.992], "texture": "#east", "cullface": "false"},
				"south": {"uv": [14.008, 3.008, 15.992, 3.992], "texture": "#south", "cullface": "false"},
				"west": {"uv": [2.008, 14.008, 3.992, 14.992], "texture": "#west", "cullface": "false"},
				"up": {"uv": [13.508, 2.008, 15.992, 3.992], "texture": "#up", "cullface": "false"},
				"down": {"uv": [13.508, 3.992, 15.992, 2.008], "texture": "#down", "cullface": "false"}
			}
		},
		{
			"from": [1.5, 0, 11],
			"to": [2.5, 1, 12.5],
			"faces": {
				"north": {"uv": [6.492, 12.008, 5.508, 12.992], "texture": "#north", "cullface": "false"},
				"south": {"uv": [5.508, 13.008, 6.492, 13.992], "texture": "#south", "cullface": "false"},
				"west": {"uv": [9.008, 14.008, 10.492, 14.992], "texture": "#west", "cullface": "false"},
				"up": {"uv": [4.508, 12.008, 5.492, 13.492], "texture": "#up", "cullface": "false"},
				"down": {"uv": [5.508, 12.008, 6.492, 13.492], "texture": "#down", "cullface": "false"}
			}
		},
		{
			"from": [12, 1, 14.5],
			"to": [14, 1.5, 16],
			"faces": {
				"north": {"uv": [15.992, 3.008, 14.008, 3.992], "texture": "#north", "cullface": "false"},
				"east": {"uv": [14.992, 3.008, 13.508, 3.992], "texture": "#east", "cullface": "false"},
				"south": {"uv": [14.008, 2.008, 15.992, 2.992], "texture": "#south", "cullface": "false"},
				"west": {"uv": [13.508, 3.008, 14.992, 3.992], "texture": "#west", "cullface": "false"},
				"up": {"uv": [12.008, 14.508, 13.992, 15.992], "texture": "#up", "cullface": "false"}
			}
		},
		{
			"from": [12.5, 1, 13.5],
			"to": [15, 1.5, 14.5],
			"faces": {
				"north": {"uv": [14.008, 3.508, 15.992, 3.992], "texture": "#north", "cullface": "false"},
				"east": {"uv": [13.008, 15.008, 13.992, 15.992], "texture": "#east", "cullface": "false"},
				"south": {"uv": [12.008, 14.008, 13.992, 14.992], "texture": "#south", "cullface": "false"},
				"west": {"uv": [12.008, 15.008, 12.492, 15.992], "texture": "#west", "cullface": "false"},
				"up": {"uv": [13.008, 13.008, 15.492, 13.992], "texture": "#up", "cullface": "false"},
				"down": {"uv": [12.508, 13.508, 14.992, 14.492], "texture": "#down", "cullface": "false"}
			}
		},
		{
			"from": [13.5, 1, 12.5],
			"to": [16, 1.5, 13.5],
			"faces": {
				"north": {"uv": [15.992, 3.008, 13.508, 3.992], "texture": "#north", "cullface": "false"},
				"east": {"uv": [13.992, 15.008, 13.008, 15.992], "texture": "#east", "cullface": "false"},
				"west": {"uv": [12.008, 15.008, 12.992, 15.992], "texture": "#west", "cullface": "false"},
				"up": {"uv": [13.508, 12.508, 15.992, 13.492], "texture": "#up", "cullface": "false"},
				"down": {"uv": [13.508, 12.508, 15.992, 13.492], "texture": "#down", "cullface": "false"}
			}
		},
		{
			"from": [14.5, 1, 12],
			"to": [16, 1.5, 12.5],
			"faces": {
				"north": {"uv": [14.992, 3.008, 13.508, 3.992], "texture": "#north", "cullface": "false"},
				"east": {"uv": [12.492, 15.008, 12.008, 15.992], "texture": "#east", "cullface": "false"},
				"west": {"uv": [12.008, 15.008, 12.492, 15.992], "texture": "#west", "cullface": "false"},
				"up": {"uv": [14.508, 12.008, 15.992, 12.492], "texture": "#up", "cullface": "false"}
			}
		},
		{
			"from": [15, 1, 13.5],
			"to": [16, 1.5, 14],
			"faces": {
				"east": {"uv": [13.992, 14.508, 13.508, 14.992], "texture": "#east", "cullface": "false"},
				"south": {"uv": [13.008, 14.508, 13.992, 14.992], "texture": "#south", "cullface": "false"},
				"up": {"uv": [15.008, 13.508, 15.992, 13.992], "texture": "#up", "cullface": "false"}
			}
		},
		{
			"from": [6.5, 1, 7.5],
			"to": [7, 1.5, 8.5],
			"faces": {
				"east": {"uv": [3.008, 13.508, 3.992, 13.992], "texture": "#texture"},
				"south": {"uv": [3.508, 13.508, 3.992, 13.992], "texture": "#texture"},
				"up": {"uv": [6.508, 7.508, 6.992, 7.992], "texture": "#texture"},
				"down": {"uv": [4.492, 10.992, 4.008, 10.008], "texture": "#texture"}
			}
		},
		{
			"from": [7, 1, 7.5],
			"to": [7.5, 1.5, 8],
			"faces": {
				"east": {"uv": [3.008, 13.508, 3.992, 13.992], "texture": "#texture"},
				"south": {"uv": [3.508, 13.508, 3.992, 13.992], "texture": "#texture"},
				"up": {"uv": [6.508, 7.508, 6.992, 7.992], "texture": "#texture"}
			}
		},
		{
			"from": [6, 1, 6],
			"to": [7, 1.5, 6.5],
			"faces": {
				"north": {"uv": [3.008, 11.508, 3.492, 11.992], "texture": "#texture"},
				"west": {"uv": [2.008, 13.508, 2.492, 13.992], "texture": "#texture"},
				"up": {"uv": [4.508, 8.508, 4.992, 9.492], "texture": "#texture"}
			}
		},
		{
			"from": [6.5, 1, 5.5],
			"to": [7, 1.5, 6],
			"faces": {
				"north": {"uv": [3.008, 11.508, 3.492, 11.992], "texture": "#texture"},
				"west": {"uv": [2.008, 14.008, 2.492, 14.492], "texture": "#texture"},
				"up": {"uv": [5.508, 7.508, 5.992, 7.992], "texture": "#texture"}
			}
		},
		{
			"from": [13, 1, 13],
			"to": [13.5, 1.5, 13.5],
			"faces": {
				"north": {"uv": [4.008, 11.508, 4.492, 11.992], "texture": "#texture"},
				"west": {"uv": [3.008, 13.508, 3.492, 13.992], "texture": "#texture"},
				"up": {"uv": [6.508, 7.508, 6.992, 7.992], "texture": "#texture"}
			}
		},
		{
			"from": [5.5, 1, 9],
			"to": [6, 1.5, 9.5],
			"faces": {
				"east": {"uv": [3.008, 13.508, 3.992, 13.992], "texture": "#texture"},
				"south": {"uv": [3.508, 13.508, 3.992, 13.992], "texture": "#texture"},
				"up": {"uv": [6.508, 7.508, 6.992, 7.992], "texture": "#texture"},
				"down": {"uv": [4.492, 10.992, 4.008, 10.008], "texture": "#texture"}
			}
		},
		{
			"from": [14, 1, 14.5],
			"to": [14.5, 1.5, 15],
			"faces": {
				"east": {"uv": [2.008, 13.508, 2.992, 13.992], "texture": "#texture"},
				"south": {"uv": [2.508, 13.508, 2.992, 13.992], "texture": "#texture"},
				"up": {"uv": [4.508, 8.008, 4.992, 8.492], "texture": "#texture"}
			}
		},
		{
			"from": [15, 0, 12.5],
			"to": [16, 1, 13.5],
			"faces": {
				"east": {"uv": [11.008, 14.008, 11.992, 14.992], "texture": "#east", "cullface": "false"},
				"west": {"uv": [11.008, 14.008, 11.992, 14.992], "texture": "#west", "cullface": "false"},
				"down": {"uv": [15.008, 14.008, 15.992, 14.992], "texture": "#down", "cullface": "false"}
			}
		}
	]
}