{
	"credit": "Made with Blockbench",
	"textures": {
		"0": "block/red_mushroom",
		"1": "block/mushroom_block_inside",
		"3": "custom/mushroom_red_texture",
		"particle": "block/red_mushroom"
	},
	"elements": [
		{
			"from": [7, 0, 7],
			"to": [9, 0.5, 9],
			"faces": {
				"north": {"uv": [7, 15.5, 9, 16], "texture": "#0"},
				"east": {"uv": [7, 15.5, 9, 16], "texture": "#0"},
				"south": {"uv": [7, 15.5, 9, 16], "texture": "#0"},
				"west": {"uv": [7, 15.5, 9, 16], "texture": "#0"},
				"up": {"uv": [7.5, 15, 8.5, 16], "texture": "#0"},
				"down": {"uv": [7.5, 15, 8.5, 16], "texture": "#0", "cullface": "down"}
			}
		},
		{
			"from": [8.01, 2, 6.99],
			"to": [9.02, 3.01, 8],
			"faces": {
				"north": {"uv": [7, 13, 7.505, 13.505], "texture": "#0"},
				"east": {"uv": [7, 13, 7.505, 13.505], "texture": "#0"},
				"south": {"uv": [7, 13, 7.505, 13.505], "texture": "#0"},
				"west": {"uv": [7, 13, 7.505, 13.505], "texture": "#0"},
				"down": {"uv": [7, 13, 7.505, 13.505], "texture": "#0"}
			}
		},
		{
			"from": [7.5, 0.5, 7.5],
			"to": [8.5, 3, 8.5],
			"faces": {
				"north": {"uv": [7.5, 13, 8.5, 15.5], "texture": "#0"},
				"east": {"uv": [7.5, 13, 8.5, 15.5], "texture": "#0"},
				"south": {"uv": [7.5, 13, 8.5, 15.5], "texture": "#0"},
				"west": {"uv": [7.5, 13, 8.5, 15.5], "texture": "#0"}
			}
		},
		{
			"from": [7, 2.5, 7],
			"to": [9, 3, 9],
			"faces": {
				"north": {"uv": [7, 13, 9, 13.5], "texture": "#0"},
				"east": {"uv": [7, 13, 9, 13.5], "texture": "#0"},
				"south": {"uv": [7, 13, 9, 13.5], "texture": "#0"},
				"west": {"uv": [7, 13, 9, 13.5], "texture": "#0"},
				"down": {"uv": [7.5, 13.5, 8.5, 14.5], "texture": "#0"}
			}
		},
		{
			"from": [4, 3.5, 4.5],
			"to": [12, 4.5, 11.5],
			"faces": {
				"north": {"uv": [4, 11.5, 12, 12.5], "texture": "#0"},
				"east": {"uv": [4.5, 11.5, 11.5, 12.5], "texture": "#0"},
				"south": {"uv": [4, 11.5, 12, 12.5], "texture": "#0"},
				"west": {"uv": [4.5, 11.5, 11.5, 12.5], "texture": "#0"},
				"up": {"uv": [9, 5, 16, 13], "texture": "#3", "rotation": 90},
				"down": {"uv": [9, 4, 16, 12], "texture": "#3", "rotation": 270}
			}
		},
		{
			"from": [4.5, 3.5, 4],
			"to": [11.5, 4.5, 12],
			"faces": {
				"north": {"uv": [4.5, 11.5, 11.5, 12.5], "texture": "#0"},
				"east": {"uv": [4, 11.5, 12, 12.5], "texture": "#0"},
				"south": {"uv": [4.5, 11.5, 11.5, 12.5], "texture": "#0"},
				"west": {"uv": [4, 11.5, 12, 12.5], "texture": "#0"},
				"up": {"uv": [9, 5, 16, 13], "texture": "#3"},
				"down": {"uv": [9, 4, 16, 12], "texture": "#3"}
			}
		},
		{
			"from": [4.5, 4.5, 4.5],
			"to": [11.5, 5, 11.5],
			"faces": {
				"north": {"uv": [4.5, 11, 11.5, 11.5], "texture": "#0"},
				"east": {"uv": [4.5, 11, 11.5, 11.5], "texture": "#0"},
				"south": {"uv": [4.5, 11, 11.5, 11.5], "texture": "#0"},
				"west": {"uv": [4.5, 11, 11.5, 11.5], "texture": "#0"},
				"up": {"uv": [1.5, 8, 7.5, 14], "texture": "#3"}
			}
		},
		{
			"from": [4.5, 3, 4.5],
			"to": [11.5, 3.5, 11.5],
			"faces": {
				"north": {"uv": [4.5, 12.5, 11.5, 13], "texture": "#0"},
				"east": {"uv": [4.5, 12.5, 11.5, 13], "texture": "#0"},
				"south": {"uv": [4.5, 12.5, 11.5, 13], "texture": "#0"},
				"west": {"uv": [4.5, 12.5, 11.5, 13], "texture": "#0"},
				"up": {"uv": [4.5, 12.5, 11.5, 13], "texture": "#0"},
				"down": {"uv": [4, 4.5, 11, 11.5], "texture": "#1"}
			}
		},
		{
			"from": [6.5, 6, 6.5],
			"to": [9.5, 6.5, 9.5],
			"faces": {
				"north": {"uv": [6.5, 9.5, 9.5, 10], "texture": "#0"},
				"east": {"uv": [6.5, 9.5, 9.5, 10], "texture": "#0"},
				"south": {"uv": [6.5, 9.5, 9.5, 10], "texture": "#0"},
				"west": {"uv": [6.5, 9.5, 9.5, 10], "texture": "#0"},
				"up": {"uv": [13, 2, 16, 5], "texture": "#3"}
			}
		},
		{
			"from": [5.5, 5.5, 5.5],
			"to": [10.5, 6, 10.5],
			"faces": {
				"north": {"uv": [5.5, 10, 10.5, 10.5], "texture": "#0"},
				"east": {"uv": [5.5, 10, 10.5, 10.5], "texture": "#0"},
				"south": {"uv": [5.5, 10, 10.5, 10.5], "texture": "#0"},
				"west": {"uv": [5.5, 10, 10.5, 10.5], "texture": "#0"},
				"up": {"uv": [1.5, 11, 6.5, 16], "texture": "#3"}
			}
		},
		{
			"from": [5, 5, 5],
			"to": [11, 5.5, 11],
			"faces": {
				"north": {"uv": [5, 10.5, 11, 11], "texture": "#0"},
				"east": {"uv": [5, 10.5, 11, 11], "texture": "#0"},
				"south": {"uv": [5, 10.5, 11, 11], "texture": "#0"},
				"west": {"uv": [5, 10.5, 11, 11], "texture": "#0"},
				"up": {"uv": [6, 3, 12, 9], "texture": "#3"}
			}
		}
	]
}