{
	"credit": "Made with Blockbench",
	"parent": "block/torch",
	"textures": {
		"1": "block/anvil",
		"2": "block/redstone_torch_off"
	},
	"elements": [
		{
			"from": [1, 0, 7],
			"to": [3, 10, 9],
			"rotation": {"angle": -22.5, "axis": "z", "origin": [8, 6, 8]},
			"faces": {
				"north": {"uv": [7, 6, 9, 16], "texture": "#2"},
				"east": {"uv": [7, 6, 9, 16], "texture": "#2"},
				"south": {"uv": [7, 6, 9, 16], "texture": "#2"},
				"west": {"uv": [7, 6, 9, 16], "texture": "#2"},
				"up": {"uv": [7, 6, 9, 8], "texture": "#2"},
				"down": {"uv": [7, 14, 9, 16], "texture": "#2"}
			}
		},
		{
			"from": [0.5, 6.5, 6.5],
			"to": [3.5, 8, 9.5],
			"rotation": {"angle": -22.5, "axis": "z", "origin": [8, 6, 8]},
			"faces": {
				"north": {"uv": [6.5, 8, 9.5, 9.5], "texture": "#2"},
				"east": {"uv": [6.5, 8, 9.5, 9.5], "texture": "#2"},
				"south": {"uv": [6.5, 8, 9.5, 9.5], "texture": "#2"},
				"west": {"uv": [6.5, 8, 9.5, 9.5], "texture": "#2"},
				"up": {"uv": [7, 8, 9, 10], "texture": "#2"},
				"down": {"uv": [7, 11, 9, 13], "texture": "#2"}
			}
		},
		{
			"from": [0, 4, 6],
			"to": [3, 6, 10],
			"faces": {
				"north": {"uv": [0, 0, 3, 2], "texture": "#1"},
				"east": {"uv": [0, 0, 4, 2], "texture": "#1"},
				"south": {"uv": [0, 0, 3, 2], "texture": "#1"},
				"west": {"uv": [0, 0, 4, 2], "texture": "#1", "cullface": "west"},
				"up": {"uv": [0, 0, 3, 4], "texture": "#1"},
				"down": {"uv": [0, 0, 3, 4], "texture": "#1"}
			}
		}
	]
}