{
	"credit": "Made with Blockbench",
	"parent": "block/torch",
	"textures": {
		"torch": "block/redstone_torch_off"
	},
	"elements": [
		{
			"from": [7, 0, 7],
			"to": [9, 10, 9],
			"faces": {
				"north": {"uv": [7, 6, 9, 16], "texture": "#torch"},
				"east": {"uv": [7, 6, 9, 16], "texture": "#torch"},
				"south": {"uv": [7, 6, 9, 16], "texture": "#torch"},
				"west": {"uv": [7, 6, 9, 16], "texture": "#torch"},
				"up": {"uv": [7, 6, 9, 8], "texture": "#torch"},
				"down": {"uv": [7, 14, 9, 16], "texture": "#torch", "cullface": "down"}
			}
		},
		{
			"from": [6.5, 6.5, 6.5],
			"to": [9.5, 8, 9.5],
			"faces": {
				"north": {"uv": [6.5, 8, 9.5, 9.5], "texture": "#torch"},
				"east": {"uv": [6.5, 8, 9.5, 9.5], "texture": "#torch"},
				"south": {"uv": [6.5, 8, 9.5, 9.5], "texture": "#torch"},
				"west": {"uv": [6.5, 8, 9.5, 9.5], "texture": "#torch"},
				"up": {"uv": [7, 11, 9, 13], "texture": "#torch"},
				"down": {"uv": [7, 11, 9, 13], "texture": "#torch"}
			}
		}
	]
}