{
	"credit": "Made with Blockbench",
	"parent": "block/torch",
	"textures": {
		"0": "block/redstone_torch",
		"particle": "block/redstone_torch"
	},
	"elements": [
		{
			"from": [7, 0, 7],
			"to": [9, 10, 9],
			"faces": {
				"north": {"uv": [7, 6, 9, 16], "texture": "#0"},
				"east": {"uv": [7, 6, 9, 16], "texture": "#0"},
				"south": {"uv": [7, 6, 9, 16], "texture": "#0"},
				"west": {"uv": [7, 6, 9, 16], "texture": "#0"},
				"up": {"uv": [7, 6, 9, 8], "texture": "#0"},
				"down": {"uv": [7, 14, 9, 16], "texture": "#0", "cullface": "down"}
			}
		},
		{
			"from": [6.5, 6.5, 6.5],
			"to": [9.5, 8, 9.5],
			"faces": {
				"north": {"uv": [6.5, 8, 9.5, 9.5], "texture": "#0"},
				"east": {"uv": [6.5, 8, 9.5, 9.5], "texture": "#0"},
				"south": {"uv": [6.5, 8, 9.5, 9.5], "texture": "#0"},
				"west": {"uv": [6.5, 8, 9.5, 9.5], "texture": "#0"},
				"up": {"uv": [7, 8, 9, 10], "texture": "#0"},
				"down": {"uv": [7, 11, 9, 13], "texture": "#0"}
			}
		}
	],
	"display": {
		"thirdperson_righthand": {
			"scale": [0.55, 0.55, 0.55],
			"rotation": [0, 0, 0],
			"translation": [0, 3, 1]
		},
		"fixed": {
			"rotation": [0, 180, 0],
			"translation": [0, 0, 0]
		},
		"gui": {
			"rotation": [30, 45, 0],
			"translation": [0, 0, 0]
		},
		"ground": {
			"scale": [0.5, 0.5, 0.5],
			"rotation": [0, 0, 0],
			"translation": [0, 2, 0]
		},
		"head": {
			"rotation": [0, 180, 0],
			"translation": [0, 13, 7]
		},
		"firstperson_lefthand": {
			"scale": [0.68, 0.68, 0.68],
			"rotation": [0, -90, 25],
			"translation": [1.13, 3.2, 0]
		},
		"firstperson_righthand": {
			"scale": [0.68, 0.68, 0.68],
			"rotation": [0, -90, 25],
			"translation": [1.13, 3.2, 0]
		},
		"thirdperson_lefthand": {
			"scale": [0.55, 0.55, 0.55],
			"rotation": [0, 0, 0],
			"translation": [0, 3, 1]
		}
	}
}