{
	"credit": "Made with Blockbench",
	"parent": "block/orientable_with_bottom",
	"textures": {
		"bottom": "block/smoker_bottom",
		"top": "block/smoker_top",
		"front": "block/smoker_front_on",
		"side": "block/smoker_side"
	},
	"elements": [
		{
			"from": [0, 0, 1],
			"to": [16, 15, 16],
			"faces": {
				"north": {"uv": [0, 1, 16, 16], "texture": "#front", "cullface": "north"},
				"east": {"uv": [0, 0, 15, 16], "texture": "#side", "cullface": "east"},
				"south": {"uv": [0.004, 0.004, 15.996, 15.996], "texture": "#side", "cullface": "south"},
				"west": {"uv": [1, 0, 16, 16], "texture": "#side", "cullface": "west"},
				"up": {"uv": [0, 1, 16, 16], "texture": "#top", "cullface": "up"},
				"down": {"uv": [0, 0, 16, 15], "texture": "#bottom", "cullface": "down"}
			}
		},
		{
			"from": [0, 15, 12],
			"to": [16, 16, 16],
			"faces": {
				"north": {"uv": [0, 3.5, 16, 4.5], "texture": "#top", "cullface": "up"},
				"east": {"uv": [0, 0, 4, 1], "texture": "#side", "cullface": "east"},
				"south": {"uv": [0, 0, 16, 1], "texture": "#side", "cullface": "south"},
				"west": {"uv": [12, 0, 16, 1], "texture": "#side", "cullface": "west"},
				"up": {"uv": [0, 12, 16, 16], "texture": "#top", "cullface": "up"}
			}
		},
		{
			"from": [0, 15, 1],
			"to": [16, 16, 4],
			"faces": {
				"east": {"uv": [12, 0, 15, 1], "texture": "#side", "cullface": "east"},
				"south": {"uv": [0, 3.5, 16, 4.5], "texture": "#top", "cullface": "up"},
				"west": {"uv": [1, 0, 4, 1], "texture": "#side", "cullface": "west"},
				"up": {"uv": [0, 1, 16, 4], "texture": "#top", "cullface": "up"}
			}
		},
		{
			"from": [0, 15, 4],
			"to": [4, 16, 12],
			"faces": {
				"east": {"uv": [4, 3.5, 12, 4.5], "texture": "#top", "cullface": "up"},
				"west": {"uv": [4, 0, 12, 1], "texture": "#side", "cullface": "west"},
				"up": {"uv": [0, 4, 4, 12], "texture": "#top", "cullface": "up"}
			}
		},
		{
			"from": [12, 15, 4],
			"to": [16, 16, 12],
			"faces": {
				"east": {"uv": [4, 0, 12, 1], "texture": "#side", "cullface": "east"},
				"west": {"uv": [4, 3.5, 12, 4.5], "texture": "#top", "cullface": "up"},
				"up": {"uv": [12, 4, 16, 12], "texture": "#top", "cullface": "up"}
			}
		},
		{
			"from": [4, 15, 4],
			"to": [4.5, 16, 6],
			"faces": {
				"east": {"uv": [10, 4, 12, 5], "texture": "#top", "cullface": "up"},
				"south": {"uv": [4, 5.5, 4.5, 6.5], "texture": "#top", "cullface": "up"},
				"up": {"uv": [4, 4, 4.5, 6], "texture": "#top", "cullface": "up"}
			}
		},
		{
			"from": [11.5, 15, 4],
			"to": [12, 16, 6],
			"faces": {
				"south": {"uv": [11.5, 5.5, 12, 6.5], "texture": "#top", "cullface": "up"},
				"west": {"uv": [4, 4, 6, 5], "texture": "#top", "cullface": "up"},
				"up": {"uv": [11.5, 4, 12, 6], "texture": "#top", "cullface": "up"}
			}
		},
		{
			"from": [11.5, 15, 10],
			"to": [12, 16, 12],
			"faces": {
				"north": {"uv": [4, 5.5, 4.5, 6.5], "texture": "#top", "cullface": "up"},
				"west": {"uv": [10, 4, 12, 5], "texture": "#top", "cullface": "up"},
				"up": {"uv": [11.5, 10, 12, 12], "texture": "#top", "cullface": "up"}
			}
		},
		{
			"from": [4, 15, 10],
			"to": [4.5, 16, 12],
			"faces": {
				"north": {"uv": [11.5, 5.5, 12, 6.5], "texture": "#top", "cullface": "up"},
				"east": {"uv": [4, 4, 6, 5], "texture": "#top", "cullface": "up"},
				"up": {"uv": [4, 10, 4.5, 12], "texture": "#top", "cullface": "up"}
			}
		},
		{
			"from": [4.5, 15, 11.5],
			"to": [6, 16, 12],
			"faces": {
				"north": {"uv": [10, 4, 11.5, 5], "texture": "#top", "cullface": "up"},
				"east": {"uv": [4, 5.5, 4.5, 6.5], "texture": "#top", "cullface": "up"},
				"up": {"uv": [4.5, 11.5, 6, 12], "texture": "#top", "cullface": "up"}
			}
		},
		{
			"from": [4.5, 15, 11],
			"to": [5, 16, 11.5],
			"faces": {
				"north": {"uv": [11, 4.5, 11.5, 5.5], "texture": "#top", "cullface": "up"},
				"east": {"uv": [4.5, 4.5, 5, 5.5], "texture": "#top", "cullface": "up"},
				"up": {"uv": [4.5, 11, 5, 11.5], "texture": "#top", "cullface": "up"}
			}
		},
		{
			"from": [11, 15, 11],
			"to": [11.5, 16, 11.5],
			"rotation": {"angle": 0, "axis": "y", "origin": [14.5, 8, 8]},
			"faces": {
				"north": {"uv": [4.5, 4.5, 5, 5.5], "texture": "#top", "cullface": "up"},
				"west": {"uv": [11, 4.5, 11.5, 5.5], "texture": "#top", "cullface": "up"},
				"up": {"uv": [11, 11, 11.5, 11.5], "texture": "#top", "cullface": "up"}
			}
		},
		{
			"from": [4.5, 15, 4.5],
			"to": [5, 16, 5],
			"faces": {
				"east": {"uv": [11, 4.5, 11.5, 5.5], "texture": "#top", "cullface": "up"},
				"south": {"uv": [4.5, 4.5, 5, 5.5], "texture": "#top", "cullface": "up"},
				"up": {"uv": [4.5, 4.5, 5, 5], "texture": "#top", "cullface": "up"}
			}
		},
		{
			"from": [11, 15, 4.5],
			"to": [11.5, 16, 5],
			"rotation": {"angle": 0, "axis": "y", "origin": [14.5, 8, 8]},
			"faces": {
				"south": {"uv": [11, 4.5, 11.5, 5.5], "texture": "#top", "cullface": "up"},
				"west": {"uv": [4.5, 4.5, 5, 5.5], "texture": "#top", "cullface": "up"},
				"up": {"uv": [11, 4.5, 11.5, 5], "texture": "#top", "cullface": "up"}
			}
		},
		{
			"from": [10, 15, 11.5],
			"to": [11.5, 16, 12],
			"rotation": {"angle": 0, "axis": "y", "origin": [13.5, 8, 8]},
			"faces": {
				"north": {"uv": [4.5, 4, 6, 5], "texture": "#top", "cullface": "up"},
				"west": {"uv": [11.5, 5.5, 12, 6.5], "texture": "#top", "cullface": "up"},
				"up": {"uv": [10, 11.5, 11.5, 12], "texture": "#top", "cullface": "up"}
			}
		},
		{
			"from": [4.5, 15, 4],
			"to": [6, 16, 4.5],
			"faces": {
				"east": {"uv": [11.5, 5.5, 12, 6.5], "texture": "#top", "cullface": "up"},
				"south": {"uv": [4.5, 4, 6, 5], "texture": "#top", "cullface": "up"},
				"up": {"uv": [4.5, 4, 6, 4.5], "texture": "#top", "cullface": "up"}
			}
		},
		{
			"from": [10, 15, 4],
			"to": [11.5, 16, 4.5],
			"rotation": {"angle": 0, "axis": "y", "origin": [13.5, 8, 8]},
			"faces": {
				"south": {"uv": [10, 4, 11.5, 5], "texture": "#top", "cullface": "up"},
				"west": {"uv": [4, 5.5, 4.5, 6.5], "texture": "#top", "cullface": "up"},
				"up": {"uv": [10, 4, 11.5, 4.5], "texture": "#top", "cullface": "up"}
			}
		},
		{
			"from": [0, 0, 0],
			"to": [16, 1.5, 1],
			"faces": {
				"north": {"uv": [0, 14.5, 16, 16], "texture": "#front", "cullface": "north"},
				"east": {"uv": [15, 14.5, 16, 16], "texture": "#side", "cullface": "east"},
				"west": {"uv": [0, 14.5, 1, 16], "texture": "#side", "cullface": "west"},
				"up": {"uv": [0, 14.5, 16, 15], "rotation": 180, "texture": "#front", "cullface": "north"},
				"down": {"uv": [0, 15, 16, 16], "texture": "#bottom", "cullface": "down"}
			}
		},
		{
			"from": [14, 1.5, 0],
			"to": [16, 6.5, 1],
			"faces": {
				"north": {"uv": [0, 9.5, 2, 14.5], "texture": "#front", "cullface": "north"},
				"east": {"uv": [15, 9.5, 16, 14.5], "texture": "#side", "cullface": "east"},
				"west": {"uv": [14, 9.5, 15, 14.5], "texture": "#front", "cullface": "north"}
			}
		},
		{
			"from": [0, 1.5, 0],
			"to": [2, 6.5, 1],
			"faces": {
				"north": {"uv": [14, 9.5, 16, 14.5], "texture": "#front", "cullface": "north"},
				"east": {"uv": [1, 9.5, 2, 14.5], "texture": "#front", "cullface": "north"},
				"west": {"uv": [0, 9.5, 1, 14.5], "texture": "#side", "cullface": "west"}
			}
		},
		{
			"from": [0, 6.5, 0],
			"to": [16, 16, 1],
			"faces": {
				"north": {"uv": [0, 0, 16, 9.5], "texture": "#front", "cullface": "north"},
				"east": {"uv": [15, 0, 16, 9.5], "texture": "#side", "cullface": "east"},
				"west": {"uv": [0, 0, 1, 9.5], "texture": "#side", "cullface": "west"},
				"up": {"uv": [0, 0, 16, 1], "texture": "#top", "cullface": "up"},
				"down": {"uv": [0, 9, 16, 10], "rotation": 180, "texture": "#front", "cullface": "north"}
			}
		},
		{
			"from": [4.5, 11.5, -0.5],
			"to": [11.5, 12, 0],
			"faces": {
				"north": {"uv": [4.5, 4, 11.5, 4.5], "texture": "#front", "cullface": "north"},
				"east": {"uv": [4.5, 4, 5, 4.5], "texture": "#front"},
				"west": {"uv": [11, 4, 11.5, 4.5], "texture": "#front"},
				"up": {"uv": [4.5, 4, 11.5, 4.5], "texture": "#front", "cullface": "north"}
			}
		},
		{
			"from": [5.5, 12, -0.5],
			"to": [10.5, 12.5, 0],
			"faces": {
				"north": {"uv": [5.5, 3.5, 10.5, 4], "texture": "#front", "cullface": "north"},
				"east": {"uv": [5.5, 3.5, 6, 4], "texture": "#front"},
				"west": {"uv": [10, 3.5, 10.5, 4], "texture": "#front"},
				"up": {"uv": [5.5, 3.5, 10.5, 4], "texture": "#front", "cullface": "north"}
			}
		},
		{
			"from": [4, 7.5, -0.5],
			"to": [12, 11.5, 0],
			"faces": {
				"north": {"uv": [4, 4.5, 12, 8.5], "texture": "#front", "cullface": "north"},
				"east": {"uv": [4, 4.5, 4.5, 8.5], "texture": "#front", "cullface": "north"},
				"west": {"uv": [11.5, 4.5, 12, 8.5], "texture": "#front", "cullface": "north"},
				"up": {"uv": [4, 4.5, 12, 5], "texture": "#front", "cullface": "north"},
				"down": {"uv": [4, 8, 12, 8.5], "texture": "#front", "cullface": "north"}
			}
		}
	],
	"display": {
		"thirdperson_righthand": {
			"rotation": [75, 45, 0],
			"translation": [0, 2.5, 0],
			"scale": [0.375, 0.375, 0.375]
		},
		"thirdperson_lefthand": {
			"rotation": [75, 45, 0],
			"translation": [0, 2.5, 0],
			"scale": [0.375, 0.375, 0.375]
		},
		"firstperson_righthand": {
			"rotation": [0, 45, 0],
			"scale": [0.4, 0.4, 0.4]
		},
		"firstperson_lefthand": {
			"rotation": [0, 225, 0],
			"scale": [0.4, 0.4, 0.4]
		},
		"ground": {
			"translation": [0, 3, 0],
			"scale": [0.25, 0.25, 0.25]
		},
		"gui": {
			"rotation": [30, 225, 0],
			"scale": [0.625, 0.625, 0.625]
		},
		"head": {
			"translation": [0, -29, 0],
			"scale": [1.6, 1.6, 1.6]
		},
		"fixed": {
			"scale": [0.5, 0.5, 0.5]
		}
	},
	"groups": [0,
		{
			"name": "Front",
			"origin": [8, 8, 9],
			"children": []
		},
		{
			"name": "top",
			"origin": [8, 8, 8],
			"children": [1, 2, 3, 4, 5, 6, 7, 8, 9, 10, 11, 12, 13, 14, 15, 16]
		}, 17, 18, 19, 20, 21, 22, 23]
}