{
	"credit": "Made with Blockbench",
	"textures": {
		"down": "block/sugar_cane",
		"particle": "block/sugar_cane"
	},
	"elements": [
		{
			"from": [1, 0, 6],
			"to": [3, 16, 8],
			"faces": {
				"north": {"uv": [2.968, 0.032, 1.032, 15.968], "texture": "#down"},
				"east": {"uv": [2.968, 0.032, 1.032, 15.968], "texture": "#down"},
				"south": {"uv": [1.032, 0.032, 2.968, 15.968], "texture": "#down"},
				"west": {"uv": [1.032, 0.032, 2.968, 15.968], "texture": "#down"},
				"up": {"uv": [1.032, 5.032, 2.968, 6.968], "texture": "#down", "cullface": "up"},
				"down": {"uv": [1.032, 5.032, 2.968, 6.968], "texture": "#down"}
			}
		},
		{
			"from": [5, 0, 11.5],
			"to": [7, 16, 13.5],
			"faces": {
				"north": {"uv": [6.967, 1.032, 5.032, 15.967], "texture": "#down"},
				"east": {"uv": [6.967, 1.032, 5.032, 15.967], "texture": "#down"},
				"south": {"uv": [5.032, 1.032, 6.967, 15.967], "texture": "#down"},
				"west": {"uv": [5.032, 1.032, 6.967, 15.967], "texture": "#down"},
				"down": {"uv": [5.032, 1.032, 6.968, 2.968], "texture": "#down"}
			}
		},
		{
			"from": [9, 0, 2],
			"to": [11, 14, 4],
			"faces": {
				"north": {"uv": [9.032, 0.032, 10.968, 13.968], "texture": "#down"},
				"east": {"uv": [9.032, 0.032, 10.968, 13.968], "texture": "#down"},
				"south": {"uv": [9.032, 0.032, 10.968, 13.968], "texture": "#down"},
				"west": {"uv": [9.032, 0.032, 10.968, 13.968], "texture": "#down"},
				"up": {"uv": [9.032, 11.032, 10.968, 12.968], "texture": "#down"}
			}
		},
		{
			"from": [13, 0, 7],
			"to": [15, 15, 9],
			"faces": {
				"north": {"uv": [13.032, 0.032, 14.968, 14.968], "texture": "#down"},
				"east": {"uv": [13.032, 0.032, 14.968, 14.968], "texture": "#down"},
				"south": {"uv": [13, 0, 14.936, 14.936], "texture": "#down"},
				"west": {"uv": [13, 0, 14.936, 14.936], "texture": "#down"},
				"up": {"uv": [13.032, 6.032, 14.968, 7.968], "texture": "#down"}
			}
		},
		{
			"from": [2.5, 13, 5.5],
			"to": [3.5, 14, 6.5],
			"faces": {
				"north": {"uv": [3.968, 2.5, 3.032, 3.5], "texture": "#down"},
				"east": {"uv": [3.5, 2.5, 3.5, 3.5], "texture": "#down"},
				"south": {"uv": [3.032, 2.5, 3.968, 3.5], "texture": "#down"},
				"west": {"uv": [3.5, 2.5, 3.5, 3.5], "texture": "#down"},
				"up": {"uv": [3.032, 2.5, 3.968, 3.5], "texture": "#down"},
				"down": {"uv": [3.032, 2.5, 3.968, 3.5], "texture": "#down"}
			}
		},
		{
			"from": [0.5, 6.5, 5.5],
			"to": [1.5, 7.5, 6.5],
			"faces": {
				"north": {"uv": [4.032, 10.032, 4.968, 10.968], "texture": "#down"},
				"east": {"uv": [4.032, 10.032, 4.968, 10.968], "texture": "#down"},
				"south": {"uv": [4.032, 10.032, 4.968, 10.968], "texture": "#down"},
				"west": {"uv": [4.032, 10.032, 4.968, 10.968], "texture": "#down"},
				"up": {"uv": [4.032, 10.032, 4.968, 10.968], "texture": "#down"},
				"down": {"uv": [4.032, 10.032, 4.968, 10.968], "texture": "#down"}
			}
		},
		{
			"from": [4.5, 3.5, 13],
			"to": [5.5, 4.5, 14],
			"faces": {
				"north": {"uv": [4.968, 10.032, 4.032, 10.968], "texture": "#down"},
				"east": {"uv": [8.968, 11.032, 8.032, 11.032], "texture": "#down"},
				"south": {"uv": [4.032, 10.032, 4.968, 10.968], "texture": "#down"},
				"west": {"uv": [4.032, 10.032, 4.968, 10.968], "texture": "#down"},
				"up": {"uv": [4.032, 10.032, 4.968, 10.968], "texture": "#down"},
				"down": {"uv": [4.032, 10.032, 4.968, 10.968], "texture": "#down"}
			}
		},
		{
			"from": [8.5, 11, 1.5],
			"to": [9.5, 12, 2.5],
			"faces": {
				"north": {"uv": [7.968, 3.5, 7.032, 4.5], "texture": "#down"},
				"east": {"uv": [7.5, 3.5, 7.5, 4.5], "texture": "#down"},
				"south": {"uv": [7.032, 3.5, 7.968, 4.5], "texture": "#down"},
				"west": {"uv": [7.5, 3.5, 7.5, 4.5], "texture": "#down"},
				"up": {"uv": [7.032, 3.5, 7.968, 4.5], "texture": "#down"},
				"down": {"uv": [7.032, 3.5, 7.968, 4.5], "texture": "#down"}
			}
		},
		{
			"from": [14.1, 12, 8.5],
			"to": [15.1, 13, 9.5],
			"faces": {
				"north": {"uv": [8.968, 10.5, 8.032, 11.5], "texture": "#down"},
				"east": {"uv": [15.032, 6.5, 15.968, 7.5], "texture": "#down"},
				"south": {"uv": [8.032, 10.5, 8.968, 11.5], "texture": "#down"},
				"west": {"uv": [8.032, 11.032, 8.968, 11.032], "texture": "#down"},
				"up": {"uv": [8.032, 10.5, 8.968, 11.5], "texture": "#down"},
				"down": {"uv": [8.032, 10.5, 8.968, 11.5], "texture": "#down"}
			}
		},
		{
			"from": [12.5, 4, 6.5],
			"to": [13.5, 5, 7.5],
			"faces": {
				"north": {"uv": [12.968, 13.032, 12.032, 13.968], "texture": "#down"},
				"east": {"uv": [12.968, 13.032, 12.032, 13.968], "texture": "#down"},
				"south": {"uv": [12.032, 13.032, 12.968, 13.968], "texture": "#down"},
				"west": {"uv": [12.032, 13.032, 12.968, 13.968], "texture": "#down"},
				"up": {"uv": [12.032, 13.032, 12.968, 13.968], "texture": "#down"},
				"down": {"uv": [12.032, 13.032, 12.968, 13.968], "texture": "#down"}
			}
		},
		{
			"from": [6.5, 12.5, 13.5],
			"to": [7.5, 13.5, 14.5],
			"faces": {
				"north": {"uv": [15.968, 6.5, 15.032, 7.5], "texture": "#down"},
				"east": {"uv": [15.5, 6.5, 15.032, 7.5], "texture": "#down"},
				"south": {"uv": [15.032, 6.5, 15.968, 7.5], "texture": "#down"},
				"west": {"uv": [15.5, 6.5, 15.968, 7.5], "texture": "#down"},
				"up": {"uv": [15.032, 6.5, 15.968, 7.5], "texture": "#down"},
				"down": {"uv": [15.032, 6.5, 15.968, 7.5], "texture": "#down"}
			}
		},
		{
			"from": [9.001, -2, 2.001],
			"to": [11, 0, 4],
			"faces": {
				"north": {"uv": [9.032, 14.032, 10.999, 15.999], "texture": "#down"},
				"east": {"uv": [9.032, 14.032, 10.968, 15.968], "texture": "#down"},
				"south": {"uv": [9.032, 14.032, 10.968, 15.968], "texture": "#down"},
				"west": {"uv": [9.032, 14.032, 10.968, 15.968], "texture": "#down"},
				"down": {"uv": [9.032, 14.032, 10.968, 15.968], "texture": "#down"}
			}
		},
		{
			"from": [13.001, -1, 7.001],
			"to": [15, 0, 9],
			"faces": {
				"north": {"uv": [13.032, 15.032, 14.968, 15.968], "texture": "#down"},
				"east": {"uv": [13.032, 15.032, 14.968, 15.968], "texture": "#down"},
				"south": {"uv": [13.032, 15.032, 14.968, 15.968], "texture": "#down"},
				"west": {"uv": [13.032, 15.032, 14.968, 15.968], "texture": "#down"},
				"down": {"uv": [13.032, 14.032, 14.968, 15.968], "texture": "#down"}
			}
		},
		{
			"from": [4.999, 16, 11.499],
			"to": [6.998, 17, 13.498],
			"faces": {
				"north": {"uv": [6.999, 0, 5, 1], "texture": "#down", "cullface": "up"},
				"east": {"uv": [6.999, 0, 5, 1], "texture": "#down", "cullface": "up"},
				"south": {"uv": [5, 0, 6.999, 1], "texture": "#down", "cullface": "up"},
				"west": {"uv": [5, 0, 6.999, 1], "texture": "#down", "cullface": "up"},
				"up": {"uv": [5, 1, 6.999, 2.999], "texture": "#down", "cullface": "up"}
			}
		}
	]
}