{
	"credit": "Made with Blockbench",
	"textures": {
		"0": "block/torch",
		"particle": "block/torch"
	},
	"elements": [
		{
			"from": [7, 0, 7],
			"to": [9, 10, 9],
			"faces": {
				"north": {"uv": [7, 6, 9, 16], "texture": "#0"},
				"east": {"uv": [7, 6, 9, 16], "texture": "#0"},
				"south": {"uv": [7, 6, 9, 16], "texture": "#0"},
				"west": {"uv": [7, 6, 9, 16], "texture": "#0"},
				"up": {"uv": [7, 6, 9, 8], "texture": "#0"},
				"down": {"uv": [7, 14, 9, 16], "texture": "#0", "cullface": "down"}
			}
		},
		{
			"from": [10, 8, 7.5],
			"to": [11, 10, 8.5],
			"faces": {
				"north": {"uv": [5, 6, 6, 8], "texture": "#0"},
				"east": {"uv": [5, 6, 6, 8], "texture": "#0"},
				"south": {"uv": [6, 6, 5, 8], "texture": "#0"},
				"west": {"uv": [5, 6, 6, 8], "texture": "#0"},
				"up": {"uv": [5, 6, 5.98989, 6.98989], "texture": "#0"},
				"down": {"uv": [5, 7, 5.98989, 7.98989], "texture": "#0"}
			}
		},
		{
			"from": [9.5, 7.5, 7.5],
			"to": [10.49, 8.5, 8.49],
			"faces": {
				"north": {"uv": [5.5, 7.5, 6.48958, 8.5], "texture": "#0"},
				"east": {"uv": [5.5, 7.5, 6.48989, 8.5], "texture": "#0"},
				"south": {"uv": [6.48989, 7.5, 5.5, 8.5], "texture": "#0"},
				"west": {"uv": [5.5, 7.5, 6.48989, 8.5], "texture": "#0"},
				"up": {"uv": [5.5, 7.5, 6.48989, 8.48989], "texture": "#0"},
				"down": {"uv": [5.5, 7.5, 6.48989, 8.48989], "texture": "#0"}
			}
		},
		{
			"from": [9, 7, 7.5],
			"to": [10, 8, 8.5],
			"faces": {
				"north": {"uv": [6, 8, 7, 9], "texture": "#0"},
				"east": {"uv": [6, 8, 7, 9], "texture": "#0"},
				"south": {"uv": [7, 8, 6, 9], "texture": "#0"},
				"up": {"uv": [6, 8, 7, 9], "texture": "#0"},
				"down": {"uv": [6, 8, 7, 9], "texture": "#0"}
			}
		},
		{
			"from": [5, 8, 7.5],
			"to": [6, 10, 8.5],
			"rotation": {"angle": 0, "axis": "y", "origin": [2, 8, 8]},
			"faces": {
				"north": {"uv": [6, 6, 5, 8], "texture": "#0"},
				"east": {"uv": [5, 6, 6, 8], "texture": "#0"},
				"south": {"uv": [5, 6, 6, 8], "texture": "#0"},
				"west": {"uv": [5, 6, 6, 8], "texture": "#0"},
				"up": {"uv": [5, 6, 5.98989, 6.98989], "texture": "#0", "rotation": 180},
				"down": {"uv": [5, 7, 5.98989, 7.98989], "texture": "#0", "rotation": 180}
			}
		},
		{
			"from": [5.51, 7.5, 7.51],
			"to": [6.5, 8.5, 8.5],
			"rotation": {"angle": 0, "axis": "y", "origin": [2, 8, 8]},
			"faces": {
				"north": {"uv": [6.48989, 7.5, 5.5, 8.5], "texture": "#0"},
				"east": {"uv": [5.5, 7.5, 6.48989, 8.5], "texture": "#0"},
				"south": {"uv": [5.5, 7.5, 6.48958, 8.5], "texture": "#0"},
				"west": {"uv": [5.5, 7.5, 6.48989, 8.5], "texture": "#0"},
				"up": {"uv": [5.5, 7.5, 6.48989, 8.48989], "texture": "#0", "rotation": 180},
				"down": {"uv": [5.5, 7.5, 6.48989, 8.48989], "texture": "#0", "rotation": 180}
			}
		},
		{
			"from": [6, 7, 7.5],
			"to": [7, 8, 8.5],
			"rotation": {"angle": 0, "axis": "y", "origin": [2, 8, 8]},
			"faces": {
				"north": {"uv": [7, 8, 6, 9], "texture": "#0"},
				"south": {"uv": [6, 8, 7, 9], "texture": "#0"},
				"west": {"uv": [6, 8, 7, 9], "texture": "#0"},
				"up": {"uv": [6, 8, 7, 9], "texture": "#0", "rotation": 180},
				"down": {"uv": [6, 8, 7, 9], "texture": "#0", "rotation": 180}
			}
		},
		{
			"from": [7.5, 8, 10],
			"to": [8.5, 10, 11],
			"rotation": {"angle": 0, "axis": "y", "origin": [8, 8, 14]},
			"faces": {
				"north": {"uv": [10, 6, 11, 8], "texture": "#0"},
				"east": {"uv": [11, 6, 10, 8], "texture": "#0"},
				"south": {"uv": [10, 6, 11, 8], "texture": "#0"},
				"west": {"uv": [10, 6, 11, 8], "texture": "#0"},
				"up": {"uv": [10, 6, 10.98989, 6.98989], "texture": "#0", "rotation": 90},
				"down": {"uv": [10, 7, 10.98989, 7.98989], "texture": "#0", "rotation": 270}
			}
		},
		{
			"from": [7.51, 7.5, 9.5],
			"to": [8.5, 8.5, 10.49],
			"rotation": {"angle": 0, "axis": "y", "origin": [8, 8, 14]},
			"faces": {
				"north": {"uv": [9.5, 7.5, 10.48989, 8.5], "texture": "#0"},
				"east": {"uv": [10.48958, 7.5, 9.5, 8.5], "texture": "#0"},
				"south": {"uv": [9.5, 7.5, 10.48989, 8.5], "texture": "#0"},
				"west": {"uv": [9.5, 7.5, 10.48989, 8.5], "texture": "#0"},
				"up": {"uv": [9.5, 7.5, 10.48989, 8.48989], "texture": "#0", "rotation": 90},
				"down": {"uv": [9.5, 7.5, 10.48989, 8.48989], "texture": "#0", "rotation": 270}
			}
		},
		{
			"from": [7.5, 7, 9],
			"to": [8.5, 8, 10],
			"rotation": {"angle": 0, "axis": "y", "origin": [8, 8, 14]},
			"faces": {
				"east": {"uv": [10, 8, 9, 9], "texture": "#0"},
				"south": {"uv": [9, 8, 10, 9], "texture": "#0"},
				"west": {"uv": [9, 8, 10, 9], "texture": "#0"},
				"up": {"uv": [9, 8, 10, 9], "texture": "#0", "rotation": 90},
				"down": {"uv": [9, 8, 10, 9], "texture": "#0", "rotation": 270}
			}
		},
		{
			"from": [7.5, 8, 5],
			"to": [8.5, 10, 6],
			"rotation": {"angle": 0, "axis": "y", "origin": [8, 8, 2]},
			"faces": {
				"north": {"uv": [10, 6, 11, 8], "texture": "#0"},
				"east": {"uv": [10, 6, 11, 8], "texture": "#0"},
				"south": {"uv": [10, 6, 11, 8], "texture": "#0"},
				"west": {"uv": [11, 6, 10, 8], "texture": "#0"},
				"up": {"uv": [10, 6, 10.98989, 6.98989], "texture": "#0", "rotation": 270},
				"down": {"uv": [10, 7, 10.98989, 7.98989], "texture": "#0", "rotation": 90}
			}
		},
		{
			"from": [7.5, 7.5, 5.51],
			"to": [8.49, 8.5, 6.5],
			"rotation": {"angle": 0, "axis": "y", "origin": [8, 8, 2]},
			"faces": {
				"north": {"uv": [9.5, 7.5, 10.48989, 8.5], "texture": "#0"},
				"east": {"uv": [9.5, 7.5, 10.48989, 8.5], "texture": "#0"},
				"south": {"uv": [9.5, 7.5, 10.48989, 8.5], "texture": "#0"},
				"west": {"uv": [10.48958, 7.5, 9.5, 8.5], "texture": "#0"},
				"up": {"uv": [9.5, 7.5, 10.48989, 8.48989], "texture": "#0", "rotation": 270},
				"down": {"uv": [9.5, 7.5, 10.48989, 8.48989], "texture": "#0", "rotation": 90}
			}
		},
		{
			"from": [7.5, 7, 6],
			"to": [8.5, 8, 7],
			"rotation": {"angle": 0, "axis": "y", "origin": [8, 8, 2]},
			"faces": {
				"north": {"uv": [9, 8, 10, 9], "texture": "#0"},
				"east": {"uv": [9, 8, 10, 9], "texture": "#0"},
				"west": {"uv": [10, 8, 9, 9], "texture": "#0"},
				"up": {"uv": [9, 8, 10, 9], "texture": "#0", "rotation": 270},
				"down": {"uv": [9, 8, 10, 9], "texture": "#0", "rotation": 90}
			}
		}
	],
	"display": {
		"thirdperson_righthand": {
			"rotation": [0, 0, 0],
			"translation": [0, 5.5, 1.5]
		},
		"ground": {
			"scale": [0.5, 0.5, 0.5],
			"rotation": [0, 0, 0],
			"translation": [0, 2, 0]
		},
		"fixed": {
			"rotation": [0, 45, 0],
			"translation": [0, 0, 0]
		},
		"gui": {
			"rotation": [30, 45, 0]
		},
		"thirdperson_lefthand": {
			"rotation": [0, 0, 0],
			"translation": [0, 5.5, 1.5]
		},
		"firstperson_righthand": {
			"scale": [0.68, 0.68, 0.68],
			"rotation": [0, -90, 25],
			"translation": [1.13, 3.2, 0]
		},
		"firstperson_lefthand": {
			"scale": [0.68, 0.68, 0.68],
			"rotation": [0, 90, -25],
			"translation": [1.13, 3.2, 0]
		},
		"head": {
			"rotation": [0, 180, 0],
			"translation": [0, 13, 7]
		}
	},
	"groups": [0,
		{
			"name": "group",
			"isOpen": true,
			"shade": true,
			"display": {
				"visibility": true,
				"autouv": true
			},
			"children": [1, 2, 3]
		},
		{
			"name": "group",
			"shade": true,
			"display": {
				"visibility": true,
				"autouv": true
			},
			"children": [4, 5, 6]
		},
		{
			"name": "group",
			"isOpen": true,
			"shade": true,
			"display": {
				"visibility": true,
				"autouv": true
			},
			"children": [7, 8, 9]
		},
		{
			"name": "group",
			"shade": true,
			"display": {
				"visibility": true,
				"autouv": true
			},
			"children": [10, 11, 12]
		}
	]
}