{
	"credit": "Made with Blockbench",
	"textures": {
		"0": "block/torch",
		"1": "block/anvil",
		"particle": "block/torch"
	},
	"elements": [
		{
			"from": [1, 0, 7],
			"to": [3, 10, 9],
			"rotation": {"angle": -22.5, "axis": "z", "origin": [8, 6, 8]},
			"faces": {
				"north": {"uv": [7, 6, 9, 16], "texture": "#0"},
				"east": {"uv": [7, 6, 9, 16], "texture": "#0"},
				"south": {"uv": [7, 6, 9, 16], "texture": "#0"},
				"west": {"uv": [7, 6, 9, 16], "texture": "#0"},
				"up": {"uv": [7, 6, 9, 8], "texture": "#0", "rotation": 270},
				"down": {"uv": [7, 14, 9, 16], "texture": "#0", "rotation": 90}
			}
		},
		{
			"from": [1.5, 8, 5],
			"to": [2.5, 10, 6],
			"rotation": {"angle": -22.5, "axis": "z", "origin": [8, 6, 8]},
			"faces": {
				"north": {"uv": [5, 6, 6, 8], "texture": "#0"},
				"east": {"uv": [6, 6, 5, 8], "texture": "#0"},
				"south": {"uv": [5, 6, 6, 8], "texture": "#0"},
				"west": {"uv": [5, 6, 6, 8], "texture": "#0"},
				"up": {"uv": [5, 6, 5.98989, 6.98989], "texture": "#0", "rotation": 270},
				"down": {"uv": [5, 7, 5.98989, 7.98989], "texture": "#0", "rotation": 90}
			}
		},
		{
			"from": [1.5, 7.5, 5.51],
			"to": [2.49, 8.5, 6.5],
			"rotation": {"angle": -22.5, "axis": "z", "origin": [8, 6, 8]},
			"faces": {
				"north": {"uv": [5.5, 7.5, 6.48989, 8.5], "texture": "#0"},
				"east": {"uv": [6.48989, 7.5, 5.5, 8.5], "texture": "#0"},
				"south": {"uv": [5.5, 7.5, 6.48989, 8.5], "texture": "#0"},
				"west": {"uv": [5.5, 7.5, 6.48958, 8.5], "texture": "#0"},
				"up": {"uv": [5.5, 7.5, 6.48989, 8.48989], "texture": "#0", "rotation": 270},
				"down": {"uv": [5.5, 7.5, 6.48989, 8.48989], "texture": "#0", "rotation": 90}
			}
		},
		{
			"from": [1.5, 7, 6],
			"to": [2.5, 8, 7],
			"rotation": {"angle": -22.5, "axis": "z", "origin": [8, 6, 8]},
			"faces": {
				"north": {"uv": [6, 8, 7, 9], "texture": "#0"},
				"east": {"uv": [7, 8, 6, 9], "texture": "#0"},
				"west": {"uv": [6, 8, 7, 9], "texture": "#0"},
				"up": {"uv": [6, 8, 7, 9], "texture": "#0", "rotation": 270},
				"down": {"uv": [6, 8, 7, 9], "texture": "#0", "rotation": 90}
			}
		},
		{
			"from": [1.5, 8, 10],
			"to": [2.5, 10, 11],
			"rotation": {"angle": -22.5, "axis": "z", "origin": [8, 6, 14]},
			"faces": {
				"north": {"uv": [5, 6, 6, 8], "texture": "#0"},
				"east": {"uv": [5, 6, 6, 8], "texture": "#0"},
				"south": {"uv": [5, 6, 6, 8], "texture": "#0"},
				"west": {"uv": [6, 6, 5, 8], "texture": "#0"},
				"up": {"uv": [5, 6, 5.98989, 6.98989], "texture": "#0", "rotation": 90},
				"down": {"uv": [5, 7, 5.98989, 7.98989], "texture": "#0", "rotation": 270}
			}
		},
		{
			"from": [1.51, 7.5, 9.5],
			"to": [2.5, 8.5, 10.49],
			"rotation": {"angle": -22.5, "axis": "z", "origin": [8, 6, 14]},
			"faces": {
				"north": {"uv": [5.5, 7.5, 6.48989, 8.5], "texture": "#0"},
				"east": {"uv": [5.5, 7.5, 6.48958, 8.5], "texture": "#0"},
				"south": {"uv": [5.5, 7.5, 6.48989, 8.5], "texture": "#0"},
				"west": {"uv": [6.48989, 7.5, 5.5, 8.5], "texture": "#0"},
				"up": {"uv": [5.5, 7.5, 6.48989, 8.48989], "texture": "#0", "rotation": 90},
				"down": {"uv": [5.5, 7.5, 6.48989, 8.48989], "texture": "#0", "rotation": 270}
			}
		},
		{
			"from": [1.5, 7, 9],
			"to": [2.5, 8, 10],
			"rotation": {"angle": -22.5, "axis": "z", "origin": [8, 6, 14]},
			"faces": {
				"east": {"uv": [6, 8, 7, 9], "texture": "#0"},
				"south": {"uv": [6, 8, 7, 9], "texture": "#0"},
				"west": {"uv": [7, 8, 6, 9], "texture": "#0"},
				"up": {"uv": [6, 8, 7, 9], "texture": "#0", "rotation": 90},
				"down": {"uv": [6, 8, 7, 9], "texture": "#0", "rotation": 270}
			}
		},
		{
			"from": [3.7, 5.55, 7.5],
			"to": [4.7, 7.55, 8.5],
			"rotation": {"angle": -22.5, "axis": "z", "origin": [14, 4, 8]},
			"faces": {
				"north": {"uv": [11, 6, 10, 8], "texture": "#0"},
				"east": {"uv": [10, 6, 11, 8], "texture": "#0"},
				"south": {"uv": [10, 6, 11, 8], "texture": "#0"},
				"west": {"uv": [10, 6, 11, 8], "texture": "#0"},
				"up": {"uv": [10, 6, 10.98989, 6.98989], "texture": "#0"},
				"down": {"uv": [10, 7, 10.98989, 7.98989], "texture": "#0"}
			}
		},
		{
			"from": [3.2, 5.05, 7.51],
			"to": [4.19, 6.05, 8.5],
			"rotation": {"angle": -22.5, "axis": "z", "origin": [14, 4, 8]},
			"faces": {
				"north": {"uv": [10.48958, 7.5, 9.5, 8.5], "texture": "#0"},
				"east": {"uv": [9.5, 7.5, 10.48989, 8.5], "texture": "#0"},
				"south": {"uv": [9.5, 7.5, 10.48989, 8.5], "texture": "#0"},
				"west": {"uv": [9.5, 7.5, 10.48989, 8.5], "texture": "#0"},
				"up": {"uv": [9.5, 7.5, 10.48989, 8.48989], "texture": "#0"},
				"down": {"uv": [9.5, 7.5, 10.48989, 8.48989], "texture": "#0"}
			}
		},
		{
			"from": [2.7, 4.55, 7.5],
			"to": [3.7, 5.55, 8.5],
			"rotation": {"angle": -22.5, "axis": "z", "origin": [14, 4, 8]},
			"faces": {
				"north": {"uv": [10, 8, 9, 9], "texture": "#0"},
				"east": {"uv": [9, 8, 10, 9], "texture": "#0"},
				"south": {"uv": [9, 8, 10, 9], "texture": "#0"},
				"west": {"uv": [9, 8, 10, 9], "texture": "#0"},
				"up": {"uv": [9, 8, 10, 9], "texture": "#0"},
				"down": {"uv": [9, 8, 10, 9], "texture": "#0"}
			}
		},
		{
			"from": [-1.46, 10.3, 7.5],
			"to": [-0.46, 12.3, 8.5],
			"rotation": {"angle": -22.5, "axis": "z", "origin": [2, 6, 8]},
			"faces": {
				"north": {"uv": [10, 6, 11, 8], "texture": "#0"},
				"east": {"uv": [10, 6, 11, 8], "texture": "#0"},
				"south": {"uv": [11, 6, 10, 8], "texture": "#0"},
				"west": {"uv": [10, 6, 11, 8], "texture": "#0"},
				"up": {"uv": [10, 6, 10.98989, 6.98989], "texture": "#0", "rotation": 180},
				"down": {"uv": [10, 7, 10.98989, 7.98989], "texture": "#0", "rotation": 180}
			}
		},
		{
			"from": [-0.96, 9.8, 7.5],
			"to": [0.03, 10.8, 8.49],
			"rotation": {"angle": -22.5, "axis": "z", "origin": [2, 6, 8]},
			"faces": {
				"north": {"uv": [9.5, 7.5, 10.48989, 8.5], "texture": "#0"},
				"east": {"uv": [9.5, 7.5, 10.48989, 8.5], "texture": "#0"},
				"south": {"uv": [10.48958, 7.5, 9.5, 8.5], "texture": "#0"},
				"west": {"uv": [9.5, 7.5, 10.48989, 8.5], "texture": "#0"},
				"up": {"uv": [9.5, 7.5, 10.48989, 8.48989], "texture": "#0", "rotation": 180},
				"down": {"uv": [9.5, 7.5, 10.48989, 8.48989], "texture": "#0", "rotation": 180}
			}
		},
		{
			"from": [-0.46, 9.3, 7.5],
			"to": [0.54, 10.3, 8.5],
			"rotation": {"angle": -22.5, "axis": "z", "origin": [2, 6, 8]},
			"faces": {
				"north": {"uv": [9, 8, 10, 9], "texture": "#0"},
				"east": {"uv": [9, 8, 10, 9], "texture": "#0"},
				"south": {"uv": [10, 8, 9, 9], "texture": "#0"},
				"west": {"uv": [9, 8, 10, 9], "texture": "#0"},
				"up": {"uv": [9, 8, 10, 9], "texture": "#0", "rotation": 180},
				"down": {"uv": [9, 8, 10, 9], "texture": "#0", "rotation": 180}
			}
		},
		{
			"from": [0, 4, 6],
			"to": [3, 6, 10],
			"faces": {
				"north": {"uv": [0, 0, 3, 2], "texture": "#1"},
				"east": {"uv": [0, 0, 4, 2], "texture": "#1"},
				"south": {"uv": [0, 0, 3, 2], "texture": "#1"},
				"west": {"uv": [0, 0, 4, 2], "texture": "#1", "cullface": "west"},
				"up": {"uv": [0, 0, 3, 4], "texture": "#1"},
				"down": {"uv": [0, 0, 3, 4], "texture": "#1"}
			}
		}
	],
	"groups": [0,
		{
			"name": "group",
			"isOpen": true,
			"shade": true,
			"display": {
				"visibility": true,
				"autouv": true
			},
			"children": [1, 2, 3]
		},
		{
			"name": "group",
			"shade": true,
			"display": {
				"visibility": true,
				"autouv": true
			},
			"children": [4, 5, 6]
		},
		{
			"name": "group",
			"isOpen": true,
			"shade": true,
			"display": {
				"visibility": true,
				"autouv": true
			},
			"children": [7, 8, 9]
		},
		{
			"name": "group",
			"isOpen": true,
			"shade": true,
			"display": {
				"visibility": true,
				"autouv": true
			},
			"children": [10, 11, 12]
		}, 13]
}