{
	"credit": "Made with Blockbench",
	"textures": {
		"0": "entity/villager/farmer",
		"particle": "entity/villager/farmer"
	},
	"elements": [
		{
			"name": "Left Leg",
			"from": [5, 0, 7],
			"to": [6, 6, 8],
			"faces": {
				"north": {"uv": [1, 5.5, 2, 9.5], "texture": "#0"},
				"east": {"uv": [1, 5.5, 2, 9.5], "texture": "#0"},
				"south": {"uv": [1, 5.5, 2, 9.5], "texture": "#0"},
				"west": {"uv": [1, 5.5, 2, 9.5], "texture": "#0"},
				"up": {"uv": [1, 5.5, 2, 6.5], "texture": "#0"},
				"down": {"uv": [2, 5.5, 3, 6.5], "texture": "#0"}
			}
		},
		{
			"name": "Right Leg",
			"from": [8, 0, 7],
			"to": [9, 6, 8],
			"faces": {
				"north": {"uv": [2, 5.5, 1, 9.5], "texture": "#0"},
				"east": {"uv": [2, 5.5, 1, 9.5], "texture": "#0"},
				"south": {"uv": [2, 5.5, 1, 9.5], "texture": "#0"},
				"west": {"uv": [2, 5.5, 1, 9.5], "texture": "#0"},
				"up": {"uv": [1, 5.5, 2, 6.5], "texture": "#0"},
				"down": {"uv": [2, 5.5, 3, 6.5], "texture": "#0"}
			}
		},
		{
			"name": "Chest",
			"from": [4, 6, 6],
			"to": [10, 14, 9],
			"faces": {
				"north": {"uv": [9, 6.5, 11, 9.5], "texture": "#0"},
				"east": {"uv": [7.5, 6.5, 9, 9.5], "texture": "#0"},
				"south": {"uv": [5.5, 6.5, 7.5, 9.5], "texture": "#0"},
				"west": {"uv": [4, 6.5, 5.5, 9.5], "texture": "#0"},
				"up": {"uv": [5.5, 5, 7.5, 6.5], "texture": "#0"},
				"down": {"uv": [7.5, 5, 9.5, 6.5], "texture": "#0"}
			}
		},
		{
			"name": "Left Arm",
			"from": [3, 7, 7],
			"to": [4, 13, 8],
			"faces": {
				"north": {"uv": [13, 5.5, 12, 8.5], "texture": "#0"},
				"east": {"uv": [13, 5.5, 12, 8.5], "texture": "#0"},
				"south": {"uv": [13, 5.5, 12, 8.5], "texture": "#0"},
				"west": {"uv": [13, 5.5, 12, 8.5], "texture": "#0"},
				"up": {"uv": [14, 5.5, 13, 6.5], "texture": "#0"},
				"down": {"uv": [14, 5.5, 13, 6.5], "texture": "#0"}
			}
		},
		{
			"name": "Right Arm",
			"from": [10, 7, 7],
			"to": [11, 13, 8],
			"faces": {
				"north": {"uv": [12, 5.5, 13, 8.5], "texture": "#0"},
				"east": {"uv": [12, 5.5, 13, 8.5], "texture": "#0"},
				"south": {"uv": [12, 5.5, 13, 8.5], "texture": "#0"},
				"west": {"uv": [12, 5.5, 13, 8.5], "texture": "#0"},
				"up": {"uv": [13, 5.5, 14, 6.5], "texture": "#0"},
				"down": {"uv": [13, 5.5, 14, 6.5], "texture": "#0"}
			}
		},
		{
			"name": "Head",
			"from": [6, 14, 7],
			"to": [8, 16, 8],
			"faces": {
				"north": {"uv": [6, 2.5, 8, 4.5], "texture": "#0"},
				"east": {"uv": [4, 2.5, 5, 4.5], "texture": "#0"},
				"south": {"uv": [2, 2.5, 4, 4.5], "texture": "#0"},
				"west": {"uv": [1, 2.5, 2, 4.5], "texture": "#0"},
				"up": {"uv": [2, 1, 4, 2], "texture": "#0"}
			}
		}
	]
}