{
	"credit": "Made with Blockbench, a free, modern block model editor by JannisX11",
	"textures": {
		"0": "blocks/planks_oak",
		"1": "blocks/anvil_base",
		"2": "blocks/wool_colored_white",
		"particle": "blocks/planks_oak"
	},
	"elements": [
		{
			"name": "cube",
			"from": [7.75, 0, 7.75],
			"to": [8.25, 21, 8.25],
			"faces": {
				"north": {
					"uv": [0, 0, 10.5, 0.25],
					"texture": "#0",
					"rotation": 90
				},
				"east": {
					"uv": [0, 0, 10.5, 0.25],
					"texture": "#0",
					"rotation": 270
				},
				"south": {
					"uv": [0, 0, 10.5, 0.25],
					"texture": "#0",
					"rotation": 90
				},
				"west": {
					"uv": [0, 0, 10.5, 0.25],
					"texture": "#0",
					"rotation": 270
				},
				"up": {"uv": [0, 0, 0.25, 0.25], "texture": "#0"},
				"down": {"uv": [0, 0, 0.25, 0.25], "texture": "#0"}
			},
			"type": "cube"
		},
		{
			"name": "cube",
			"from": [8, 1.5, 7.25],
			"to": [8, 3.5, 7.75],
			"faces": {
				"north": {"uv": [0, 0, 0, 2], "texture": "#2"},
				"east": {"uv": [0, 0, 0.5, 2], "texture": "#2"},
				"south": {"uv": [0, 0, 0, 2], "texture": "#2"},
				"west": {"uv": [0, 0, 0.5, 2], "texture": "#2"},
				"up": {
					"uv": [0, 0, 0.5, 0],
					"texture": "#2",
					"rotation": 90
				},
				"down": {
					"uv": [0, 0, 0.5, 0],
					"texture": "#2",
					"rotation": 270
				}
			},
			"type": "cube"
		},
		{
			"name": "cube",
			"from": [8, 1.5, 8.25],
			"to": [8, 3.5, 8.75],
			"faces": {
				"north": {"uv": [0, 0, 0, 2], "texture": "#2"},
				"east": {"uv": [0, 0, 0.5, 2], "texture": "#2"},
				"south": {"uv": [0, 0, 0, 2], "texture": "#2"},
				"west": {"uv": [0, 0, 0.5, 2], "texture": "#2"},
				"up": {
					"uv": [0, 0, 0.5, 0],
					"texture": "#2",
					"rotation": 90
				},
				"down": {
					"uv": [0, 0, 0.5, 0],
					"texture": "#2",
					"rotation": 270
				}
			},
			"type": "cube"
		},
		{
			"name": "cube",
			"from": [8, -0.5, 8.25],
			"to": [8, 1.5, 9.25],
			"faces": {
				"north": {"uv": [0, 0, 0, 2], "texture": "#2"},
				"east": {"uv": [0, 0, 1, 2], "texture": "#2"},
				"south": {"uv": [0, 0, 0, 2], "texture": "#2"},
				"west": {"uv": [0, 0, 1, 2], "texture": "#2"},
				"up": {
					"uv": [0, 0, 1, 0],
					"texture": "#2",
					"rotation": 90
				},
				"down": {
					"uv": [0, 0, 1, 0],
					"texture": "#2",
					"rotation": 270
				}
			},
			"type": "cube"
		},
		{
			"name": "cube",
			"from": [8, -0.5, 6.75],
			"to": [8, 1.5, 7.75],
			"faces": {
				"north": {"uv": [0, 0, 0, 2], "texture": "#2"},
				"east": {"uv": [0, 0, 1, 2], "texture": "#2"},
				"south": {"uv": [0, 0, 0, 2], "texture": "#2"},
				"west": {"uv": [0, 0, 1, 2], "texture": "#2"},
				"up": {
					"uv": [0, 0, 1, 0],
					"texture": "#2",
					"rotation": 90
				},
				"down": {
					"uv": [0, 0, 1, 0],
					"texture": "#2",
					"rotation": 270
				}
			},
			"type": "cube"
		},
		{
			"name": "cube",
			"from": [6.75, -0.5, 8],
			"to": [7.75, 1.5, 8],
			"faces": {
				"north": {"uv": [0, 0, 1, 2], "texture": "#2"},
				"east": {"uv": [0, 0, 0, 2], "texture": "#2"},
				"south": {"uv": [0, 0, 1, 2], "texture": "#2"},
				"west": {"uv": [0, 0, 0, 2], "texture": "#2"},
				"up": {"uv": [0, 0, 1, 0], "texture": "#2"},
				"down": {"uv": [0, 0, 1, 0], "texture": "#2"}
			},
			"type": "cube"
		},
		{
			"name": "cube",
			"from": [7.25, 1.5, 8],
			"to": [7.75, 3.5, 8],
			"faces": {
				"north": {"uv": [0, 0, 0.5, 2], "texture": "#2"},
				"east": {"uv": [0, 0, 0, 2], "texture": "#2"},
				"south": {"uv": [0, 0, 0.5, 2], "texture": "#2"},
				"west": {"uv": [0, 0, 0, 2], "texture": "#2"},
				"up": {"uv": [0, 0, 0.5, 0], "texture": "#2"},
				"down": {"uv": [0, 0, 0.5, 0], "texture": "#2"}
			},
			"type": "cube"
		},
		{
			"name": "cube",
			"from": [8.25, 1.5, 8],
			"to": [8.75, 3.5, 8],
			"faces": {
				"north": {"uv": [0, 0, 0.5, 2], "texture": "#2"},
				"east": {"uv": [0, 0, 0, 2], "texture": "#2"},
				"south": {"uv": [0, 0, 0.5, 2], "texture": "#2"},
				"west": {"uv": [0, 0, 0, 2], "texture": "#2"},
				"up": {"uv": [0, 0, 0.5, 0], "texture": "#2"},
				"down": {"uv": [0, 0, 0.5, 0], "texture": "#2"}
			},
			"type": "cube"
		},
		{
			"name": "cube",
			"from": [8.25, -0.5, 8],
			"to": [9.25, 1.5, 8],
			"faces": {
				"north": {"uv": [0, 0, 1, 2], "texture": "#2"},
				"east": {"uv": [0, 0, 0, 2], "texture": "#2"},
				"south": {"uv": [0, 0, 1, 2], "texture": "#2"},
				"west": {"uv": [0, 0, 0, 2], "texture": "#2"},
				"up": {"uv": [0, 0, 1, 0], "texture": "#2"},
				"down": {"uv": [0, 0, 1, 0], "texture": "#2"}
			},
			"type": "cube"
		},
		{
			"name": "cube",
			"from": [7.75, 20.5, 7.25],
			"to": [8.25, 21.25, 8.75],
			"faces": {
				"north": {
					"uv": [0, 0, 0.25, 0.375],
					"texture": "#1"
				},
				"east": {
					"uv": [0, 0, 0.75, 0.375],
					"texture": "#1"
				},
				"south": {
					"uv": [0, 0, 0.25, 0.375],
					"texture": "#1"
				},
				"west": {
					"uv": [0, 0, 0.75, 0.375],
					"texture": "#1"
				},
				"up": {
					"uv": [0, 0, 0.75, 0.25],
					"texture": "#1",
					"rotation": 90
				},
				"down": {
					"uv": [0, 0, 0.75, 0.25],
					"texture": "#1",
					"rotation": 270
				}
			},
			"type": "cube"
		},
		{
			"name": "cube",
			"from": [7.25, 20.5, 7.75],
			"to": [8.75, 21.25, 8.25],
			"faces": {
				"north": {
					"uv": [0, 0, 0.75, 0.375],
					"texture": "#1"
				},
				"east": {
					"uv": [0, 0, 0.25, 0.375],
					"texture": "#1"
				},
				"south": {
					"uv": [0, 0, 0.75, 0.375],
					"texture": "#1"
				},
				"west": {
					"uv": [0, 0, 0.25, 0.375],
					"texture": "#1"
				},
				"up": {"uv": [0, 0, 0.75, 0.25], "texture": "#1"},
				"down": {"uv": [0, 0, 0.75, 0.25], "texture": "#1"}
			},
			"type": "cube"
		},
		{
			"name": "cube",
			"from": [7.5, 20.5, 7.5],
			"to": [8.5, 21.75, 8.5],
			"faces": {
				"north": {
					"uv": [0, 0, 0.5, 0.625],
					"texture": "#1"
				},
				"east": {"uv": [0, 0, 0.5, 0.625], "texture": "#1"},
				"south": {
					"uv": [0, 0, 0.5, 0.625],
					"texture": "#1"
				},
				"west": {"uv": [0, 0, 0.5, 0.625], "texture": "#1"},
				"up": {"uv": [0, 0, 0.5, 0.5], "texture": "#1"},
				"down": {"uv": [0, 0, 0.5, 0.5], "texture": "#1"}
			},
			"type": "cube"
		},
		{
			"name": "cube",
			"from": [7.75, 21.75, 7.75],
			"to": [8.25, 22.5, 8.25],
			"faces": {
				"north": {
					"uv": [0, 0, 0.25, 0.375],
					"texture": "#1"
				},
				"east": {
					"uv": [0, 0, 0.25, 0.375],
					"texture": "#1"
				},
				"south": {
					"uv": [0, 0, 0.25, 0.375],
					"texture": "#1"
				},
				"west": {
					"uv": [0, 0, 0.25, 0.375],
					"texture": "#1"
				},
				"up": {"uv": [0, 0, 0.25, 0.25], "texture": "#1"},
				"down": {"uv": [0, 0, 0.25, 0.25], "texture": "#1"}
			},
			"type": "cube"
		}
	],
	"display": {
		"thirdperson_righthand": {
			"scale": [0.75, 0.75, 0.75],
			"rotation": [0, 0, 0]
		},
		"gui": {
			"scale": [1, 0.8, 1],
			"rotation": [0, 0, -45],
			"translation": [-1, -1.5, 0]
		}
	}
}