{
"__comment": "Designed by Cookies160 with BDcraft Cubik PRO 0.87 Beta - http://bdcraft.net",
"textures": {
    "texture": "item/glass_bottle"
},
"elements": [ 
{
    "from": [ 6.5, 11, 6.5 ],
    "to": [ 9.5, 13.5, 9.5 ],
    "faces": {
        "down":  { "uv": [ 9.5, 3, 6.5, 2.5 ], "texture": "#texture" },
        "up":    { "uv": [ 6.5, 2.5, 9.5, 3 ], "texture": "#texture" },
        "north": { "uv": [ 6.5, 2.5, 9.5, 5 ], "texture": "#texture" },
        "south": { "uv": [ 6.5, 2.5, 9.5, 5 ], "texture": "#texture" },
        "west":  { "uv": [ 6.5, 2.5, 9.5, 5 ], "texture": "#texture" },
        "east":  { "uv": [ 6.5, 2.5, 9.5, 5 ], "texture": "#texture" }
    }
},
{
    "from": [ 6, 12, 6 ],
    "to": [ 10, 12.5, 10 ],
    "faces": {
        "down":  { "uv": [ 10, 4, 9.5, 3.5 ], "texture": "#texture" },
        "up":    { "uv": [ 6, 3.5, 6.5, 4 ], "texture": "#texture" },
        "north": { "uv": [ 6, 3.5, 10, 4 ], "texture": "#texture" },
        "south": { "uv": [ 6, 3.5, 10, 4 ], "texture": "#texture" },
        "west":  { "uv": [ 6, 3.5, 10, 4 ], "texture": "#texture" },
        "east":  { "uv": [ 6, 3.5, 10, 4 ], "texture": "#texture" }
    }
},
{
    "from": [ 6, 11, 6 ],
    "to": [ 6.5, 12, 10 ],
    "faces": {
        "west":  { "uv": [ 6, 7, 10, 7.5 ], "texture": "#texture" }
    }
},
{
    "from": [ 9.5, 11, 6 ],
    "to": [ 10, 12, 10 ],
    "faces": {
        "east":  { "uv": [ 6, 7, 10, 7.5 ], "texture": "#texture" }
    }
},
{
    "from": [ 6, 11, 6 ],
    "to": [ 10, 12, 6.5 ],
    "faces": {
        "down":  { "uv": [ 5, 6, 4.5, 5 ], "texture": "#texture" },
        "north": { "uv": [ 6, 7, 10, 7.5 ], "texture": "#texture" }
    }
},
{
    "from": [ 6, 11, 9.5 ],
    "to": [ 10, 12, 10 ],
    "faces": {
        "south": { "uv": [ 6, 7, 10, 7.5 ], "texture": "#texture" },
        "east":  { "uv": [ 6, 7, 6.5, 7.5 ], "texture": "#texture" }
    }
},
{
    "from": [ 6.5, 10.5, 6.5 ],
    "to": [ 9.5, 11, 9.5 ],
    "faces": {
        "north": { "uv": [ 6.5, 5, 9.5, 5.5 ], "texture": "#texture" },
        "south": { "uv": [ 6.5, 5, 9.5, 5.5 ], "texture": "#texture" },
        "west":  { "uv": [ 6.5, 5, 9.5, 5.5 ], "texture": "#texture" },
        "east":  { "uv": [ 6.5, 5, 9.5, 5.5 ], "texture": "#texture" }
    }
},
{
    "from": [ 7, 9.5, 7 ],
    "to": [ 9, 10.5, 9 ],
    "faces": {
        "north": { "uv": [ 7, 5.5, 9, 6.5 ], "texture": "#texture" },
        "south": { "uv": [ 7, 5.5, 9, 6.5 ], "texture": "#texture" },
        "west":  { "uv": [ 7, 5.5, 9, 6.5 ], "texture": "#texture" },
        "east":  { "uv": [ 7, 5.5, 9, 6.5 ], "texture": "#texture" }
    }
},
{
    "from": [ 6.5, 9, 6.5 ],
    "to": [ 9.5, 9.5, 9.5 ],
    "faces": {
        "north": { "uv": [ 6.5, 6.5, 9.5, 7 ], "texture": "#texture" },
        "south": { "uv": [ 6.5, 6.5, 9.5, 7 ], "texture": "#texture" },
        "west":  { "uv": [ 6.5, 6.5, 9.5, 7 ], "texture": "#texture" },
        "east":  { "uv": [ 6.5, 6.5, 9.5, 7 ], "texture": "#texture" }
    }
},
{
    "from": [ 6, 8.5, 6 ],
    "to": [ 10, 9, 10 ],
    "faces": {
        "north": { "uv": [ 6, 7, 10, 7.5 ], "texture": "#texture" },
        "south": { "uv": [ 6, 7, 10, 7.5 ], "texture": "#texture" },
        "west":  { "uv": [ 6, 7, 10, 7.5 ], "texture": "#texture" },
        "east":  { "uv": [ 6, 7, 10, 7.5 ], "texture": "#texture" }
    }
},
{
    "from": [ 5.5, 8, 5.5 ],
    "to": [ 10.5, 8.5, 10.5 ],
    "faces": {
        "north": { "uv": [ 5.5, 7.5, 10.5, 8 ], "texture": "#texture" },
        "south": { "uv": [ 5.5, 7.5, 10.5, 8 ], "texture": "#texture" },
        "west":  { "uv": [ 5.5, 7.5, 10.5, 8 ], "texture": "#texture" },
        "east":  { "uv": [ 5.5, 7.5, 10.5, 8 ], "texture": "#texture" }
    }
},
{
    "from": [ 5, 7.5, 5 ],
    "to": [ 11, 8, 11 ],
    "faces": {
        "north": { "uv": [ 5, 8, 11, 8.5 ], "texture": "#texture" },
        "south": { "uv": [ 5, 8, 11, 8.5 ], "texture": "#texture" },
        "west":  { "uv": [ 5, 8, 11, 8.5 ], "texture": "#texture" },
        "east":  { "uv": [ 5, 8, 11, 8.5 ], "texture": "#texture" }
    }
},
{
    "from": [ 4.5, 6.5, 4.5 ],
    "to": [ 11.5, 7.5, 11.5 ],
    "faces": {
        "north": { "uv": [ 4.5, 8.5, 11.5, 9.5 ], "texture": "#texture" },
        "south": { "uv": [ 4.5, 8.5, 11.5, 9.5 ], "texture": "#texture" },
        "west":  { "uv": [ 4.5, 8.5, 11.5, 9.5 ], "texture": "#texture" },
        "east":  { "uv": [ 4.5, 8.5, 11.5, 9.5 ], "texture": "#texture" }
    }
},
{
    "from": [ 4, 3, 4 ],
    "to": [ 12, 6.5, 12 ],
    "faces": {
        "north": { "uv": [ 4, 9.5, 12, 13 ], "texture": "#texture" },
        "south": { "uv": [ 4, 9.5, 12, 13 ], "texture": "#texture" },
        "west":  { "uv": [ 4, 9.5, 12, 13 ], "texture": "#texture" },
        "east":  { "uv": [ 4, 9.5, 12, 13 ], "texture": "#texture" }
    }
},
{
    "from": [ 4.5, 2.5, 4.5 ],
    "to": [ 11.5, 3, 11.5 ],
    "faces": {
        "north": { "uv": [ 4.5, 13, 11.5, 13.5 ], "texture": "#texture" },
        "south": { "uv": [ 4.5, 13, 11.5, 13.5 ], "texture": "#texture" },
        "west":  { "uv": [ 4.5, 13, 11.5, 13.5 ], "texture": "#texture" },
        "east":  { "uv": [ 4.5, 13, 11.5, 13.5 ], "texture": "#texture" }
    }
},
{
    "from": [ 5, 2, 5 ],
    "to": [ 11, 2.5, 11 ],
    "faces": {
        "north": { "uv": [ 5, 13.5, 11, 14 ], "texture": "#texture" },
        "south": { "uv": [ 5, 13.5, 11, 14 ], "texture": "#texture" },
        "west":  { "uv": [ 5, 13.5, 11, 14 ], "texture": "#texture" },
        "east":  { "uv": [ 5, 13.5, 11, 14 ], "texture": "#texture" }
    }
},
{
    "from": [ 6, 1.5, 6 ],
    "to": [ 10, 2, 10 ],
    "faces": {
        "north": { "uv": [ 6, 14, 10, 14.5 ], "texture": "#texture" },
        "south": { "uv": [ 6, 14, 10, 14.5 ], "texture": "#texture" },
        "west":  { "uv": [ 6, 14, 10, 14.5 ], "texture": "#texture" },
        "east":  { "uv": [ 6, 14, 10, 14.5 ], "texture": "#texture" }
    }
}
],
"display": {
    "thirdperson_righthand": {
        "rotation": [ 0, 0, 0 ],
        "translation": [ 0, 2, 2 ],
        "scale": [ 0.7, 0.7, 0.7 ]
    },
    "thirdperson_lefthand": {
        "rotation": [ 0, 0, 0 ],
        "translation": [ 0, 2, 2 ],
        "scale": [ 0.7, 0.7, 0.7 ]
    },
    "ground": {
        "rotation": [ 0, 0, 0 ],
        "translation": [ 0, 2, 0 ],
        "scale": [ 0.5, 0.5, 0.5 ]
    },
    "fixed": {
        "rotation": [ 0, 0, 0 ],
        "translation": [ 0, 0, -1.32 ],
        "scale": [ 1, 1, 1 ]
    },
    "firstperson_righthand": {
        "rotation": [ 0, 0, 0 ],
        "translation": [ 0, 0, 0 ],
        "scale": [ 0.7, 0.7, 0.7 ]
    },
    "firstperson_lefthand": {
        "rotation": [ 0, 0, 0 ],
        "translation": [ 0, 0, 0 ],
        "scale": [ -0.7, 0.7, 0.7 ]
    },
    "gui": {
        "rotation": [ 0, 0, 0 ],
        "translation": [ 0, 0, 0 ],
        "scale": [ 1, 1, 1 ]
    }
}
}