{
	"credit": "Made with Blockbench, a free, modern block model editor by JannisX11",
	"textures": {
		"0": "block/iron_bars",
		"particle": "block/iron_bars"
	},
	"elements": [
		{
			"name": "cube",
			"from": [0, 15, 7],
			"to": [16, 16, 9],
			"faces": {
				"north": {"uv": [0, 15, 16, 16], "texture": "#0"},
				"east": {"uv": [14, 15, 16, 16], "texture": "#0"},
				"south": {"uv": [0, 15, 16, 16], "texture": "#0"},
				"west": {"uv": [0, 15, 2, 16], "texture": "#0"},
				"up": {
					"uv": [2, 0, 4, 16],
					"texture": "#0",
					"rotation": 90
				},
				"down": {
					"uv": [12, 0, 14, 16],
					"texture": "#0",
					"rotation": 90
				}
			},
			"type": "cube"
		},
		{
			"name": "cube",
			"from": [0, 0, 7],
			"to": [16, 1, 9],
			"faces": {
				"north": {"uv": [0, 15, 16, 16], "texture": "#0"},
				"east": {"uv": [14, 15, 16, 16], "texture": "#0"},
				"south": {"uv": [0, 15, 16, 16], "texture": "#0"},
				"west": {"uv": [0, 15, 2, 16], "texture": "#0"},
				"up": {
					"uv": [2, 0, 4, 16],
					"texture": "#0",
					"rotation": 90
				},
				"down": {
					"uv": [12, 0, 14, 16],
					"texture": "#0",
					"rotation": 90
				}
			},
			"type": "cube"
		},
		{
			"name": "cube",
			"from": [7.5, 1, 7.5],
			"to": [8.5, 15, 8.5],
			"faces": {
				"north": {"uv": [7.5, 1, 8.5, 15], "texture": "#0"},
				"east": {"uv": [7.5, 1, 8.5, 15], "texture": "#0"},
				"south": {"uv": [7.5, 1, 8.5, 15], "texture": "#0"},
				"west": {"uv": [7.5, 1, 8.5, 15], "texture": "#0"}
			},
			"type": "cube"
		},
		{
			"name": "cube",
			"from": [13, 1, 7.5],
			"to": [14, 15, 8.5],
			"faces": {
				"north": {"uv": [2.5, 1, 3.5, 15], "texture": "#0"},
				"east": {"uv": [2.5, 1, 3.5, 15], "texture": "#0"},
				"south": {"uv": [2.5, 1, 3.5, 15], "texture": "#0"},
				"west": {"uv": [2.5, 1, 3.5, 15], "texture": "#0"}
			},
			"type": "cube"
		},
		{
			"name": "cube",
			"from": [2, 1, 7.5],
			"to": [3, 15, 8.5],
			"faces": {
				"north": {
					"uv": [12.5, 1, 13.5, 15],
					"texture": "#0"
				},
				"east": {
					"uv": [12.5, 1, 13.5, 15],
					"texture": "#0"
				},
				"south": {
					"uv": [12.5, 1, 13.5, 15],
					"texture": "#0"
				},
				"west": {"uv": [12.5, 1, 13.5, 15], "texture": "#0"}
			},
			"type": "cube"
		}
	],
	"display": {
		"thirdperson_righthand": {
			"scale": [0.5, 0.5, 0.5],
			"rotation": [0, 90, 0]
		},
		"thirdperson_lefthand": {
			"scale": [0.5, 0.5, 0.5],
			"rotation": [0, 90, 0]
		},
		"firstperson_righthand": {
			"scale": [0.5, 0.5, 0.5],
			"rotation": [0, 90, 0]
		},
		"firstperson_lefthand": {
			"scale": [0.5, 0.5, 0.5],
			"rotation": [0, 90, 0]
		},
		"ground": {
			"scale": [0.5, 0.5, 0.5],
			"rotation": [0, 90, 0]
		},
		"gui": {
			"rotation": [30, -135, 0],
			"translation": [0, 0, 0],
			"scale": [0.75, 0.75, 0.75]
		}
	}
}