{
"__comment": "Designed by Cookies160 with BDcraft Cubik PRO 0.85 Beta - http://bdcraft.net",
"elements": [ 
{
    "from": [ 1.5, 14, 8.5 ],
    "to": [ 2.5, 14.5, 9.5 ],
    "faces": {
        "up":    { "uv": [ 13.5, 1.5, 14.5, 2 ], "texture": "#texture" },
        "north": { "uv": [ 13.5, 1.5, 14.5, 2 ], "texture": "#texture" },
        "south": { "uv": [ 14.5, 1.5, 13.5, 2 ], "texture": "#texture" },
        "west":  { "uv": [ 13.5, 1.5, 14.5, 2 ], "texture": "#texture" },
        "east":  { "uv": [ 13.5, 1.5, 14.5, 2 ], "texture": "#texture" }
    }
},
{
    "__comment": "string*",
    "from": [ 4, 3, 8.75 ],
    "to": [ 4.5, 3.5, 9.25 ],
    "faces": {
        "up":    { "uv": [ 12, 13, 12.5, 13.5 ], "texture": "#texture" },
        "north": { "uv": [ 12, 13, 12.5, 13.5 ], "texture": "#texture" },
        "south": { "uv": [ 12, 13, 12.5, 13.5 ], "texture": "#texture" },
        "west":  { "uv": [ 12, 13, 12.5, 13.5 ], "texture": "#texture" },
        "east":  { "uv": [ 12, 13, 12.5, 13.5 ], "texture": "#texture" }
    }
},
{
    "__comment": "string*",
    "from": [ 3.5, 2.5, 8.75 ],
    "to": [ 4.5, 3, 9.25 ],
    "faces": {
        "down":  { "uv": [ 12, 13.5, 12.5, 13 ], "texture": "#texture" },
        "up":    { "uv": [ 12, 13, 12.5, 13.5 ], "texture": "#texture" },
        "north": { "uv": [ 12, 13, 12.5, 13.5 ], "texture": "#texture" },
        "south": { "uv": [ 12, 13, 12.5, 13.5 ], "texture": "#texture" },
        "west":  { "uv": [ 12, 13, 12.5, 13.5 ], "texture": "#texture" },
        "east":  { "uv": [ 12, 13, 12.5, 13.5 ], "texture": "#texture" }
    }
},
{
    "__comment": "string*",
    "from": [ 3, 3, 8.75 ],
    "to": [ 3.5, 3.5, 9.25 ],
    "faces": {
        "down":  { "uv": [ 12, 13.5, 12.5, 13 ], "texture": "#texture" },
        "north": { "uv": [ 12, 13, 12.5, 13.5 ], "texture": "#texture" },
        "south": { "uv": [ 12, 13, 12.5, 13.5 ], "texture": "#texture" },
        "west":  { "uv": [ 12, 13, 12.5, 13.5 ], "texture": "#texture" },
        "east":  { "uv": [ 12, 13, 12.5, 13.5 ], "texture": "#texture" }
    }
},
{
    "__comment": "string*",
    "from": [ 3, 3.5, 8.75 ],
    "to": [ 3.5, 4, 9.25 ],
    "faces": {
        "up":    { "uv": [ 14.5, 7.5, 15, 8 ], "texture": "#texture" },
        "north": { "uv": [ 14.5, 3.5, 15, 9 ], "texture": "#texture" },
        "south": { "uv": [ 14.5, 3.5, 15, 9 ], "texture": "#texture" },
        "west":  { "uv": [ 14.5, 3.5, 15, 9 ], "texture": "#texture" },
        "east":  { "uv": [ 14.5, 3.5, 15, 9 ], "texture": "#texture" }
    }
},
{
    "__comment": "string*",
    "from": [ 2.5, 4, 8.75 ],
    "to": [ 3, 5, 9.25 ],
    "faces": {
        "down":  { "uv": [ 14.5, 7, 15, 6.5 ], "texture": "#texture" },
        "up":    { "uv": [ 14.5, 7.5, 15, 8 ], "texture": "#texture" },
        "north": { "uv": [ 14.5, 3.5, 15, 9 ], "texture": "#texture" },
        "south": { "uv": [ 14.5, 3.5, 15, 9 ], "texture": "#texture" },
        "west":  { "uv": [ 14.5, 3.5, 15, 9 ], "texture": "#texture" },
        "east":  { "uv": [ 14.5, 3.5, 15, 9 ], "texture": "#texture" }
    }
},
{
    "__comment": "string*",
    "from": [ 2, 5, 8.75 ],
    "to": [ 2.5, 6, 9.25 ],
    "faces": {
        "down":  { "uv": [ 14.5, 7, 15, 6.5 ], "texture": "#texture" },
        "up":    { "uv": [ 14.5, 7.5, 15, 8 ], "texture": "#texture" },
        "north": { "uv": [ 14.5, 3.5, 15, 9 ], "texture": "#texture" },
        "south": { "uv": [ 14.5, 3.5, 15, 9 ], "texture": "#texture" },
        "west":  { "uv": [ 14.5, 3.5, 15, 9 ], "texture": "#texture" },
        "east":  { "uv": [ 14.5, 3.5, 15, 9 ], "texture": "#texture" }
    }
},
{
    "__comment": "string*",
    "from": [ 1.5, 6, 8.75 ],
    "to": [ 2, 7, 9.25 ],
    "faces": {
        "down":  { "uv": [ 14.5, 7, 15, 6.5 ], "texture": "#texture" },
        "up":    { "uv": [ 14.5, 7.5, 15, 8 ], "texture": "#texture" },
        "north": { "uv": [ 14.5, 3.5, 15, 9 ], "texture": "#texture" },
        "south": { "uv": [ 14.5, 3.5, 15, 9 ], "texture": "#texture" },
        "west":  { "uv": [ 14.5, 3.5, 15, 9 ], "texture": "#texture" },
        "east":  { "uv": [ 14.5, 3.5, 15, 9 ], "texture": "#texture" }
    }
},
{
    "__comment": "string",
    "from": [ 1, 7, 8.75 ],
    "to": [ 1.5, 12.5, 9.25 ],
    "faces": {
        "down":  { "uv": [ 14.5, 7, 15, 6.5 ], "texture": "#texture" },
        "north": { "uv": [ 14.5, 3.5, 15, 9 ], "texture": "#texture" },
        "south": { "uv": [ 14.5, 3.5, 15, 9 ], "texture": "#texture" },
        "west":  { "uv": [ 14.5, 3.5, 15, 9 ], "texture": "#texture" },
        "east":  { "uv": [ 14.5, 3.5, 15, 9 ], "texture": "#texture" }
    }
},
{
    "from": [ 1.5, 12, 8.5 ],
    "to": [ 2, 12.5, 9.5 ],
    "faces": {
        "down":  { "uv": [ 14.5, 4, 14, 3.5 ], "texture": "#texture" },
        "north": { "uv": [ 14, 3.5, 14.5, 4 ], "texture": "#texture" },
        "south": { "uv": [ 14.5, 3.5, 14, 4 ], "texture": "#texture" },
        "west":  { "uv": [ 14, 3.5, 14.5, 4 ], "texture": "#texture" }
    }
},
{
    "from": [ 9.5, 3, 8 ],
    "to": [ 10, 5, 10 ],
    "faces": {
        "north": { "uv": [ 7.5, 11, 8, 13 ], "texture": "#texture" },
        "south": { "uv": [ 8, 11, 7.5, 13 ], "texture": "#texture" }
    }
},
{
    "from": [ 10, 3, 8 ],
    "to": [ 10.5, 5, 10 ],
    "faces": {
        "down":  { "uv": [ 8, 13.5, 6, 13 ], "texture": "#texture" },
        "up":    { "uv": [ 8, 13, 6, 13.5 ], "texture": "#texture" },
        "north": { "uv": [ 8, 11, 8.5, 13 ], "texture": "#texture" },
        "south": { "uv": [ 8.5, 11, 8, 13 ], "texture": "#texture" },
        "east":  { "uv": [ 8, 11, 8.5, 13 ], "texture": "#texture" }
    }
},
{
    "from": [ 8, 5, 8 ],
    "to": [ 10, 5.5, 10 ],
    "faces": {
        "down":  { "uv": [ 8, 13.5, 6, 13 ], "texture": "#texture" },
        "up":    { "uv": [ 8, 13, 6, 13.5 ], "texture": "#texture" },
        "north": { "uv": [ 8, 11, 8.5, 13 ], "texture": "#texture" },
        "south": { "uv": [ 8.5, 11, 8, 13 ], "texture": "#texture" },
        "west":  { "uv": [ 8, 11, 8.5, 13 ], "texture": "#texture" },
        "east":  { "uv": [ 8, 11, 8.5, 13 ], "texture": "#texture" }
    }
},
{
    "from": [ 10, 3, 8.5 ],
    "to": [ 10.5, 3.5, 9.5 ],
    "faces": {
        "down":  { "uv": [ 8, 13.5, 6, 13 ], "texture": "#texture" },
        "north": { "uv": [ 8, 11, 8.5, 13 ], "texture": "#texture" },
        "south": { "uv": [ 8.5, 11, 8, 13 ], "texture": "#texture" }
    }
},
{
    "from": [ 8, 2.5, 8 ],
    "to": [ 10, 3, 10 ],
    "faces": {
        "down":  { "uv": [ 8, 13.5, 6, 13 ], "texture": "#texture" },
        "up":    { "uv": [ 8, 13, 6, 13.5 ], "texture": "#texture" },
        "north": { "uv": [ 8, 11, 8.5, 13 ], "texture": "#texture" },
        "south": { "uv": [ 8.5, 11, 8, 13 ], "texture": "#texture" },
        "west":  { "uv": [ 8, 11, 8.5, 13 ], "texture": "#texture" },
        "east":  { "uv": [ 8, 11, 8.5, 13 ], "texture": "#texture" }
    }
},
{
    "from": [ 7.5, 3, 8 ],
    "to": [ 8, 5, 10 ],
    "faces": {
        "down":  { "uv": [ 8, 13.5, 6, 13 ], "texture": "#texture" },
        "up":    { "uv": [ 8, 13, 6, 13.5 ], "texture": "#texture" },
        "north": { "uv": [ 8, 11, 8.5, 13 ], "texture": "#texture" },
        "south": { "uv": [ 8.5, 11, 8, 13 ], "texture": "#texture" },
        "west":  { "uv": [ 8, 11, 8.5, 13 ], "texture": "#texture" }
    }
},
{
    "from": [ 8, 3, 8 ],
    "to": [ 9.5, 5, 10 ],
    "faces": {
        "north": { "uv": [ 6.5, 11, 8, 13 ], "texture": "#texture" },
        "south": { "uv": [ 8, 11, 6.5, 13 ], "texture": "#texture" }
    }
},
{
    "from": [ 12.5, 1, 8.5 ],
    "to": [ 13.5, 1.5, 9.5 ],
    "faces": {
        "down":  { "uv": [ 3.5, 15, 2.5, 14.5 ], "texture": "#texture" },
        "north": { "uv": [ 2.5, 14.5, 3.5, 15 ], "texture": "#texture" },
        "south": { "uv": [ 3.5, 14.5, 2.5, 15 ], "texture": "#texture" },
        "west":  { "uv": [ 2.5, 14.5, 3, 15 ], "texture": "#texture" },
        "east":  { "uv": [ 2.5, 14.5, 3, 15 ], "texture": "#texture" }
    }
},
{
    "from": [ 12.5, 1.5, 8.5 ],
    "to": [ 14, 2.5, 9.5 ],
    "faces": {
        "down":  { "uv": [ 3.5, 14, 2, 13.5 ], "texture": "#texture" },
        "up":    { "uv": [ 4, 14, 2.5, 14.5 ], "texture": "#texture" },
        "north": { "uv": [ 2, 13.5, 3.5, 14.5 ], "texture": "#texture" },
        "south": { "uv": [ 3.5, 13.5, 2, 14.5 ], "texture": "#texture" },
        "west":  { "uv": [ 2, 13.5, 2.5, 14.5 ], "texture": "#texture" },
        "east":  { "uv": [ 2, 14, 2.5, 14.5 ], "texture": "#texture" }
    }
},
{
    "from": [ 12, 1.5, 8.5 ],
    "to": [ 13.5, 3, 9.5 ],
    "faces": {
        "down":  { "uv": [ 4.5, 14, 3, 13.5 ], "texture": "#texture" },
        "up":    { "uv": [ 4, 13, 2.5, 13.5 ], "texture": "#texture" },
        "north": { "uv": [ 2.5, 13, 4, 14.5 ], "texture": "#texture" },
        "south": { "uv": [ 4, 13, 2.5, 14.5 ], "texture": "#texture" },
        "west":  { "uv": [ 11.5, 5, 12, 6.5 ], "texture": "#texture" },
        "east":  { "uv": [ 10.5, 5, 11, 6.5 ], "texture": "#texture" }
    }
},
{
    "from": [ 11.5, 2, 8.5 ],
    "to": [ 13, 3.5, 9.5 ],
    "faces": {
        "down":  { "uv": [ 12, 6.5, 10.5, 6 ], "texture": "#texture" },
        "up":    { "uv": [ 4.5, 12.5, 3, 13 ], "texture": "#texture" },
        "north": { "uv": [ 3, 12.5, 4.5, 14 ], "texture": "#texture" },
        "south": { "uv": [ 4.5, 12.5, 3, 14 ], "texture": "#texture" },
        "west":  { "uv": [ 11.5, 5, 12, 6.5 ], "texture": "#texture" },
        "east":  { "uv": [ 10.5, 5, 11, 6.5 ], "texture": "#texture" }
    }
},
{
    "from": [ 11, 2.5, 8.5 ],
    "to": [ 12.5, 4, 9.5 ],
    "faces": {
        "down":  { "uv": [ 12, 6.5, 10.5, 6 ], "texture": "#texture" },
        "up":    { "uv": [ 5.5, 11.5, 4, 12 ], "texture": "#texture" },
        "north": { "uv": [ 3.5, 12, 5, 13.5 ], "texture": "#texture" },
        "south": { "uv": [ 5, 12, 3.5, 13.5 ], "texture": "#texture" },
        "west":  { "uv": [ 11.5, 5, 12, 6.5 ], "texture": "#texture" },
        "east":  { "uv": [ 10.5, 5, 11, 6.5 ], "texture": "#texture" }
    }
},
{
    "from": [ 10.5, 3, 8.5 ],
    "to": [ 12, 4.5, 9.5 ],
    "faces": {
        "down":  { "uv": [ 12, 6.5, 10.5, 6 ], "texture": "#texture" },
        "up":    { "uv": [ 12.5, 4.5, 11, 5 ], "texture": "#texture" },
        "north": { "uv": [ 4, 11.5, 5.5, 13 ], "texture": "#texture" },
        "south": { "uv": [ 5.5, 11.5, 4, 13 ], "texture": "#texture" },
        "east":  { "uv": [ 10.5, 5, 11, 6.5 ], "texture": "#texture" }
    }
},
{
    "from": [ 10, 3.5, 8.5 ],
    "to": [ 11.5, 5, 9.5 ],
    "faces": {
        "down":  { "uv": [ 12, 6.5, 10.5, 6 ], "texture": "#texture" },
        "up":    { "uv": [ 12.5, 4.5, 11, 5 ], "texture": "#texture" },
        "north": { "uv": [ 4.5, 11, 6, 12.5 ], "texture": "#texture" },
        "south": { "uv": [ 6, 11, 4.5, 12.5 ], "texture": "#texture" },
        "east":  { "uv": [ 10.5, 5, 11, 6.5 ], "texture": "#texture" }
    }
},
{
    "from": [ 9.5, 4, 8.5 ],
    "to": [ 11, 5.5, 9.5 ],
    "faces": {
        "down":  { "uv": [ 12, 6.5, 10.5, 6 ], "texture": "#texture" },
        "up":    { "uv": [ 12.5, 4.5, 11, 5 ], "texture": "#texture" },
        "north": { "uv": [ 5, 10.5, 6.5, 12 ], "texture": "#texture" },
        "south": { "uv": [ 6.5, 10.5, 5, 12 ], "texture": "#texture" },
        "west":  { "uv": [ 11.5, 5, 12, 6.5 ], "texture": "#texture" },
        "east":  { "uv": [ 10.5, 5, 11, 6.5 ], "texture": "#texture" }
    }
},
{
    "from": [ 9, 4.5, 8.5 ],
    "to": [ 10.5, 6.5, 9.5 ],
    "faces": {
        "down":  { "uv": [ 12, 6.5, 10.5, 6 ], "texture": "#texture" },
        "up":    { "uv": [ 12, 4.5, 10.5, 5 ], "texture": "#texture" },
        "north": { "uv": [ 5.5, 9.5, 7, 11.5 ], "texture": "#texture" },
        "south": { "uv": [ 7, 9.5, 5.5, 11.5 ], "texture": "#texture" },
        "west":  { "uv": [ 11.5, 4.5, 12, 6.5 ], "texture": "#texture" },
        "east":  { "uv": [ 10.5, 4.5, 11, 6.5 ], "texture": "#texture" }
    }
},
{
    "from": [ 8.5, 5, 8.5 ],
    "to": [ 10, 7, 9.5 ],
    "faces": {
        "down":  { "uv": [ 8, 11, 6.5, 10.5 ], "texture": "#texture" },
        "up":    { "uv": [ 7.5, 9, 6, 9.5 ], "texture": "#texture" },
        "north": { "uv": [ 6, 9, 7.5, 11 ], "texture": "#texture" },
        "south": { "uv": [ 7.5, 9, 6, 11 ], "texture": "#texture" },
        "west":  { "uv": [ 7, 9, 7.5, 11 ], "texture": "#texture" },
        "east":  { "uv": [ 6, 9, 6.5, 11 ], "texture": "#texture" }
    }
},
{
    "from": [ 8, 5.5, 8.5 ],
    "to": [ 9.5, 7.5, 9.5 ],
    "faces": {
        "up":    { "uv": [ 12, 4.5, 10.5, 5 ], "texture": "#texture" },
        "north": { "uv": [ 6.5, 8.5, 8, 10.5 ], "texture": "#texture" },
        "south": { "uv": [ 8, 8.5, 6.5, 10.5 ], "texture": "#texture" },
        "west":  { "uv": [ 11.5, 4.5, 12, 6.5 ], "texture": "#texture" },
        "east":  { "uv": [ 10.5, 4.5, 11, 6.5 ], "texture": "#texture" }
    }
},
{
    "from": [ 7.5, 6, 8.5 ],
    "to": [ 9, 8, 9.5 ],
    "faces": {
        "down":  { "uv": [ 12, 6.5, 10.5, 6 ], "texture": "#texture" },
        "up":    { "uv": [ 12, 4.5, 10.5, 5 ], "texture": "#texture" },
        "north": { "uv": [ 7, 8, 8.5, 10 ], "texture": "#texture" },
        "south": { "uv": [ 8.5, 8, 7, 10 ], "texture": "#texture" },
        "west":  { "uv": [ 11.5, 4.5, 12, 6.5 ], "texture": "#texture" },
        "east":  { "uv": [ 10.5, 4.5, 11, 6.5 ], "texture": "#texture" }
    }
},
{
    "from": [ 7, 6.5, 8.5 ],
    "to": [ 8.5, 8.5, 9.5 ],
    "faces": {
        "down":  { "uv": [ 12, 6.5, 10.5, 6 ], "texture": "#texture" },
        "up":    { "uv": [ 12, 4.5, 10.5, 5 ], "texture": "#texture" },
        "north": { "uv": [ 7.5, 7.5, 9, 9.5 ], "texture": "#texture" },
        "south": { "uv": [ 9, 7.5, 7.5, 9.5 ], "texture": "#texture" },
        "west":  { "uv": [ 11.5, 4.5, 12, 6.5 ], "texture": "#texture" },
        "east":  { "uv": [ 10.5, 4.5, 11, 6.5 ], "texture": "#texture" }
    }
},
{
    "from": [ 6.5, 7, 8.5 ],
    "to": [ 8, 9, 9.5 ],
    "faces": {
        "down":  { "uv": [ 12, 6.5, 10.5, 6 ], "texture": "#texture" },
        "up":    { "uv": [ 12, 4.5, 10.5, 5 ], "texture": "#texture" },
        "north": { "uv": [ 8, 7, 9.5, 9 ], "texture": "#texture" },
        "south": { "uv": [ 9.5, 7, 8, 9 ], "texture": "#texture" },
        "west":  { "uv": [ 11.5, 4.5, 12, 6.5 ], "texture": "#texture" },
        "east":  { "uv": [ 10.5, 4.5, 11, 6.5 ], "texture": "#texture" }
    }
},
{
    "from": [ 6, 7.5, 8.5 ],
    "to": [ 7.5, 9.5, 9.5 ],
    "faces": {
        "down":  { "uv": [ 12, 6.5, 10.5, 6 ], "texture": "#texture" },
        "up":    { "uv": [ 12, 4.5, 10.5, 5 ], "texture": "#texture" },
        "north": { "uv": [ 8.5, 6.5, 10, 8.5 ], "texture": "#texture" },
        "south": { "uv": [ 10, 6.5, 8.5, 8.5 ], "texture": "#texture" },
        "west":  { "uv": [ 11.5, 4.5, 12, 6.5 ], "texture": "#texture" },
        "east":  { "uv": [ 10.5, 4.5, 11, 6.5 ], "texture": "#texture" }
    }
},
{
    "from": [ 5.5, 8, 8.5 ],
    "to": [ 7, 10, 9.5 ],
    "faces": {
        "down":  { "uv": [ 12, 6.5, 10.5, 6 ], "texture": "#texture" },
        "up":    { "uv": [ 12, 4.5, 10.5, 5 ], "texture": "#texture" },
        "north": { "uv": [ 9, 6, 10.5, 8 ], "texture": "#texture" },
        "south": { "uv": [ 10.5, 6, 9, 8 ], "texture": "#texture" },
        "west":  { "uv": [ 11.5, 4.5, 12, 6.5 ], "texture": "#texture" },
        "east":  { "uv": [ 10.5, 4.5, 11, 6.5 ], "texture": "#texture" }
    }
},
{
    "from": [ 1, 12.5, 8.5 ],
    "to": [ 3, 14, 9.5 ],
    "faces": {
        "down":  { "uv": [ 15, 4, 13, 3.5 ], "texture": "#texture" },
        "up":    { "uv": [ 13, 2, 15, 2.5 ], "texture": "#texture" },
        "north": { "uv": [ 13, 2, 15, 3.5 ], "texture": "#texture" },
        "south": { "uv": [ 15, 2, 13, 3.5 ], "texture": "#texture" },
        "west":  { "uv": [ 14.5, 2, 15, 3.5 ], "texture": "#texture" },
        "east":  { "uv": [ 13, 2, 13.5, 3.5 ], "texture": "#texture" }
    }
},
{
    "from": [ 2, 11.5, 8.5 ],
    "to": [ 3.5, 13.5, 9.5 ],
    "faces": {
        "down":  { "uv": [ 14, 4.5, 12.5, 4 ], "texture": "#texture" },
        "up":    { "uv": [ 14, 2.5, 12.5, 3 ], "texture": "#texture" },
        "north": { "uv": [ 12.5, 2.5, 14, 4.5 ], "texture": "#texture" },
        "south": { "uv": [ 14, 2.5, 12.5, 4.5 ], "texture": "#texture" },
        "west":  { "uv": [ 13.5, 2.5, 14, 4.5 ], "texture": "#texture" },
        "east":  { "uv": [ 12.5, 2.5, 13, 4.5 ], "texture": "#texture" }
    }
},
{
    "from": [ 2.5, 11, 8.5 ],
    "to": [ 4, 13, 9.5 ],
    "faces": {
        "down":  { "uv": [ 13.5, 5, 12, 4.5 ], "texture": "#texture" },
        "up":    { "uv": [ 13.5, 3, 12, 3.5 ], "texture": "#texture" },
        "north": { "uv": [ 12, 3, 13.5, 5 ], "texture": "#texture" },
        "south": { "uv": [ 13.5, 3, 12, 5 ], "texture": "#texture" },
        "west":  { "uv": [ 13, 3, 13.5, 5 ], "texture": "#texture" },
        "east":  { "uv": [ 12, 3, 12.5, 5 ], "texture": "#texture" }
    }
},
{
    "from": [ 3, 10.5, 8.5 ],
    "to": [ 4.5, 12.5, 9.5 ],
    "faces": {
        "down":  { "uv": [ 13, 5.5, 11.5, 5 ], "texture": "#texture" },
        "up":    { "uv": [ 13, 3.5, 11.5, 4 ], "texture": "#texture" },
        "north": { "uv": [ 11.5, 3.5, 13, 5.5 ], "texture": "#texture" },
        "south": { "uv": [ 13, 3.5, 11.5, 5.5 ], "texture": "#texture" },
        "west":  { "uv": [ 12.5, 3.5, 13, 5.5 ], "texture": "#texture" },
        "east":  { "uv": [ 11.5, 3.5, 12, 5.5 ], "texture": "#texture" }
    }
},
{
    "from": [ 3.5, 10, 8.5 ],
    "to": [ 5, 12, 9.5 ],
    "faces": {
        "down":  { "uv": [ 12.5, 6, 11, 5.5 ], "texture": "#texture" },
        "up":    { "uv": [ 12.5, 4, 11, 4.5 ], "texture": "#texture" },
        "north": { "uv": [ 11, 4, 12.5, 6 ], "texture": "#texture" },
        "south": { "uv": [ 12.5, 4, 11, 6 ], "texture": "#texture" },
        "west":  { "uv": [ 12, 4, 12.5, 6 ], "texture": "#texture" },
        "east":  { "uv": [ 11, 4, 11.5, 6 ], "texture": "#texture" }
    }
},
{
    "from": [ 4, 9.5, 8.5 ],
    "to": [ 5.5, 11.5, 9.5 ],
    "faces": {
        "down":  { "uv": [ 12, 6.5, 10.5, 6 ], "texture": "#texture" },
        "up":    { "uv": [ 12, 4.5, 10.5, 5 ], "texture": "#texture" },
        "north": { "uv": [ 10.5, 4.5, 12, 6.5 ], "texture": "#texture" },
        "south": { "uv": [ 12, 4.5, 10.5, 6.5 ], "texture": "#texture" },
        "west":  { "uv": [ 11.5, 4.5, 12, 6.5 ], "texture": "#texture" },
        "east":  { "uv": [ 10.5, 4.5, 11, 6.5 ], "texture": "#texture" }
    }
},
{
    "from": [ 4.5, 9, 8.5 ],
    "to": [ 6, 11, 9.5 ],
    "faces": {
        "down":  { "uv": [ 11.5, 7, 10, 6.5 ], "texture": "#texture" },
        "up":    { "uv": [ 11.5, 5, 10, 5.5 ], "texture": "#texture" },
        "north": { "uv": [ 10, 5, 11.5, 7 ], "texture": "#texture" },
        "south": { "uv": [ 11.5, 5, 10, 7 ], "texture": "#texture" },
        "west":  { "uv": [ 11, 5, 11.5, 7 ], "texture": "#texture" },
        "east":  { "uv": [ 10, 5, 10.5, 7 ], "texture": "#texture" }
    }
},
{
    "from": [ 5, 8.5, 8.5 ],
    "to": [ 6.5, 10.5, 9.5 ],
    "faces": {
        "down":  { "uv": [ 11, 7.5, 9.5, 7 ], "texture": "#texture" },
        "up":    { "uv": [ 11, 5.5, 9.5, 6 ], "texture": "#texture" },
        "north": { "uv": [ 9.5, 5.5, 11, 7.5 ], "texture": "#texture" },
        "south": { "uv": [ 11, 5.5, 9.5, 7.5 ], "texture": "#texture" },
        "west":  { "uv": [ 10.5, 5.5, 11, 7.5 ], "texture": "#texture" },
        "east":  { "uv": [ 9.5, 5.5, 10, 7.5 ], "texture": "#texture" }
    }
}
],
"display": {
    "thirdperson_righthand": {
        "rotation": [ 0, -90, -44 ],
        "translation": [ 0, 4.72, 1.89 ],
        "scale": [ 1, 1, 1 ]
    },
    "thirdperson_lefthand": {
        "rotation": [ 0, 90, 45 ],
        "translation": [ 0, 4.91, 1.89 ],
        "scale": [ 1, 1, 1 ]
    },
    "fixed": {
        "rotation": [ 0, 0, 0 ],
        "translation": [ 0, 0, -1.32 ],
        "scale": [ 1, 1, 1 ]
    },
    "firstperson_righthand": {
        "rotation": [ 7, -71, -45 ],
        "translation": [ 3.21, 3.59, 0 ],
        "scale": [ 0.7, 0.7, 0.7 ]
    },
    "firstperson_lefthand": {
        "rotation": [ 7, -71, 45 ],
        "translation": [ 3.21, 3.59, 0 ],
        "scale": [ 0.7, 0.7, 0.7 ]
    },
    "gui": {
        "rotation": [ 0, 0, 0 ],
        "translation": [ 0, 0, 0 ],
        "scale": [ 1, 1, 1 ]
    }
}
}