{
	"credit": "Made with Blockbench, a free, modern block model editor by JannisX11",
	"textures": {
		"0": "block/torch",
		"particle": "block/torch"
	},
	"elements": [
		{
			"name": "cube",
			"from": [7, 0, 7],
			"to": [9, 10, 9],
			"faces": {
				"north": {"uv": [7, 6, 9, 16], "texture": "#0"},
				"east": {"uv": [7, 6, 9, 16], "texture": "#0"},
				"south": {"uv": [7, 6, 9, 16], "texture": "#0"},
				"west": {"uv": [7, 6, 9, 16], "texture": "#0"},
				"up": {"uv": [7, 6, 9, 8], "texture": "#0"},
				"down": {"uv": [7, 14, 9, 16], "texture": "#0"}
			},
			"type": "cube"
		},
		{
			"name": "cube",
			"from": [10, 8, 7.5],
			"to": [11, 10, 8.5],
			"faces": {
				"north": {"uv": [5, 6, 6, 8], "texture": "#0"},
				"east": {"uv": [5, 6, 6, 8], "texture": "#0"},
				"south": {"uv": [6, 6, 5, 8], "texture": "#0"},
				"west": {"uv": [5, 6, 6, 8], "texture": "#0"},
				"up": {
					"uv": [5, 6, 5.989889705882353, 6.989889705882353],
					"texture": "#0"
				},
				"down": {
					"uv": [5, 7, 5.989889705882353, 7.989889705882353],
					"texture": "#0"
				}
			},
			"type": "cube"
		},
		{
			"name": "cube",
			"from": [9.5, 7.5, 7.5],
			"to": [10.49, 8.5, 8.49],
			"faces": {
				"north": {
					"uv": [5.5, 7.5, 6.489583333333333, 8.5],
					"texture": "#0"
				},
				"east": {
					"uv": [5.5, 7.5, 6.489889705882353, 8.5],
					"texture": "#0"
				},
				"south": {
					"uv": [6.489889705882353, 7.5, 5.5, 8.5],
					"texture": "#0"
				},
				"west": {
					"uv": [5.5, 7.5, 6.489889705882353, 8.5],
					"texture": "#0"
				},
				"up": {
					"uv": [
						5.5,
						7.5,
						6.489889705882353,
						8.489889705882353
					],
					"texture": "#0"
				},
				"down": {
					"uv": [
						5.5,
						7.5,
						6.489889705882353,
						8.489889705882353
					],
					"texture": "#0"
				}
			},
			"type": "cube"
		},
		{
			"name": "cube",
			"from": [9, 7, 7.5],
			"to": [10, 8, 8.5],
			"faces": {
				"north": {"uv": [6, 8, 7, 9], "texture": "#0"},
				"east": {"uv": [6, 8, 7, 9], "texture": "#0"},
				"south": {"uv": [7, 8, 6, 9], "texture": "#0"},
				"west": {"uv": [6, 8, 7, 9], "texture": "#0"},
				"up": {"uv": [6, 8, 7, 9], "texture": "#0"},
				"down": {"uv": [6, 8, 7, 9], "texture": "#0"}
			},
			"type": "cube"
		},
		{
			"name": "cube",
			"from": [5, 8, 7.5],
			"to": [6, 10, 8.5],
			"faces": {
				"north": {"uv": [6, 6, 5, 8], "texture": "#0"},
				"east": {"uv": [5, 6, 6, 8], "texture": "#0"},
				"south": {"uv": [5, 6, 6, 8], "texture": "#0"},
				"west": {"uv": [5, 6, 6, 8], "texture": "#0"},
				"up": {
					"uv": [5, 6, 5.989889705882353, 6.989889705882353],
					"texture": "#0",
					"rotation": 180
				},
				"down": {
					"uv": [5, 7, 5.989889705882353, 7.989889705882353],
					"texture": "#0",
					"rotation": 180
				}
			},
			"rotation": {
				"origin": [2, 8, 8],
				"axis": "y",
				"angle": 0
			},
			"type": "cube"
		},
		{
			"name": "cube",
			"from": [5.51, 7.5, 7.51],
			"to": [6.5, 8.5, 8.5],
			"faces": {
				"north": {
					"uv": [6.489889705882353, 7.5, 5.5, 8.5],
					"texture": "#0"
				},
				"east": {
					"uv": [5.5, 7.5, 6.489889705882353, 8.5],
					"texture": "#0"
				},
				"south": {
					"uv": [5.5, 7.5, 6.489583333333333, 8.5],
					"texture": "#0"
				},
				"west": {
					"uv": [5.5, 7.5, 6.489889705882353, 8.5],
					"texture": "#0"
				},
				"up": {
					"uv": [
						5.5,
						7.5,
						6.489889705882353,
						8.489889705882353
					],
					"texture": "#0",
					"rotation": 180
				},
				"down": {
					"uv": [
						5.5,
						7.5,
						6.489889705882353,
						8.489889705882353
					],
					"texture": "#0",
					"rotation": 180
				}
			},
			"rotation": {
				"origin": [2, 8, 8],
				"axis": "y",
				"angle": 0
			},
			"type": "cube"
		},
		{
			"name": "cube",
			"from": [6, 7, 7.5],
			"to": [7, 8, 8.5],
			"faces": {
				"north": {"uv": [7, 8, 6, 9], "texture": "#0"},
				"east": {"uv": [6, 8, 7, 9], "texture": "#0"},
				"south": {"uv": [6, 8, 7, 9], "texture": "#0"},
				"west": {"uv": [6, 8, 7, 9], "texture": "#0"},
				"up": {
					"uv": [6, 8, 7, 9],
					"texture": "#0",
					"rotation": 180
				},
				"down": {
					"uv": [6, 8, 7, 9],
					"texture": "#0",
					"rotation": 180
				}
			},
			"rotation": {
				"origin": [2, 8, 8],
				"axis": "y",
				"angle": 0
			},
			"type": "cube"
		},
		{
			"name": "cube",
			"from": [7.5, 8, 10],
			"to": [8.5, 10, 11],
			"faces": {
				"north": {"uv": [10, 6, 11, 8], "texture": "#0"},
				"east": {"uv": [11, 6, 10, 8], "texture": "#0"},
				"south": {"uv": [10, 6, 11, 8], "texture": "#0"},
				"west": {"uv": [10, 6, 11, 8], "texture": "#0"},
				"up": {
					"uv": [
						10,
						6,
						10.989889705882353,
						6.989889705882353
					],
					"texture": "#0",
					"rotation": 90
				},
				"down": {
					"uv": [
						10,
						7,
						10.989889705882353,
						7.989889705882353
					],
					"texture": "#0",
					"rotation": 270
				}
			},
			"rotation": {
				"origin": [8, 8, 14],
				"axis": "y",
				"angle": 0
			},
			"type": "cube"
		},
		{
			"name": "cube",
			"from": [7.51, 7.5, 9.5],
			"to": [8.5, 8.5, 10.49],
			"faces": {
				"north": {
					"uv": [9.5, 7.5, 10.489889705882353, 8.5],
					"texture": "#0"
				},
				"east": {
					"uv": [10.489583333333334, 7.5, 9.5, 8.5],
					"texture": "#0"
				},
				"south": {
					"uv": [9.5, 7.5, 10.489889705882353, 8.5],
					"texture": "#0"
				},
				"west": {
					"uv": [9.5, 7.5, 10.489889705882353, 8.5],
					"texture": "#0"
				},
				"up": {
					"uv": [
						9.5,
						7.5,
						10.489889705882353,
						8.489889705882353
					],
					"texture": "#0",
					"rotation": 90
				},
				"down": {
					"uv": [
						9.5,
						7.5,
						10.489889705882353,
						8.489889705882353
					],
					"texture": "#0",
					"rotation": 270
				}
			},
			"rotation": {
				"origin": [8, 8, 14],
				"axis": "y",
				"angle": 0
			},
			"type": "cube"
		},
		{
			"name": "cube",
			"from": [7.5, 7, 9],
			"to": [8.5, 8, 10],
			"faces": {
				"north": {"uv": [9, 8, 10, 9], "texture": "#0"},
				"east": {"uv": [10, 8, 9, 9], "texture": "#0"},
				"south": {"uv": [9, 8, 10, 9], "texture": "#0"},
				"west": {"uv": [9, 8, 10, 9], "texture": "#0"},
				"up": {
					"uv": [9, 8, 10, 9],
					"texture": "#0",
					"rotation": 90
				},
				"down": {
					"uv": [9, 8, 10, 9],
					"texture": "#0",
					"rotation": 270
				}
			},
			"rotation": {
				"origin": [8, 8, 14],
				"axis": "y",
				"angle": 0
			},
			"type": "cube"
		},
		{
			"name": "cube",
			"from": [7.5, 8, 5],
			"to": [8.5, 10, 6],
			"faces": {
				"north": {"uv": [10, 6, 11, 8], "texture": "#0"},
				"east": {"uv": [10, 6, 11, 8], "texture": "#0"},
				"south": {"uv": [10, 6, 11, 8], "texture": "#0"},
				"west": {"uv": [11, 6, 10, 8], "texture": "#0"},
				"up": {
					"uv": [
						10,
						6,
						10.989889705882353,
						6.989889705882353
					],
					"texture": "#0",
					"rotation": 270
				},
				"down": {
					"uv": [
						10,
						7,
						10.989889705882353,
						7.989889705882353
					],
					"texture": "#0",
					"rotation": 90
				}
			},
			"rotation": {
				"origin": [8, 8, 2],
				"axis": "y",
				"angle": 0
			},
			"type": "cube"
		},
		{
			"name": "cube",
			"from": [7.5, 7.5, 5.51],
			"to": [8.49, 8.5, 6.5],
			"faces": {
				"north": {
					"uv": [9.5, 7.5, 10.489889705882353, 8.5],
					"texture": "#0"
				},
				"east": {
					"uv": [9.5, 7.5, 10.489889705882353, 8.5],
					"texture": "#0"
				},
				"south": {
					"uv": [9.5, 7.5, 10.489889705882353, 8.5],
					"texture": "#0"
				},
				"west": {
					"uv": [10.489583333333334, 7.5, 9.5, 8.5],
					"texture": "#0"
				},
				"up": {
					"uv": [
						9.5,
						7.5,
						10.489889705882353,
						8.489889705882353
					],
					"texture": "#0",
					"rotation": 270
				},
				"down": {
					"uv": [
						9.5,
						7.5,
						10.489889705882353,
						8.489889705882353
					],
					"texture": "#0",
					"rotation": 90
				}
			},
			"rotation": {
				"origin": [8, 8, 2],
				"axis": "y",
				"angle": 0
			},
			"type": "cube"
		},
		{
			"name": "cube",
			"from": [7.5, 7, 6],
			"to": [8.5, 8, 7],
			"faces": {
				"north": {"uv": [9, 8, 10, 9], "texture": "#0"},
				"east": {"uv": [9, 8, 10, 9], "texture": "#0"},
				"south": {"uv": [9, 8, 10, 9], "texture": "#0"},
				"west": {"uv": [10, 8, 9, 9], "texture": "#0"},
				"up": {
					"uv": [9, 8, 10, 9],
					"texture": "#0",
					"rotation": 270
				},
				"down": {
					"uv": [9, 8, 10, 9],
					"texture": "#0",
					"rotation": 90
				}
			},
			"rotation": {
				"origin": [8, 8, 2],
				"axis": "y",
				"angle": 0
			},
			"type": "cube"
		}
	],
	"groups": [
		0,
		{
			"name": "group",
			"isOpen": true,
			"display": {"visibility": true, "autouv": true},
			"children": [1, 2, 3]
		},
		{
			"name": "group",
			"display": {"visibility": true, "autouv": true},
			"children": [4, 5, 6]
		},
		{
			"name": "group",
			"isOpen": true,
			"display": {"visibility": true, "autouv": true},
			"children": [7, 8, 9]
		},
		{
			"name": "group",
			"display": {"visibility": true, "autouv": true},
			"children": [10, 11, 12]
		}
	],
	"display": {
		"thirdperson_righthand": {
			"scale": [1, 1, 1],
			"rotation": [0, 0, 0],
			"translation": [0, 5.5, 1.5]
		},
		"ground": {
			"scale": [0.5, 0.5, 0.5],
			"rotation": [0, 0, 0],
			"translation": [0, 2, 0]
		},
		"fixed": {
			"scale": [1, 1, 1],
			"rotation": [0, 45, 0],
			"translation": [0, 0, 0]
		},
		"gui": {"scale": [1, 1, 1], "rotation": [30, 45, 0]},
		"thirdperson_lefthand": {
			"scale": [1, 1, 1],
			"rotation": [0, 0, 0],
			"translation": [0, 5.5, 1.5]
		},
		"firstperson_righthand": {
			"scale": [0.68, 0.68, 0.68],
			"rotation": [0, -90, 25],
			"translation": [1.13, 3.2, 0]
		},
		"firstperson_lefthand": {
			"scale": [0.68, 0.68, 0.68],
			"rotation": [0, 90, -25],
			"translation": [1.13, 3.2, 0]
		},
		"head": {
			"scale": [1, 1, 1],
			"rotation": [0, 180, 0],
			"translation": [0, 13, 7]
		}
	}
}